Hoy, 5/24/2026 7:44:41 AM;\\VBoxSvr\shared_data\tutorial\windows_shell_reverse_tcp_rc4.exe;Detectados;Objeto malicioso detectado;HEUR:Trojan.Win32.Generic;Análisis experto;Archivo;\\VBoxSvr\shared_data\tutorial;windows_shell_reverse_tcp_rc4.exe;Detectados;Troyano;Alta;Parcial;TFM-VI\V;Usuario activo
Hoy, 5/24/2026 7:44:41 AM;\\VBoxSvr\shared_data\tutorial\windows_pingback_reverse_tcp.exe;Detectados;Objeto malicioso detectado;HEUR:Trojan.Win32.Generic;Análisis experto;Archivo;\\VBoxSvr\shared_data\tutorial;windows_pingback_reverse_tcp.exe;Detectados;Troyano;Alta;Parcial;TFM-VI\V;Usuario activo
Hoy, 5/24/2026 7:44:42 AM;\\VBoxSvr\shared_data\tutorial\windows_pingback_bind_tcp.exe;Detectados;Objeto malicioso detectado;HEUR:Trojan.Win32.Generic;Análisis experto;Archivo;\\VBoxSvr\shared_data\tutorial;windows_pingback_bind_tcp.exe;Detectados;Troyano;Alta;Parcial;TFM-VI\V;Usuario activo
Hoy, 5/24/2026 7:44:43 AM;\\VBoxSvr\shared_data\tutorial\windows_shell_hidden_bind_tcp.exe.reloc;Detectados;Objeto malicioso detectado;HEUR:Trojan.Win32.Generic;Análisis experto;Archivo;\\VBoxSvr\shared_data\tutorial;windows_shell_hidden_bind_tcp.exe.reloc;Detectados;Troyano;Alta;Parcial;TFM-VI\V;Usuario activo
Hoy, 5/24/2026 7:44:45 AM;\\VBoxSvr\shared_data\tutorial\windows_shell_bind_tcp.exe.reloc;Detectados;Objeto malicioso detectado;HEUR:Trojan.Win32.Generic;Análisis experto;Archivo;\\VBoxSvr\shared_data\tutorial;windows_shell_bind_tcp.exe.reloc;Detectados;Troyano;Alta;Parcial;TFM-VI\V;Usuario activo
Hoy, 5/24/2026 7:44:45 AM;\\VBoxSvr\shared_data\tutorial\windows_exec.exe;Detectados;Objeto malicioso detectado;HEUR:Trojan.Win32.Generic;Análisis experto;Archivo;\\VBoxSvr\shared_data\tutorial;windows_exec.exe;Detectados;Troyano;Alta;Análisis heurístico;TFM-VI\V;Usuario activo
Hoy, 5/24/2026 7:44:46 AM;\\VBoxSvr\shared_data\tutorial\windows_powershell_reverse_tcp.exe.reloc;Detectados;Objeto malicioso detectado;HEUR:Trojan.Win32.Generic;Análisis experto;Archivo;\\VBoxSvr\shared_data\tutorial;windows_powershell_reverse_tcp.exe.reloc;Detectados;Troyano;Alta;Análisis heurístico;TFM-VI\V;Usuario activo
Hoy, 5/24/2026 7:44:47 AM;\\VBoxSvr\shared_data\tutorial\windows_pingback_bind_tcp.exe.reloc;Detectados;Objeto malicioso detectado;HEUR:Trojan.Win32.Generic;Análisis experto;Archivo;\\VBoxSvr\shared_data\tutorial;windows_pingback_bind_tcp.exe.reloc;Detectados;Troyano;Alta;Parcial;TFM-VI\V;Usuario activo
Hoy, 5/24/2026 7:44:48 AM;\\VBoxSvr\shared_data\tutorial\windows_powershell_reverse_tcp.exe;Detectados;Objeto malicioso detectado;HEUR:Trojan.Win32.Generic;Análisis experto;Archivo;\\VBoxSvr\shared_data\tutorial;windows_powershell_reverse_tcp.exe;Detectados;Troyano;Alta;Análisis heurístico;TFM-VI\V;Usuario activo
Hoy, 5/24/2026 7:44:48 AM;\\VBoxSvr\shared_data\tutorial\windows_powershell_bind_tcp.exe;Detectados;Objeto malicioso detectado;HEUR:Trojan.Win32.Generic;Análisis experto;Archivo;\\VBoxSvr\shared_data\tutorial;windows_powershell_bind_tcp.exe;Detectados;Troyano;Alta;Análisis heurístico;TFM-VI\V;Usuario activo
Hoy, 5/24/2026 7:44:52 AM;\\VBoxSvr\shared_data\tutorial\windows_meterpreter_reverse_http.exe.reloc;Detectados;Objeto malicioso detectado;HEUR:Trojan.Win32.Generic;Análisis experto;Archivo;\\VBoxSvr\shared_data\tutorial;windows_meterpreter_reverse_http.exe.reloc;Detectados;Troyano;Alta;Parcial;TFM-VI\V;Usuario activo
Hoy, 5/24/2026 7:44:53 AM;\\VBoxSvr\shared_data\tutorial\windows_meterpreter_reverse_tcp.exe;Detectados;Objeto malicioso detectado;HEUR:Trojan.Win32.Generic;Análisis experto;Archivo;\\VBoxSvr\shared_data\tutorial;windows_meterpreter_reverse_tcp.exe;Detectados;Troyano;Alta;Parcial;TFM-VI\V;Usuario activo
Hoy, 5/24/2026 7:44:54 AM;\\VBoxSvr\shared_data\tutorial\windows_powershell_reverse_tcp_ssl.exe;Detectados;Objeto malicioso detectado;HEUR:Trojan.Win32.Generic;Análisis experto;Archivo;\\VBoxSvr\shared_data\tutorial;windows_powershell_reverse_tcp_ssl.exe;Detectados;Troyano;Alta;Análisis heurístico;TFM-VI\V;Usuario activo
Hoy, 5/24/2026 7:44:55 AM;\\VBoxSvr\shared_data\tutorial\windows_meterpreter_reverse_http.exe;Detectados;Objeto malicioso detectado;HEUR:Trojan.Win32.Generic;Análisis experto;Archivo;\\VBoxSvr\shared_data\tutorial;windows_meterpreter_reverse_http.exe;Detectados;Troyano;Alta;Parcial;TFM-VI\V;Usuario activo
Hoy, 5/24/2026 7:44:55 AM;\\VBoxSvr\shared_data\tutorial\windows_powershell_bind_tcp.exe.reloc;Detectados;Objeto malicioso detectado;HEUR:Trojan.Win32.Generic;Análisis experto;Archivo;\\VBoxSvr\shared_data\tutorial;windows_powershell_bind_tcp.exe.reloc;Detectados;Troyano;Alta;Análisis heurístico;TFM-VI\V;Usuario activo
Hoy, 5/24/2026 7:44:57 AM;\\VBoxSvr\shared_data\tutorial\windows_shell_bind_tcp.exe;Detectados;Objeto malicioso detectado;HEUR:Trojan.Win32.Generic;Análisis experto;Archivo;\\VBoxSvr\shared_data\tutorial;windows_shell_bind_tcp.exe;Detectados;Troyano;Alta;Parcial;TFM-VI\V;Usuario activo
Hoy, 5/24/2026 7:44:58 AM;\\VBoxSvr\shared_data\tutorial\windows_shell_bind_hidden_ipknock_tcp.exe.reloc;Detectados;Objeto malicioso detectado;HEUR:Trojan.Win32.Generic;Análisis experto;Archivo;\\VBoxSvr\shared_data\tutorial;windows_shell_bind_hidden_ipknock_tcp.exe.reloc;Detectados;Troyano;Alta;Parcial;TFM-VI\V;Usuario activo
Hoy, 5/24/2026 7:44:58 AM;\\VBoxSvr\shared_data\tutorial\windows_pingback_reverse_tcp.exe.reloc;Detectados;Objeto malicioso detectado;HEUR:Trojan.Win32.Generic;Análisis experto;Archivo;\\VBoxSvr\shared_data\tutorial;windows_pingback_reverse_tcp.exe.reloc;Detectados;Troyano;Alta;Parcial;TFM-VI\V;Usuario activo
Hoy, 5/24/2026 7:45:00 AM;\\VBoxSvr\shared_data\tutorial\windows_shell_reverse_tcp_rc4.exe.reloc;Detectados;Objeto malicioso detectado;HEUR:Trojan.Win32.Generic;Análisis experto;Archivo;\\VBoxSvr\shared_data\tutorial;windows_shell_reverse_tcp_rc4.exe.reloc;Detectados;Troyano;Alta;Parcial;TFM-VI\V;Usuario activo
Hoy, 5/24/2026 7:45:00 AM;\\VBoxSvr\shared_data\tutorial\windows_shell_hidden_bind_tcp.exe;Detectados;Objeto malicioso detectado;HEUR:Trojan.Win32.Generic;Análisis experto;Archivo;\\VBoxSvr\shared_data\tutorial;windows_shell_hidden_bind_tcp.exe;Detectados;Troyano;Alta;Parcial;TFM-VI\V;Usuario activo
Hoy, 5/24/2026 7:45:00 AM;\\VBoxSvr\shared_data\tutorial\windows_shell_bind_hidden_ipknock_tcp.exe;Detectados;Objeto malicioso detectado;HEUR:Trojan.Win32.Generic;Análisis experto;Archivo;\\VBoxSvr\shared_data\tutorial;windows_shell_bind_hidden_ipknock_tcp.exe;Detectados;Troyano;Alta;Parcial;TFM-VI\V;Usuario activo
Hoy, 5/24/2026 7:45:01 AM;\\VBoxSvr\shared_data\tutorial\windows_exec.exe.reloc;Detectados;Objeto malicioso detectado;HEUR:Trojan.Win32.Generic;Análisis experto;Archivo;\\VBoxSvr\shared_data\tutorial;windows_exec.exe.reloc;Detectados;Troyano;Alta;Análisis heurístico;TFM-VI\V;Usuario activo
Hoy, 5/24/2026 7:45:01 AM;\\VBoxSvr\shared_data\tutorial\windows_meterpreter_bind_tcp.exe.reloc;Detectados;Objeto malicioso detectado;HEUR:Trojan.Win32.Generic;Análisis experto;Archivo;\\VBoxSvr\shared_data\tutorial;windows_meterpreter_bind_tcp.exe.reloc;Detectados;Troyano;Alta;Parcial;TFM-VI\V;Usuario activo
Hoy, 5/24/2026 7:45:01 AM;\\VBoxSvr\shared_data\tutorial\windows_meterpreter_bind_tcp.exe;Detectados;Objeto malicioso detectado;HEUR:Trojan.Win32.Generic;Análisis experto;Archivo;\\VBoxSvr\shared_data\tutorial;windows_meterpreter_bind_tcp.exe;Detectados;Troyano;Alta;Parcial;TFM-VI\V;Usuario activo
Hoy, 5/24/2026 7:45:02 AM;\\VBoxSvr\shared_data\tutorial\windows_powershell_reverse_tcp_ssl.exe.reloc;Detectados;Objeto malicioso detectado;HEUR:Trojan.Win32.Generic;Análisis experto;Archivo;\\VBoxSvr\shared_data\tutorial;windows_powershell_reverse_tcp_ssl.exe.reloc;Detectados;Troyano;Alta;Análisis heurístico;TFM-VI\V;Usuario activo
Hoy, 5/24/2026 7:45:03 AM;\\VBoxSvr\shared_data\tutorial\windows_meterpreter_reverse_https.exe.reloc;Detectados;Objeto malicioso detectado;HEUR:Trojan.Win32.Generic;Análisis experto;Archivo;\\VBoxSvr\shared_data\tutorial;windows_meterpreter_reverse_https.exe.reloc;Detectados;Troyano;Alta;Parcial;TFM-VI\V;Usuario activo
Hoy, 5/24/2026 7:45:05 AM;\\VBoxSvr\shared_data\tutorial\windows_encrypted_shell_reverse_tcp.exe;Detectados;Objeto malicioso detectado;HEUR:Trojan.Win32.Generic;Análisis experto;Archivo;\\VBoxSvr\shared_data\tutorial;windows_encrypted_shell_reverse_tcp.exe;Detectados;Troyano;Alta;Parcial;TFM-VI\V;Usuario activo
Hoy, 5/24/2026 7:45:06 AM;\\VBoxSvr\shared_data\tutorial\windows_encrypted_shell_reverse_tcp.exe.reloc;Detectados;Objeto malicioso detectado;HEUR:Trojan.Win32.Generic;Análisis experto;Archivo;\\VBoxSvr\shared_data\tutorial;windows_encrypted_shell_reverse_tcp.exe.reloc;Detectados;Troyano;Alta;Parcial;TFM-VI\V;Usuario activo
Hoy, 5/24/2026 7:45:06 AM;\\VBoxSvr\shared_data\tutorial\windows_meterpreter_reverse_tcp.exe.reloc;Detectados;Objeto malicioso detectado;HEUR:Trojan.Win32.Generic;Análisis experto;Archivo;\\VBoxSvr\shared_data\tutorial;windows_meterpreter_reverse_tcp.exe.reloc;Detectados;Troyano;Alta;Parcial;TFM-VI\V;Usuario activo
Hoy, 5/24/2026 7:45:06 AM;\\VBoxSvr\shared_data\tutorial\windows_meterpreter_reverse_https.exe;Detectados;Objeto malicioso detectado;HEUR:Trojan.Win32.Generic;Análisis experto;Archivo;\\VBoxSvr\shared_data\tutorial;windows_meterpreter_reverse_https.exe;Detectados;Troyano;Alta;Parcial;TFM-VI\V;Usuario activo
Hoy, 5/24/2026 7:45:06 AM;\\VBoxSvr\shared_data\raw\windows_shell_hidden_bind_tcp.exe.text.data;Detectados;Objeto malicioso detectado;HEUR:Trojan.Win32.Generic;Análisis experto;Archivo;\\VBoxSvr\shared_data\raw;windows_shell_hidden_bind_tcp.exe.text.data;Detectados;Troyano;Alta;Parcial;TFM-VI\V;Usuario activo
Hoy, 5/24/2026 7:45:06 AM;\\VBoxSvr\shared_data\raw\windows_shell_reverse_tcp_rc4.exe;Detectados;Objeto malicioso detectado;HEUR:Trojan.Win32.Generic;Análisis experto;Archivo;\\VBoxSvr\shared_data\raw;windows_shell_reverse_tcp_rc4.exe;Detectados;Troyano;Alta;Parcial;TFM-VI\V;Usuario activo
Hoy, 5/24/2026 7:45:06 AM;\\VBoxSvr\shared_data\raw\windows_shell_reverse_tcp_rc4.exe._header_.reloc;Detectados;Objeto malicioso detectado;HEUR:Trojan.Win32.Shella.gen;Análisis experto;Archivo;\\VBoxSvr\shared_data\raw;windows_shell_reverse_tcp_rc4.exe._header_.reloc;Detectados;Troyano;Alta;Análisis heurístico;TFM-VI\V;Usuario activo
Hoy, 5/24/2026 7:45:06 AM;\\VBoxSvr\shared_data\raw\windows_shell_reverse_tcp_rc4.exe._header_.data.reloc;Detectados;Objeto malicioso detectado;HEUR:Trojan.Win32.Shella.gen;Análisis experto;Archivo;\\VBoxSvr\shared_data\raw;windows_shell_reverse_tcp_rc4.exe._header_.data.reloc;Detectados;Troyano;Alta;Análisis heurístico;TFM-VI\V;Usuario activo
Hoy, 5/24/2026 7:45:07 AM;\\VBoxSvr\shared_data\raw\windows_shell_bind_tcp.exe._header_.data.reloc;Detectados;Objeto malicioso detectado;HEUR:Trojan.Win32.Shelma.gen;Análisis experto;Archivo;\\VBoxSvr\shared_data\raw;windows_shell_bind_tcp.exe._header_.data.reloc;Detectados;Troyano;Alta;Análisis heurístico;TFM-VI\V;Usuario activo
Hoy, 5/24/2026 7:45:07 AM;\\VBoxSvr\shared_data\raw\windows_pingback_bind_tcp.exe.rdata.reloc;Detectados;Objeto malicioso detectado;HEUR:Trojan.Win32.Generic;Análisis experto;Archivo;\\VBoxSvr\shared_data\raw;windows_pingback_bind_tcp.exe.rdata.reloc;Detectados;Troyano;Alta;Parcial;TFM-VI\V;Usuario activo
Hoy, 5/24/2026 7:45:07 AM;\\VBoxSvr\shared_data\raw\windows_powershell_reverse_tcp.exe.text.reloc;Detectados;Objeto malicioso detectado;HEUR:Trojan.Win32.Generic;Análisis experto;Archivo;\\VBoxSvr\shared_data\raw;windows_powershell_reverse_tcp.exe.text.reloc;Detectados;Troyano;Alta;Análisis heurístico;TFM-VI\V;Usuario activo
Hoy, 5/24/2026 7:45:07 AM;\\VBoxSvr\shared_data\raw\windows_pingback_reverse_tcp.exe.text.reloc;Detectados;Objeto malicioso detectado;HEUR:Trojan.Win32.Generic;Análisis experto;Archivo;\\VBoxSvr\shared_data\raw;windows_pingback_reverse_tcp.exe.text.reloc;Detectados;Troyano;Alta;Parcial;TFM-VI\V;Usuario activo
Hoy, 5/24/2026 7:45:07 AM;\\VBoxSvr\shared_data\raw\windows_meterpreter_reverse_https.exe.data.reloc;Detectados;Objeto malicioso detectado;HEUR:Trojan.Win32.Generic;Análisis experto;Archivo;\\VBoxSvr\shared_data\raw;windows_meterpreter_reverse_https.exe.data.reloc;Detectados;Troyano;Alta;Parcial;TFM-VI\V;Usuario activo
Hoy, 5/24/2026 7:45:07 AM;\\VBoxSvr\shared_data\raw\windows_powershell_reverse_tcp.exe.text.data;Detectados;Objeto malicioso detectado;HEUR:Trojan.Win32.Generic;Análisis experto;Archivo;\\VBoxSvr\shared_data\raw;windows_powershell_reverse_tcp.exe.text.data;Detectados;Troyano;Alta;Análisis heurístico;TFM-VI\V;Usuario activo
Hoy, 5/24/2026 7:45:08 AM;\\VBoxSvr\shared_data\raw\windows_exec.exe.text.data.reloc;Detectados;Objeto malicioso detectado;HEUR:Trojan.Win32.Generic;Análisis experto;Archivo;\\VBoxSvr\shared_data\raw;windows_exec.exe.text.data.reloc;Detectados;Troyano;Alta;Análisis heurístico;TFM-VI\V;Usuario activo
Hoy, 5/24/2026 7:45:08 AM;\\VBoxSvr\shared_data\raw\windows_pingback_reverse_tcp.exe;Detectados;Objeto malicioso detectado;HEUR:Trojan.Win32.Generic;Análisis experto;Archivo;\\VBoxSvr\shared_data\raw;windows_pingback_reverse_tcp.exe;Detectados;Troyano;Alta;Parcial;TFM-VI\V;Usuario activo
Hoy, 5/24/2026 7:45:08 AM;\\VBoxSvr\shared_data\raw\windows_pingback_reverse_tcp.exe.data.reloc;Detectados;Objeto malicioso detectado;HEUR:Trojan.Win32.Generic;Análisis experto;Archivo;\\VBoxSvr\shared_data\raw;windows_pingback_reverse_tcp.exe.data.reloc;Detectados;Troyano;Alta;Parcial;TFM-VI\V;Usuario activo
Hoy, 5/24/2026 7:45:08 AM;\\VBoxSvr\shared_data\raw\windows_pingback_reverse_tcp.exe.text;Detectados;Objeto malicioso detectado;HEUR:Trojan.Win32.Generic;Análisis experto;Archivo;\\VBoxSvr\shared_data\raw;windows_pingback_reverse_tcp.exe.text;Detectados;Troyano;Alta;Parcial;TFM-VI\V;Usuario activo
Hoy, 5/24/2026 7:45:08 AM;\\VBoxSvr\shared_data\raw\windows_exec.exe.rdata.reloc;Detectados;Objeto malicioso detectado;HEUR:Trojan.Win32.Generic;Análisis experto;Archivo;\\VBoxSvr\shared_data\raw;windows_exec.exe.rdata.reloc;Detectados;Troyano;Alta;Análisis heurístico;TFM-VI\V;Usuario activo
Hoy, 5/24/2026 7:45:08 AM;\\VBoxSvr\shared_data\raw\windows_shell_reverse_tcp_rc4.exe.rdata;Detectados;Objeto malicioso detectado;HEUR:Trojan.Win32.Generic;Análisis experto;Archivo;\\VBoxSvr\shared_data\raw;windows_shell_reverse_tcp_rc4.exe.rdata;Detectados;Troyano;Alta;Parcial;TFM-VI\V;Usuario activo
Hoy, 5/24/2026 7:45:08 AM;\\VBoxSvr\shared_data\raw\windows_encrypted_shell_reverse_tcp.exe.text.reloc;Detectados;Objeto malicioso detectado;HEUR:Trojan.Win32.Generic;Análisis experto;Archivo;\\VBoxSvr\shared_data\raw;windows_encrypted_shell_reverse_tcp.exe.text.reloc;Detectados;Troyano;Alta;Parcial;TFM-VI\V;Usuario activo
Hoy, 5/24/2026 7:45:08 AM;\\VBoxSvr\shared_data\raw\windows_exec.exe.text.rdata.reloc;Detectados;Objeto malicioso detectado;HEUR:Trojan.Win32.Generic;Análisis experto;Archivo;\\VBoxSvr\shared_data\raw;windows_exec.exe.text.rdata.reloc;Detectados;Troyano;Alta;Análisis heurístico;TFM-VI\V;Usuario activo
Hoy, 5/24/2026 7:45:09 AM;\\VBoxSvr\shared_data\raw\windows_shell_bind_tcp.exe.data;Detectados;Objeto malicioso detectado;HEUR:Trojan.Win32.Generic;Análisis experto;Archivo;\\VBoxSvr\shared_data\raw;windows_shell_bind_tcp.exe.data;Detectados;Troyano;Alta;Parcial;TFM-VI\V;Usuario activo
Hoy, 5/24/2026 7:45:09 AM;\\VBoxSvr\shared_data\raw\windows_pingback_bind_tcp.exe.rdata;Detectados;Objeto malicioso detectado;HEUR:Trojan.Win32.Generic;Análisis experto;Archivo;\\VBoxSvr\shared_data\raw;windows_pingback_bind_tcp.exe.rdata;Detectados;Troyano;Alta;Parcial;TFM-VI\V;Usuario activo
Hoy, 5/24/2026 7:45:09 AM;\\VBoxSvr\shared_data\raw\windows_shell_bind_hidden_ipknock_tcp.exe.text.rdata;Detectados;Objeto malicioso detectado;HEUR:Trojan.Win32.Generic;Análisis experto;Archivo;\\VBoxSvr\shared_data\raw;windows_shell_bind_hidden_ipknock_tcp.exe.text.rdata;Detectados;Troyano;Alta;Parcial;TFM-VI\V;Usuario activo
Hoy, 5/24/2026 7:45:09 AM;\\VBoxSvr\shared_data\raw\windows_meterpreter_bind_tcp.exe.data.reloc;Detectados;Objeto malicioso detectado;HEUR:Trojan.Win32.Generic;Análisis experto;Archivo;\\VBoxSvr\shared_data\raw;windows_meterpreter_bind_tcp.exe.data.reloc;Detectados;Troyano;Alta;Parcial;TFM-VI\V;Usuario activo
Hoy, 5/24/2026 7:45:10 AM;\\VBoxSvr\shared_data\raw\windows_shell_bind_tcp.exe.text.data;Detectados;Objeto malicioso detectado;HEUR:Trojan.Win32.Generic;Análisis experto;Archivo;\\VBoxSvr\shared_data\raw;windows_shell_bind_tcp.exe.text.data;Detectados;Troyano;Alta;Parcial;TFM-VI\V;Usuario activo
Hoy, 5/24/2026 7:45:10 AM;\\VBoxSvr\shared_data\raw\windows_shell_bind_tcp.exe.text.reloc;Detectados;Objeto malicioso detectado;HEUR:Trojan.Win32.Generic;Análisis experto;Archivo;\\VBoxSvr\shared_data\raw;windows_shell_bind_tcp.exe.text.reloc;Detectados;Troyano;Alta;Parcial;TFM-VI\V;Usuario activo
Hoy, 5/24/2026 7:45:10 AM;\\VBoxSvr\shared_data\raw\windows_powershell_reverse_tcp_ssl.exe.text.rdata;Detectados;Objeto malicioso detectado;HEUR:Trojan.Win32.Generic;Análisis experto;Archivo;\\VBoxSvr\shared_data\raw;windows_powershell_reverse_tcp_ssl.exe.text.rdata;Detectados;Troyano;Alta;Análisis heurístico;TFM-VI\V;Usuario activo
Hoy, 5/24/2026 7:45:10 AM;\\VBoxSvr\shared_data\raw\windows_shell_hidden_bind_tcp.exe.rdata.data;Detectados;Objeto malicioso detectado;HEUR:Trojan.Win32.Generic;Análisis experto;Archivo;\\VBoxSvr\shared_data\raw;windows_shell_hidden_bind_tcp.exe.rdata.data;Detectados;Troyano;Alta;Parcial;TFM-VI\V;Usuario activo
Hoy, 5/24/2026 7:45:10 AM;\\VBoxSvr\shared_data\raw\windows_pingback_reverse_tcp.exe.rdata.data;Detectados;Objeto malicioso detectado;HEUR:Trojan.Win32.Generic;Análisis experto;Archivo;\\VBoxSvr\shared_data\raw;windows_pingback_reverse_tcp.exe.rdata.data;Detectados;Troyano;Alta;Parcial;TFM-VI\V;Usuario activo
Hoy, 5/24/2026 7:45:10 AM;\\VBoxSvr\shared_data\raw\windows_shell_bind_tcp.exe._header_.data;Detectados;Objeto malicioso detectado;HEUR:Trojan.Win32.Shelma.gen;Análisis experto;Archivo;\\VBoxSvr\shared_data\raw;windows_shell_bind_tcp.exe._header_.data;Detectados;Troyano;Alta;Análisis heurístico;TFM-VI\V;Usuario activo
Hoy, 5/24/2026 7:45:11 AM;\\VBoxSvr\shared_data\raw\windows_meterpreter_reverse_https.exe.text.reloc;Detectados;Objeto malicioso detectado;HEUR:Trojan.Win32.Generic;Análisis experto;Archivo;\\VBoxSvr\shared_data\raw;windows_meterpreter_reverse_https.exe.text.reloc;Detectados;Troyano;Alta;Parcial;TFM-VI\V;Usuario activo
Hoy, 5/24/2026 7:45:11 AM;\\VBoxSvr\shared_data\raw\windows_powershell_reverse_tcp_ssl.exe.data.reloc;Detectados;Objeto malicioso detectado;HEUR:Trojan.Win32.Generic;Análisis experto;Archivo;\\VBoxSvr\shared_data\raw;windows_powershell_reverse_tcp_ssl.exe.data.reloc;Detectados;Troyano;Alta;Análisis heurístico;TFM-VI\V;Usuario activo
Hoy, 5/24/2026 7:45:11 AM;\\VBoxSvr\shared_data\raw\windows_meterpreter_reverse_http.exe.text.reloc;Detectados;Objeto malicioso detectado;HEUR:Trojan.Win32.Generic;Análisis experto;Archivo;\\VBoxSvr\shared_data\raw;windows_meterpreter_reverse_http.exe.text.reloc;Detectados;Troyano;Alta;Parcial;TFM-VI\V;Usuario activo
Hoy, 5/24/2026 7:45:11 AM;\\VBoxSvr\shared_data\raw\windows_meterpreter_bind_tcp.exe.text.reloc;Detectados;Objeto malicioso detectado;HEUR:Trojan.Win32.Generic;Análisis experto;Archivo;\\VBoxSvr\shared_data\raw;windows_meterpreter_bind_tcp.exe.text.reloc;Detectados;Troyano;Alta;Parcial;TFM-VI\V;Usuario activo
Hoy, 5/24/2026 7:45:11 AM;\\VBoxSvr\shared_data\raw\windows_shell_bind_tcp.exe.rdata.reloc;Detectados;Objeto malicioso detectado;HEUR:Trojan.Win32.Generic;Análisis experto;Archivo;\\VBoxSvr\shared_data\raw;windows_shell_bind_tcp.exe.rdata.reloc;Detectados;Troyano;Alta;Parcial;TFM-VI\V;Usuario activo
Hoy, 5/24/2026 7:45:11 AM;\\VBoxSvr\shared_data\raw\windows_pingback_bind_tcp.exe;Detectados;Objeto malicioso detectado;HEUR:Trojan.Win32.Generic;Análisis experto;Archivo;\\VBoxSvr\shared_data\raw;windows_pingback_bind_tcp.exe;Detectados;Troyano;Alta;Parcial;TFM-VI\V;Usuario activo
Hoy, 5/24/2026 7:45:12 AM;\\VBoxSvr\shared_data\raw\windows_meterpreter_reverse_tcp.exe.text.data.reloc;Detectados;Objeto malicioso detectado;HEUR:Trojan.Win32.Generic;Análisis experto;Archivo;\\VBoxSvr\shared_data\raw;windows_meterpreter_reverse_tcp.exe.text.data.reloc;Detectados;Troyano;Alta;Parcial;TFM-VI\V;Usuario activo
Hoy, 5/24/2026 7:45:12 AM;\\VBoxSvr\shared_data\raw\windows_shell_bind_hidden_ipknock_tcp.exe.rdata.reloc;Detectados;Objeto malicioso detectado;HEUR:Trojan.Win32.Generic;Análisis experto;Archivo;\\VBoxSvr\shared_data\raw;windows_shell_bind_hidden_ipknock_tcp.exe.rdata.reloc;Detectados;Troyano;Alta;Parcial;TFM-VI\V;Usuario activo
Hoy, 5/24/2026 7:45:12 AM;\\VBoxSvr\shared_data\raw\windows_powershell_bind_tcp.exe.rdata;Detectados;Objeto malicioso detectado;HEUR:Trojan.Win32.Generic;Análisis experto;Archivo;\\VBoxSvr\shared_data\raw;windows_powershell_bind_tcp.exe.rdata;Detectados;Troyano;Alta;Análisis heurístico;TFM-VI\V;Usuario activo
Hoy, 5/24/2026 7:45:12 AM;\\VBoxSvr\shared_data\raw\windows_encrypted_shell_reverse_tcp.exe.rdata.reloc;Detectados;Objeto malicioso detectado;HEUR:Trojan.Win32.Generic;Análisis experto;Archivo;\\VBoxSvr\shared_data\raw;windows_encrypted_shell_reverse_tcp.exe.rdata.reloc;Detectados;Troyano;Alta;Parcial;TFM-VI\V;Usuario activo
Hoy, 5/24/2026 7:45:12 AM;\\VBoxSvr\shared_data\raw\windows_meterpreter_reverse_http.exe.text.data;Detectados;Objeto malicioso detectado;HEUR:Trojan.Win32.Generic;Análisis experto;Archivo;\\VBoxSvr\shared_data\raw;windows_meterpreter_reverse_http.exe.text.data;Detectados;Troyano;Alta;Parcial;TFM-VI\V;Usuario activo
Hoy, 5/24/2026 7:45:12 AM;\\VBoxSvr\shared_data\raw\windows_shell_hidden_bind_tcp.exe.data.reloc;Detectados;Objeto malicioso detectado;HEUR:Trojan.Win32.Generic;Análisis experto;Archivo;\\VBoxSvr\shared_data\raw;windows_shell_hidden_bind_tcp.exe.data.reloc;Detectados;Troyano;Alta;Parcial;TFM-VI\V;Usuario activo
Hoy, 5/24/2026 7:45:12 AM;\\VBoxSvr\shared_data\raw\windows_shell_hidden_bind_tcp.exe.reloc;Detectados;Objeto malicioso detectado;HEUR:Trojan.Win32.Generic;Análisis experto;Archivo;\\VBoxSvr\shared_data\raw;windows_shell_hidden_bind_tcp.exe.reloc;Detectados;Troyano;Alta;Parcial;TFM-VI\V;Usuario activo
Hoy, 5/24/2026 7:45:12 AM;\\VBoxSvr\shared_data\raw\windows_powershell_bind_tcp.exe.data.reloc;Detectados;Objeto malicioso detectado;HEUR:Trojan.Win32.Generic;Análisis experto;Archivo;\\VBoxSvr\shared_data\raw;windows_powershell_bind_tcp.exe.data.reloc;Detectados;Troyano;Alta;Análisis heurístico;TFM-VI\V;Usuario activo
Hoy, 5/24/2026 7:45:12 AM;\\VBoxSvr\shared_data\raw\windows_powershell_reverse_tcp_ssl.exe.text;Detectados;Objeto malicioso detectado;HEUR:Trojan.Win32.Generic;Análisis experto;Archivo;\\VBoxSvr\shared_data\raw;windows_powershell_reverse_tcp_ssl.exe.text;Detectados;Troyano;Alta;Análisis heurístico;TFM-VI\V;Usuario activo
Hoy, 5/24/2026 7:45:12 AM;\\VBoxSvr\shared_data\raw\windows_shell_hidden_bind_tcp.exe.text.rdata.reloc;Detectados;Objeto malicioso detectado;HEUR:Trojan.Win32.Generic;Análisis experto;Archivo;\\VBoxSvr\shared_data\raw;windows_shell_hidden_bind_tcp.exe.text.rdata.reloc;Detectados;Troyano;Alta;Parcial;TFM-VI\V;Usuario activo
Hoy, 5/24/2026 7:45:13 AM;\\VBoxSvr\shared_data\raw\windows_shell_bind_hidden_ipknock_tcp.exe.rdata.data.reloc;Detectados;Objeto malicioso detectado;HEUR:Trojan.Win32.Generic;Análisis experto;Archivo;\\VBoxSvr\shared_data\raw;windows_shell_bind_hidden_ipknock_tcp.exe.rdata.data.reloc;Detectados;Troyano;Alta;Parcial;TFM-VI\V;Usuario activo
Hoy, 5/24/2026 7:45:13 AM;\\VBoxSvr\shared_data\raw\windows_powershell_bind_tcp.exe.rdata.reloc;Detectados;Objeto malicioso detectado;HEUR:Trojan.Win32.Generic;Análisis experto;Archivo;\\VBoxSvr\shared_data\raw;windows_powershell_bind_tcp.exe.rdata.reloc;Detectados;Troyano;Alta;Análisis heurístico;TFM-VI\V;Usuario activo
Hoy, 5/24/2026 7:45:13 AM;\\VBoxSvr\shared_data\raw\windows_encrypted_shell_reverse_tcp.exe.text.data.reloc;Detectados;Objeto malicioso detectado;HEUR:Trojan.Win32.Generic;Análisis experto;Archivo;\\VBoxSvr\shared_data\raw;windows_encrypted_shell_reverse_tcp.exe.text.data.reloc;Detectados;Troyano;Alta;Parcial;TFM-VI\V;Usuario activo
Hoy, 5/24/2026 7:45:13 AM;\\VBoxSvr\shared_data\raw\windows_shell_reverse_tcp_rc4.exe._header_;Detectados;Objeto malicioso detectado;HEUR:Trojan.Win32.Shella.gen;Análisis experto;Archivo;\\VBoxSvr\shared_data\raw;windows_shell_reverse_tcp_rc4.exe._header_;Detectados;Troyano;Alta;Análisis heurístico;TFM-VI\V;Usuario activo
Hoy, 5/24/2026 7:45:13 AM;\\VBoxSvr\shared_data\raw\windows_meterpreter_reverse_tcp.exe.text.rdata.data;Detectados;Objeto malicioso detectado;HEUR:Trojan.Win32.Generic;Análisis experto;Archivo;\\VBoxSvr\shared_data\raw;windows_meterpreter_reverse_tcp.exe.text.rdata.data;Detectados;Troyano;Alta;Parcial;TFM-VI\V;Usuario activo
Hoy, 5/24/2026 7:45:13 AM;\\VBoxSvr\shared_data\raw\windows_encrypted_shell_reverse_tcp.exe.data.reloc;Detectados;Objeto malicioso detectado;HEUR:Trojan.Win32.Generic;Análisis experto;Archivo;\\VBoxSvr\shared_data\raw;windows_encrypted_shell_reverse_tcp.exe.data.reloc;Detectados;Troyano;Alta;Parcial;TFM-VI\V;Usuario activo
Hoy, 5/24/2026 7:45:13 AM;\\VBoxSvr\shared_data\raw\windows_encrypted_shell_reverse_tcp.exe.text.rdata.reloc;Detectados;Objeto malicioso detectado;HEUR:Trojan.Win32.Generic;Análisis experto;Archivo;\\VBoxSvr\shared_data\raw;windows_encrypted_shell_reverse_tcp.exe.text.rdata.reloc;Detectados;Troyano;Alta;Parcial;TFM-VI\V;Usuario activo
Hoy, 5/24/2026 7:45:14 AM;\\VBoxSvr\shared_data\raw\windows_pingback_bind_tcp.exe.text;Detectados;Objeto malicioso detectado;HEUR:Trojan.Win32.Generic;Análisis experto;Archivo;\\VBoxSvr\shared_data\raw;windows_pingback_bind_tcp.exe.text;Detectados;Troyano;Alta;Parcial;TFM-VI\V;Usuario activo
Hoy, 5/24/2026 7:45:14 AM;\\VBoxSvr\shared_data\raw\windows_powershell_reverse_tcp.exe.text.rdata.data.reloc;Detectados;Objeto malicioso detectado;HEUR:Trojan.Win32.Generic;Análisis experto;Archivo;\\VBoxSvr\shared_data\raw;windows_powershell_reverse_tcp.exe.text.rdata.data.reloc;Detectados;Troyano;Alta;Análisis heurístico;TFM-VI\V;Usuario activo
Hoy, 5/24/2026 7:45:14 AM;\\VBoxSvr\shared_data\raw\windows_shell_reverse_tcp_rc4.exe.text.data.reloc;Detectados;Objeto malicioso detectado;HEUR:Trojan.Win32.Generic;Análisis experto;Archivo;\\VBoxSvr\shared_data\raw;windows_shell_reverse_tcp_rc4.exe.text.data.reloc;Detectados;Troyano;Alta;Parcial;TFM-VI\V;Usuario activo
Hoy, 5/24/2026 7:45:14 AM;\\VBoxSvr\shared_data\raw\windows_shell_bind_tcp.exe._header_.text.data.reloc;Detectados;Objeto malicioso detectado;HEUR:Trojan.Win32.Shelma.gen;Análisis experto;Archivo;\\VBoxSvr\shared_data\raw;windows_shell_bind_tcp.exe._header_.text.data.reloc;Detectados;Troyano;Alta;Análisis heurístico;TFM-VI\V;Usuario activo
Hoy, 5/24/2026 7:45:15 AM;\\VBoxSvr\shared_data\raw\windows_powershell_reverse_tcp_ssl.exe.text.rdata.data.reloc;Detectados;Objeto malicioso detectado;HEUR:Trojan.Win32.Generic;Análisis experto;Archivo;\\VBoxSvr\shared_data\raw;windows_powershell_reverse_tcp_ssl.exe.text.rdata.data.reloc;Detectados;Troyano;Alta;Análisis heurístico;TFM-VI\V;Usuario activo
Hoy, 5/24/2026 7:45:15 AM;\\VBoxSvr\shared_data\raw\windows_exec.exe.rdata.data.reloc;Detectados;Objeto malicioso detectado;HEUR:Trojan.Win32.Generic;Análisis experto;Archivo;\\VBoxSvr\shared_data\raw;windows_exec.exe.rdata.data.reloc;Detectados;Troyano;Alta;Análisis heurístico;TFM-VI\V;Usuario activo
Hoy, 5/24/2026 7:45:15 AM;\\VBoxSvr\shared_data\raw\windows_shell_reverse_tcp_rc4.exe.rdata.data.reloc;Detectados;Objeto malicioso detectado;HEUR:Trojan.Win32.Generic;Análisis experto;Archivo;\\VBoxSvr\shared_data\raw;windows_shell_reverse_tcp_rc4.exe.rdata.data.reloc;Detectados;Troyano;Alta;Parcial;TFM-VI\V;Usuario activo
Hoy, 5/24/2026 7:45:16 AM;\\VBoxSvr\shared_data\raw\windows_shell_bind_tcp.exe._header_.text.rdata.data;Detectados;Objeto malicioso detectado;HEUR:Trojan.Win32.Shelma.gen;Análisis experto;Archivo;\\VBoxSvr\shared_data\raw;windows_shell_bind_tcp.exe._header_.text.rdata.data;Detectados;Troyano;Alta;Análisis heurístico;TFM-VI\V;Usuario activo
Hoy, 5/24/2026 7:45:16 AM;\\VBoxSvr\shared_data\raw\windows_meterpreter_reverse_tcp.exe.data;Detectados;Objeto malicioso detectado;HEUR:Trojan.Win32.Generic;Análisis experto;Archivo;\\VBoxSvr\shared_data\raw;windows_meterpreter_reverse_tcp.exe.data;Detectados;Troyano;Alta;Parcial;TFM-VI\V;Usuario activo
Hoy, 5/24/2026 7:45:16 AM;\\VBoxSvr\shared_data\raw\windows_meterpreter_reverse_https.exe.data;Detectados;Objeto malicioso detectado;HEUR:Trojan.Win32.Generic;Análisis experto;Archivo;\\VBoxSvr\shared_data\raw;windows_meterpreter_reverse_https.exe.data;Detectados;Troyano;Alta;Parcial;TFM-VI\V;Usuario activo
Hoy, 5/24/2026 7:45:16 AM;\\VBoxSvr\shared_data\raw\windows_pingback_reverse_tcp.exe.text.rdata;Detectados;Objeto malicioso detectado;HEUR:Trojan.Win32.Generic;Análisis experto;Archivo;\\VBoxSvr\shared_data\raw;windows_pingback_reverse_tcp.exe.text.rdata;Detectados;Troyano;Alta;Parcial;TFM-VI\V;Usuario activo
Hoy, 5/24/2026 7:45:16 AM;\\VBoxSvr\shared_data\raw\windows_shell_reverse_tcp_rc4.exe._header_.text.data.reloc;Detectados;Objeto malicioso detectado;HEUR:Trojan.Win32.Shella.gen;Análisis experto;Archivo;\\VBoxSvr\shared_data\raw;windows_shell_reverse_tcp_rc4.exe._header_.text.data.reloc;Detectados;Troyano;Alta;Análisis heurístico;TFM-VI\V;Usuario activo
Hoy, 5/24/2026 7:45:16 AM;\\VBoxSvr\shared_data\raw\windows_meterpreter_reverse_tcp.exe.text.reloc;Detectados;Objeto malicioso detectado;HEUR:Trojan.Win32.Generic;Análisis experto;Archivo;\\VBoxSvr\shared_data\raw;windows_meterpreter_reverse_tcp.exe.text.reloc;Detectados;Troyano;Alta;Parcial;TFM-VI\V;Usuario activo
Hoy, 5/24/2026 7:45:17 AM;\\VBoxSvr\shared_data\raw\windows_pingback_reverse_tcp.exe.text.rdata.reloc;Detectados;Objeto malicioso detectado;HEUR:Trojan.Win32.Generic;Análisis experto;Archivo;\\VBoxSvr\shared_data\raw;windows_pingback_reverse_tcp.exe.text.rdata.reloc;Detectados;Troyano;Alta;Parcial;TFM-VI\V;Usuario activo
Hoy, 5/24/2026 7:45:17 AM;\\VBoxSvr\shared_data\raw\windows_meterpreter_reverse_http.exe.rdata.data.reloc;Detectados;Objeto malicioso detectado;HEUR:Trojan.Win32.Generic;Análisis experto;Archivo;\\VBoxSvr\shared_data\raw;windows_meterpreter_reverse_http.exe.rdata.data.reloc;Detectados;Troyano;Alta;Parcial;TFM-VI\V;Usuario activo
Hoy, 5/24/2026 7:45:17 AM;\\VBoxSvr\shared_data\raw\windows_meterpreter_reverse_http.exe.rdata;Detectados;Objeto malicioso detectado;HEUR:Trojan.Win32.Generic;Análisis experto;Archivo;\\VBoxSvr\shared_data\raw;windows_meterpreter_reverse_http.exe.rdata;Detectados;Troyano;Alta;Parcial;TFM-VI\V;Usuario activo
Hoy, 5/24/2026 7:45:17 AM;\\VBoxSvr\shared_data\raw\windows_shell_bind_tcp.exe.reloc;Detectados;Objeto malicioso detectado;HEUR:Trojan.Win32.Generic;Análisis experto;Archivo;\\VBoxSvr\shared_data\raw;windows_shell_bind_tcp.exe.reloc;Detectados;Troyano;Alta;Parcial;TFM-VI\V;Usuario activo
Hoy, 5/24/2026 7:45:17 AM;\\VBoxSvr\shared_data\raw\windows_shell_bind_tcp.exe._header_.text.data;Detectados;Objeto malicioso detectado;HEUR:Trojan.Win32.Shelma.gen;Análisis experto;Archivo;\\VBoxSvr\shared_data\raw;windows_shell_bind_tcp.exe._header_.text.data;Detectados;Troyano;Alta;Análisis heurístico;TFM-VI\V;Usuario activo
Hoy, 5/24/2026 7:45:18 AM;\\VBoxSvr\shared_data\raw\windows_powershell_bind_tcp.exe.text;Detectados;Objeto malicioso detectado;HEUR:Trojan.Win32.Generic;Análisis experto;Archivo;\\VBoxSvr\shared_data\raw;windows_powershell_bind_tcp.exe.text;Detectados;Troyano;Alta;Análisis heurístico;TFM-VI\V;Usuario activo
Hoy, 5/24/2026 7:45:18 AM;\\VBoxSvr\shared_data\raw\windows_meterpreter_reverse_https.exe.text.data;Detectados;Objeto malicioso detectado;HEUR:Trojan.Win32.Generic;Análisis experto;Archivo;\\VBoxSvr\shared_data\raw;windows_meterpreter_reverse_https.exe.text.data;Detectados;Troyano;Alta;Parcial;TFM-VI\V;Usuario activo
Hoy, 5/24/2026 7:45:18 AM;\\VBoxSvr\shared_data\raw\windows_pingback_reverse_tcp.exe.text.rdata.data;Detectados;Objeto malicioso detectado;HEUR:Trojan.Win32.Generic;Análisis experto;Archivo;\\VBoxSvr\shared_data\raw;windows_pingback_reverse_tcp.exe.text.rdata.data;Detectados;Troyano;Alta;Parcial;TFM-VI\V;Usuario activo
Hoy, 5/24/2026 7:45:18 AM;\\VBoxSvr\shared_data\raw\windows_encrypted_shell_reverse_tcp.exe.rdata.data.reloc;Detectados;Objeto malicioso detectado;HEUR:Trojan.Win32.Generic;Análisis experto;Archivo;\\VBoxSvr\shared_data\raw;windows_encrypted_shell_reverse_tcp.exe.rdata.data.reloc;Detectados;Troyano;Alta;Parcial;TFM-VI\V;Usuario activo
Hoy, 5/24/2026 7:45:18 AM;\\VBoxSvr\shared_data\raw\windows_shell_reverse_tcp_rc4.exe.text.data;Detectados;Objeto malicioso detectado;HEUR:Trojan.Win32.Generic;Análisis experto;Archivo;\\VBoxSvr\shared_data\raw;windows_shell_reverse_tcp_rc4.exe.text.data;Detectados;Troyano;Alta;Parcial;TFM-VI\V;Usuario activo
Hoy, 5/24/2026 7:45:18 AM;\\VBoxSvr\shared_data\raw\windows_exec.exe.text.reloc;Detectados;Objeto malicioso detectado;HEUR:Trojan.Win32.Generic;Análisis experto;Archivo;\\VBoxSvr\shared_data\raw;windows_exec.exe.text.reloc;Detectados;Troyano;Alta;Análisis heurístico;TFM-VI\V;Usuario activo
Hoy, 5/24/2026 7:45:18 AM;\\VBoxSvr\shared_data\raw\windows_powershell_reverse_tcp_ssl.exe.text.reloc;Detectados;Objeto malicioso detectado;HEUR:Trojan.Win32.Generic;Análisis experto;Archivo;\\VBoxSvr\shared_data\raw;windows_powershell_reverse_tcp_ssl.exe.text.reloc;Detectados;Troyano;Alta;Análisis heurístico;TFM-VI\V;Usuario activo
Hoy, 5/24/2026 7:45:18 AM;\\VBoxSvr\shared_data\raw\windows_meterpreter_reverse_http.exe.text.rdata.data;Detectados;Objeto malicioso detectado;HEUR:Trojan.Win32.Generic;Análisis experto;Archivo;\\VBoxSvr\shared_data\raw;windows_meterpreter_reverse_http.exe.text.rdata.data;Detectados;Troyano;Alta;Parcial;TFM-VI\V;Usuario activo
Hoy, 5/24/2026 7:45:18 AM;\\VBoxSvr\shared_data\raw\windows_powershell_reverse_tcp.exe.text.rdata.data;Detectados;Objeto malicioso detectado;HEUR:Trojan.Win32.Generic;Análisis experto;Archivo;\\VBoxSvr\shared_data\raw;windows_powershell_reverse_tcp.exe.text.rdata.data;Detectados;Troyano;Alta;Análisis heurístico;TFM-VI\V;Usuario activo
Hoy, 5/24/2026 7:45:18 AM;\\VBoxSvr\shared_data\raw\windows_exec.exe;Detectados;Objeto malicioso detectado;HEUR:Trojan.Win32.Generic;Análisis experto;Archivo;\\VBoxSvr\shared_data\raw;windows_exec.exe;Detectados;Troyano;Alta;Análisis heurístico;TFM-VI\V;Usuario activo
Hoy, 5/24/2026 7:45:19 AM;\\VBoxSvr\shared_data\raw\windows_shell_bind_hidden_ipknock_tcp.exe.text.data.reloc;Detectados;Objeto malicioso detectado;HEUR:Trojan.Win32.Generic;Análisis experto;Archivo;\\VBoxSvr\shared_data\raw;windows_shell_bind_hidden_ipknock_tcp.exe.text.data.reloc;Detectados;Troyano;Alta;Parcial;TFM-VI\V;Usuario activo
Hoy, 5/24/2026 7:45:19 AM;\\VBoxSvr\shared_data\raw\windows_pingback_bind_tcp.exe.data;Detectados;Objeto malicioso detectado;HEUR:Trojan.Win32.Generic;Análisis experto;Archivo;\\VBoxSvr\shared_data\raw;windows_pingback_bind_tcp.exe.data;Detectados;Troyano;Alta;Parcial;TFM-VI\V;Usuario activo
Hoy, 5/24/2026 7:45:19 AM;\\VBoxSvr\shared_data\raw\windows_powershell_reverse_tcp.exe.text.rdata.reloc;Detectados;Objeto malicioso detectado;HEUR:Trojan.Win32.Generic;Análisis experto;Archivo;\\VBoxSvr\shared_data\raw;windows_powershell_reverse_tcp.exe.text.rdata.reloc;Detectados;Troyano;Alta;Análisis heurístico;TFM-VI\V;Usuario activo
Hoy, 5/24/2026 7:45:19 AM;\\VBoxSvr\shared_data\raw\windows_shell_bind_tcp.exe.rdata;Detectados;Objeto malicioso detectado;HEUR:Trojan.Win32.Generic;Análisis experto;Archivo;\\VBoxSvr\shared_data\raw;windows_shell_bind_tcp.exe.rdata;Detectados;Troyano;Alta;Parcial;TFM-VI\V;Usuario activo
Hoy, 5/24/2026 7:45:19 AM;\\VBoxSvr\shared_data\raw\windows_meterpreter_bind_tcp.exe.rdata.reloc;Detectados;Objeto malicioso detectado;HEUR:Trojan.Win32.Generic;Análisis experto;Archivo;\\VBoxSvr\shared_data\raw;windows_meterpreter_bind_tcp.exe.rdata.reloc;Detectados;Troyano;Alta;Parcial;TFM-VI\V;Usuario activo
Hoy, 5/24/2026 7:45:20 AM;\\VBoxSvr\shared_data\raw\windows_powershell_reverse_tcp.exe.data.reloc;Detectados;Objeto malicioso detectado;HEUR:Trojan.Win32.Generic;Análisis experto;Archivo;\\VBoxSvr\shared_data\raw;windows_powershell_reverse_tcp.exe.data.reloc;Detectados;Troyano;Alta;Análisis heurístico;TFM-VI\V;Usuario activo
Hoy, 5/24/2026 7:45:20 AM;\\VBoxSvr\shared_data\raw\windows_meterpreter_reverse_tcp.exe.text.data;Detectados;Objeto malicioso detectado;HEUR:Trojan.Win32.Generic;Análisis experto;Archivo;\\VBoxSvr\shared_data\raw;windows_meterpreter_reverse_tcp.exe.text.data;Detectados;Troyano;Alta;Parcial;TFM-VI\V;Usuario activo
Hoy, 5/24/2026 7:45:20 AM;\\VBoxSvr\shared_data\raw\windows_shell_reverse_tcp_rc4.exe.text.rdata.data.reloc;Detectados;Objeto malicioso detectado;HEUR:Trojan.Win32.Generic;Análisis experto;Archivo;\\VBoxSvr\shared_data\raw;windows_shell_reverse_tcp_rc4.exe.text.rdata.data.reloc;Detectados;Troyano;Alta;Parcial;TFM-VI\V;Usuario activo
Hoy, 5/24/2026 7:45:20 AM;\\VBoxSvr\shared_data\raw\windows_meterpreter_bind_tcp.exe.text.data;Detectados;Objeto malicioso detectado;HEUR:Trojan.Win32.Generic;Análisis experto;Archivo;\\VBoxSvr\shared_data\raw;windows_meterpreter_bind_tcp.exe.text.data;Detectados;Troyano;Alta;Parcial;TFM-VI\V;Usuario activo
Hoy, 5/24/2026 7:45:21 AM;\\VBoxSvr\shared_data\raw\windows_shell_hidden_bind_tcp.exe.text.data.reloc;Detectados;Objeto malicioso detectado;HEUR:Trojan.Win32.Generic;Análisis experto;Archivo;\\VBoxSvr\shared_data\raw;windows_shell_hidden_bind_tcp.exe.text.data.reloc;Detectados;Troyano;Alta;Parcial;TFM-VI\V;Usuario activo
Hoy, 5/24/2026 7:45:21 AM;\\VBoxSvr\shared_data\raw\windows_shell_bind_tcp.exe._header_.text.rdata;Detectados;Objeto malicioso detectado;HEUR:Trojan.Win32.Shelma.gen;Análisis experto;Archivo;\\VBoxSvr\shared_data\raw;windows_shell_bind_tcp.exe._header_.text.rdata;Detectados;Troyano;Alta;Análisis heurístico;TFM-VI\V;Usuario activo
Hoy, 5/24/2026 7:45:21 AM;\\VBoxSvr\shared_data\raw\windows_meterpreter_reverse_http.exe.reloc;Detectados;Objeto malicioso detectado;HEUR:Trojan.Win32.Generic;Análisis experto;Archivo;\\VBoxSvr\shared_data\raw;windows_meterpreter_reverse_http.exe.reloc;Detectados;Troyano;Alta;Parcial;TFM-VI\V;Usuario activo
Hoy, 5/24/2026 7:45:21 AM;\\VBoxSvr\shared_data\raw\windows_shell_reverse_tcp_rc4.exe._header_.text.rdata.reloc;Detectados;Objeto malicioso detectado;HEUR:Trojan.Win32.Shella.gen;Análisis experto;Archivo;\\VBoxSvr\shared_data\raw;windows_shell_reverse_tcp_rc4.exe._header_.text.rdata.reloc;Detectados;Troyano;Alta;Análisis heurístico;TFM-VI\V;Usuario activo
Hoy, 5/24/2026 7:45:21 AM;\\VBoxSvr\shared_data\raw\windows_pingback_reverse_tcp.exe.rdata;Detectados;Objeto malicioso detectado;HEUR:Trojan.Win32.Generic;Análisis experto;Archivo;\\VBoxSvr\shared_data\raw;windows_pingback_reverse_tcp.exe.rdata;Detectados;Troyano;Alta;Parcial;TFM-VI\V;Usuario activo
Hoy, 5/24/2026 7:45:21 AM;\\VBoxSvr\shared_data\raw\windows_powershell_reverse_tcp.exe.reloc;Detectados;Objeto malicioso detectado;HEUR:Trojan.Win32.Generic;Análisis experto;Archivo;\\VBoxSvr\shared_data\raw;windows_powershell_reverse_tcp.exe.reloc;Detectados;Troyano;Alta;Análisis heurístico;TFM-VI\V;Usuario activo
Hoy, 5/24/2026 7:45:21 AM;\\VBoxSvr\shared_data\raw\windows_powershell_reverse_tcp.exe.rdata;Detectados;Objeto malicioso detectado;HEUR:Trojan.Win32.Generic;Análisis experto;Archivo;\\VBoxSvr\shared_data\raw;windows_powershell_reverse_tcp.exe.rdata;Detectados;Troyano;Alta;Análisis heurístico;TFM-VI\V;Usuario activo
Hoy, 5/24/2026 7:45:21 AM;\\VBoxSvr\shared_data\raw\windows_pingback_bind_tcp.exe.rdata.data;Detectados;Objeto malicioso detectado;HEUR:Trojan.Win32.Generic;Análisis experto;Archivo;\\VBoxSvr\shared_data\raw;windows_pingback_bind_tcp.exe.rdata.data;Detectados;Troyano;Alta;Parcial;TFM-VI\V;Usuario activo
Hoy, 5/24/2026 7:45:21 AM;\\VBoxSvr\shared_data\raw\windows_shell_reverse_tcp_rc4.exe.rdata.data;Detectados;Objeto malicioso detectado;HEUR:Trojan.Win32.Generic;Análisis experto;Archivo;\\VBoxSvr\shared_data\raw;windows_shell_reverse_tcp_rc4.exe.rdata.data;Detectados;Troyano;Alta;Parcial;TFM-VI\V;Usuario activo
Hoy, 5/24/2026 7:45:22 AM;\\VBoxSvr\shared_data\raw\windows_exec.exe.text.rdata.data;Detectados;Objeto malicioso detectado;HEUR:Trojan.Win32.Generic;Análisis experto;Archivo;\\VBoxSvr\shared_data\raw;windows_exec.exe.text.rdata.data;Detectados;Troyano;Alta;Análisis heurístico;TFM-VI\V;Usuario activo
Hoy, 5/24/2026 7:45:22 AM;\\VBoxSvr\shared_data\raw\windows_shell_reverse_tcp_rc4.exe.text;Detectados;Objeto malicioso detectado;HEUR:Trojan.Win32.Generic;Análisis experto;Archivo;\\VBoxSvr\shared_data\raw;windows_shell_reverse_tcp_rc4.exe.text;Detectados;Troyano;Alta;Parcial;TFM-VI\V;Usuario activo
Hoy, 5/24/2026 7:45:22 AM;\\VBoxSvr\shared_data\raw\windows_exec.exe.text.data;Detectados;Objeto malicioso detectado;HEUR:Trojan.Win32.Generic;Análisis experto;Archivo;\\VBoxSvr\shared_data\raw;windows_exec.exe.text.data;Detectados;Troyano;Alta;Análisis heurístico;TFM-VI\V;Usuario activo
Hoy, 5/24/2026 7:45:22 AM;\\VBoxSvr\shared_data\raw\windows_shell_reverse_tcp_rc4.exe._header_.rdata.reloc;Detectados;Objeto malicioso detectado;HEUR:Trojan.Win32.Shella.gen;Análisis experto;Archivo;\\VBoxSvr\shared_data\raw;windows_shell_reverse_tcp_rc4.exe._header_.rdata.reloc;Detectados;Troyano;Alta;Análisis heurístico;TFM-VI\V;Usuario activo
Hoy, 5/24/2026 7:45:22 AM;\\VBoxSvr\shared_data\raw\windows_encrypted_shell_reverse_tcp.exe.text.rdata;Detectados;Objeto malicioso detectado;HEUR:Trojan.Win32.Generic;Análisis experto;Archivo;\\VBoxSvr\shared_data\raw;windows_encrypted_shell_reverse_tcp.exe.text.rdata;Detectados;Troyano;Alta;Parcial;TFM-VI\V;Usuario activo
Hoy, 5/24/2026 7:45:22 AM;\\VBoxSvr\shared_data\raw\windows_powershell_bind_tcp.exe.text.rdata.reloc;Detectados;Objeto malicioso detectado;HEUR:Trojan.Win32.Generic;Análisis experto;Archivo;\\VBoxSvr\shared_data\raw;windows_powershell_bind_tcp.exe.text.rdata.reloc;Detectados;Troyano;Alta;Análisis heurístico;TFM-VI\V;Usuario activo
Hoy, 5/24/2026 7:45:22 AM;\\VBoxSvr\shared_data\raw\windows_powershell_reverse_tcp_ssl.exe.rdata.data;Detectados;Objeto malicioso detectado;HEUR:Trojan.Win32.Generic;Análisis experto;Archivo;\\VBoxSvr\shared_data\raw;windows_powershell_reverse_tcp_ssl.exe.rdata.data;Detectados;Troyano;Alta;Análisis heurístico;TFM-VI\V;Usuario activo
Hoy, 5/24/2026 7:45:22 AM;\\VBoxSvr\shared_data\raw\windows_pingback_bind_tcp.exe.reloc;Detectados;Objeto malicioso detectado;HEUR:Trojan.Win32.Generic;Análisis experto;Archivo;\\VBoxSvr\shared_data\raw;windows_pingback_bind_tcp.exe.reloc;Detectados;Troyano;Alta;Parcial;TFM-VI\V;Usuario activo
Hoy, 5/24/2026 7:45:22 AM;\\VBoxSvr\shared_data\raw\windows_pingback_reverse_tcp.exe.data;Detectados;Objeto malicioso detectado;HEUR:Trojan.Win32.Generic;Análisis experto;Archivo;\\VBoxSvr\shared_data\raw;windows_pingback_reverse_tcp.exe.data;Detectados;Troyano;Alta;Parcial;TFM-VI\V;Usuario activo
Hoy, 5/24/2026 7:45:22 AM;\\VBoxSvr\shared_data\raw\windows_powershell_reverse_tcp.exe;Detectados;Objeto malicioso detectado;HEUR:Trojan.Win32.Generic;Análisis experto;Archivo;\\VBoxSvr\shared_data\raw;windows_powershell_reverse_tcp.exe;Detectados;Troyano;Alta;Análisis heurístico;TFM-VI\V;Usuario activo
Hoy, 5/24/2026 7:45:22 AM;\\VBoxSvr\shared_data\raw\windows_shell_bind_hidden_ipknock_tcp.exe.data.reloc;Detectados;Objeto malicioso detectado;HEUR:Trojan.Win32.Generic;Análisis experto;Archivo;\\VBoxSvr\shared_data\raw;windows_shell_bind_hidden_ipknock_tcp.exe.data.reloc;Detectados;Troyano;Alta;Parcial;TFM-VI\V;Usuario activo
Hoy, 5/24/2026 7:45:23 AM;\\VBoxSvr\shared_data\raw\windows_meterpreter_bind_tcp.exe.rdata;Detectados;Objeto malicioso detectado;HEUR:Trojan.Win32.Generic;Análisis experto;Archivo;\\VBoxSvr\shared_data\raw;windows_meterpreter_bind_tcp.exe.rdata;Detectados;Troyano;Alta;Parcial;TFM-VI\V;Usuario activo
Hoy, 5/24/2026 7:45:23 AM;\\VBoxSvr\shared_data\raw\windows_meterpreter_bind_tcp.exe.text.rdata.data.reloc;Detectados;Objeto malicioso detectado;HEUR:Trojan.Win32.Generic;Análisis experto;Archivo;\\VBoxSvr\shared_data\raw;windows_meterpreter_bind_tcp.exe.text.rdata.data.reloc;Detectados;Troyano;Alta;Parcial;TFM-VI\V;Usuario activo
Hoy, 5/24/2026 7:45:23 AM;\\VBoxSvr\shared_data\raw\windows_powershell_bind_tcp.exe;Detectados;Objeto malicioso detectado;HEUR:Trojan.Win32.Generic;Análisis experto;Archivo;\\VBoxSvr\shared_data\raw;windows_powershell_bind_tcp.exe;Detectados;Troyano;Alta;Análisis heurístico;TFM-VI\V;Usuario activo
Hoy, 5/24/2026 7:45:23 AM;\\VBoxSvr\shared_data\raw\windows_powershell_reverse_tcp.exe.data;Detectados;Objeto malicioso detectado;HEUR:Trojan.Win32.Generic;Análisis experto;Archivo;\\VBoxSvr\shared_data\raw;windows_powershell_reverse_tcp.exe.data;Detectados;Troyano;Alta;Análisis heurístico;TFM-VI\V;Usuario activo
Hoy, 5/24/2026 7:45:23 AM;\\VBoxSvr\shared_data\raw\windows_shell_bind_tcp.exe._header_.text.reloc;Detectados;Objeto malicioso detectado;HEUR:Trojan.Win32.Shelma.gen;Análisis experto;Archivo;\\VBoxSvr\shared_data\raw;windows_shell_bind_tcp.exe._header_.text.reloc;Detectados;Troyano;Alta;Análisis heurístico;TFM-VI\V;Usuario activo
Hoy, 5/24/2026 7:45:23 AM;\\VBoxSvr\shared_data\raw\windows_meterpreter_reverse_tcp.exe.text.rdata.reloc;Detectados;Objeto malicioso detectado;HEUR:Trojan.Win32.Generic;Análisis experto;Archivo;\\VBoxSvr\shared_data\raw;windows_meterpreter_reverse_tcp.exe.text.rdata.reloc;Detectados;Troyano;Alta;Parcial;TFM-VI\V;Usuario activo
Hoy, 5/24/2026 7:45:23 AM;\\VBoxSvr\shared_data\raw\windows_shell_reverse_tcp_rc4.exe._header_.text;Detectados;Objeto malicioso detectado;HEUR:Trojan.Win32.Shella.gen;Análisis experto;Archivo;\\VBoxSvr\shared_data\raw;windows_shell_reverse_tcp_rc4.exe._header_.text;Detectados;Troyano;Alta;Análisis heurístico;TFM-VI\V;Usuario activo
Hoy, 5/24/2026 7:45:23 AM;\\VBoxSvr\shared_data\raw\windows_exec.exe.data.reloc;Detectados;Objeto malicioso detectado;HEUR:Trojan.Win32.Generic;Análisis experto;Archivo;\\VBoxSvr\shared_data\raw;windows_exec.exe.data.reloc;Detectados;Troyano;Alta;Análisis heurístico;TFM-VI\V;Usuario activo
Hoy, 5/24/2026 7:45:23 AM;\\VBoxSvr\shared_data\raw\windows_shell_bind_tcp.exe.data.reloc;Detectados;Objeto malicioso detectado;HEUR:Trojan.Win32.Generic;Análisis experto;Archivo;\\VBoxSvr\shared_data\raw;windows_shell_bind_tcp.exe.data.reloc;Detectados;Troyano;Alta;Parcial;TFM-VI\V;Usuario activo
Hoy, 5/24/2026 7:45:24 AM;\\VBoxSvr\shared_data\raw\windows_shell_hidden_bind_tcp.exe.rdata.data.reloc;Detectados;Objeto malicioso detectado;HEUR:Trojan.Win32.Generic;Análisis experto;Archivo;\\VBoxSvr\shared_data\raw;windows_shell_hidden_bind_tcp.exe.rdata.data.reloc;Detectados;Troyano;Alta;Parcial;TFM-VI\V;Usuario activo
Hoy, 5/24/2026 7:45:24 AM;\\VBoxSvr\shared_data\raw\windows_pingback_bind_tcp.exe.text.rdata.reloc;Detectados;Objeto malicioso detectado;HEUR:Trojan.Win32.Generic;Análisis experto;Archivo;\\VBoxSvr\shared_data\raw;windows_pingback_bind_tcp.exe.text.rdata.reloc;Detectados;Troyano;Alta;Parcial;TFM-VI\V;Usuario activo
Hoy, 5/24/2026 7:45:25 AM;\\VBoxSvr\shared_data\raw\windows_meterpreter_reverse_http.exe;Detectados;Objeto malicioso detectado;HEUR:Trojan.Win32.Generic;Análisis experto;Archivo;\\VBoxSvr\shared_data\raw;windows_meterpreter_reverse_http.exe;Detectados;Troyano;Alta;Parcial;TFM-VI\V;Usuario activo
Hoy, 5/24/2026 7:45:25 AM;\\VBoxSvr\shared_data\raw\windows_encrypted_shell_reverse_tcp.exe.data;Detectados;Objeto malicioso detectado;HEUR:Trojan.Win32.Generic;Análisis experto;Archivo;\\VBoxSvr\shared_data\raw;windows_encrypted_shell_reverse_tcp.exe.data;Detectados;Troyano;Alta;Parcial;TFM-VI\V;Usuario activo
Hoy, 5/24/2026 7:45:26 AM;\\VBoxSvr\shared_data\raw\windows_meterpreter_reverse_http.exe.data;Detectados;Objeto malicioso detectado;HEUR:Trojan.Win32.Generic;Análisis experto;Archivo;\\VBoxSvr\shared_data\raw;windows_meterpreter_reverse_http.exe.data;Detectados;Troyano;Alta;Parcial;TFM-VI\V;Usuario activo
Hoy, 5/24/2026 7:45:26 AM;\\VBoxSvr\shared_data\raw\windows_meterpreter_reverse_https.exe.text.rdata;Detectados;Objeto malicioso detectado;HEUR:Trojan.Win32.Generic;Análisis experto;Archivo;\\VBoxSvr\shared_data\raw;windows_meterpreter_reverse_https.exe.text.rdata;Detectados;Troyano;Alta;Parcial;TFM-VI\V;Usuario activo
Hoy, 5/24/2026 7:45:26 AM;\\VBoxSvr\shared_data\raw\windows_pingback_reverse_tcp.exe.text.rdata.data.reloc;Detectados;Objeto malicioso detectado;HEUR:Trojan.Win32.Generic;Análisis experto;Archivo;\\VBoxSvr\shared_data\raw;windows_pingback_reverse_tcp.exe.text.rdata.data.reloc;Detectados;Troyano;Alta;Parcial;TFM-VI\V;Usuario activo
Hoy, 5/24/2026 7:45:26 AM;\\VBoxSvr\shared_data\raw\windows_meterpreter_reverse_tcp.exe;Detectados;Objeto malicioso detectado;HEUR:Trojan.Win32.Generic;Análisis experto;Archivo;\\VBoxSvr\shared_data\raw;windows_meterpreter_reverse_tcp.exe;Detectados;Troyano;Alta;Parcial;TFM-VI\V;Usuario activo
Hoy, 5/24/2026 7:45:26 AM;\\VBoxSvr\shared_data\raw\windows_pingback_bind_tcp.exe.text.rdata.data.reloc;Detectados;Objeto malicioso detectado;HEUR:Trojan.Win32.Generic;Análisis experto;Archivo;\\VBoxSvr\shared_data\raw;windows_pingback_bind_tcp.exe.text.rdata.data.reloc;Detectados;Troyano;Alta;Parcial;TFM-VI\V;Usuario activo
Hoy, 5/24/2026 7:45:26 AM;\\VBoxSvr\shared_data\raw\windows_shell_bind_hidden_ipknock_tcp.exe.data;Detectados;Objeto malicioso detectado;HEUR:Trojan.Win32.Generic;Análisis experto;Archivo;\\VBoxSvr\shared_data\raw;windows_shell_bind_hidden_ipknock_tcp.exe.data;Detectados;Troyano;Alta;Parcial;TFM-VI\V;Usuario activo
Hoy, 5/24/2026 7:45:26 AM;\\VBoxSvr\shared_data\raw\windows_meterpreter_bind_tcp.exe.text;Detectados;Objeto malicioso detectado;HEUR:Trojan.Win32.Generic;Análisis experto;Archivo;\\VBoxSvr\shared_data\raw;windows_meterpreter_bind_tcp.exe.text;Detectados;Troyano;Alta;Parcial;TFM-VI\V;Usuario activo
Hoy, 5/24/2026 7:45:26 AM;\\VBoxSvr\shared_data\raw\windows_exec.exe.rdata;Detectados;Objeto malicioso detectado;HEUR:Trojan.Win32.Generic;Análisis experto;Archivo;\\VBoxSvr\shared_data\raw;windows_exec.exe.rdata;Detectados;Troyano;Alta;Análisis heurístico;TFM-VI\V;Usuario activo
Hoy, 5/24/2026 7:45:26 AM;\\VBoxSvr\shared_data\raw\windows_pingback_reverse_tcp.exe.rdata.reloc;Detectados;Objeto malicioso detectado;HEUR:Trojan.Win32.Generic;Análisis experto;Archivo;\\VBoxSvr\shared_data\raw;windows_pingback_reverse_tcp.exe.rdata.reloc;Detectados;Troyano;Alta;Parcial;TFM-VI\V;Usuario activo
Hoy, 5/24/2026 7:45:27 AM;\\VBoxSvr\shared_data\raw\windows_meterpreter_reverse_http.exe.text;Detectados;Objeto malicioso detectado;HEUR:Trojan.Win32.Generic;Análisis experto;Archivo;\\VBoxSvr\shared_data\raw;windows_meterpreter_reverse_http.exe.text;Detectados;Troyano;Alta;Parcial;TFM-VI\V;Usuario activo
Hoy, 5/24/2026 7:45:27 AM;\\VBoxSvr\shared_data\raw\windows_shell_hidden_bind_tcp.exe.rdata;Detectados;Objeto malicioso detectado;HEUR:Trojan.Win32.Generic;Análisis experto;Archivo;\\VBoxSvr\shared_data\raw;windows_shell_hidden_bind_tcp.exe.rdata;Detectados;Troyano;Alta;Parcial;TFM-VI\V;Usuario activo
Hoy, 5/24/2026 7:45:27 AM;\\VBoxSvr\shared_data\raw\windows_meterpreter_bind_tcp.exe.text.data.reloc;Detectados;Objeto malicioso detectado;HEUR:Trojan.Win32.Generic;Análisis experto;Archivo;\\VBoxSvr\shared_data\raw;windows_meterpreter_bind_tcp.exe.text.data.reloc;Detectados;Troyano;Alta;Parcial;TFM-VI\V;Usuario activo
Hoy, 5/24/2026 7:45:27 AM;\\VBoxSvr\shared_data\raw\windows_shell_bind_tcp.exe._header_.rdata;Detectados;Objeto malicioso detectado;HEUR:Trojan.Win32.Shelma.gen;Análisis experto;Archivo;\\VBoxSvr\shared_data\raw;windows_shell_bind_tcp.exe._header_.rdata;Detectados;Troyano;Alta;Análisis heurístico;TFM-VI\V;Usuario activo
Hoy, 5/24/2026 7:45:27 AM;\\VBoxSvr\shared_data\raw\windows_encrypted_shell_reverse_tcp.exe.text;Detectados;Objeto malicioso detectado;HEUR:Trojan.Win32.Generic;Análisis experto;Archivo;\\VBoxSvr\shared_data\raw;windows_encrypted_shell_reverse_tcp.exe.text;Detectados;Troyano;Alta;Parcial;TFM-VI\V;Usuario activo
Hoy, 5/24/2026 7:45:27 AM;\\VBoxSvr\shared_data\raw\windows_powershell_bind_tcp.exe.rdata.data.reloc;Detectados;Objeto malicioso detectado;HEUR:Trojan.Win32.Generic;Análisis experto;Archivo;\\VBoxSvr\shared_data\raw;windows_powershell_bind_tcp.exe.rdata.data.reloc;Detectados;Troyano;Alta;Análisis heurístico;TFM-VI\V;Usuario activo
Hoy, 5/24/2026 7:45:27 AM;\\VBoxSvr\shared_data\raw\windows_powershell_reverse_tcp_ssl.exe;Detectados;Objeto malicioso detectado;HEUR:Trojan.Win32.Generic;Análisis experto;Archivo;\\VBoxSvr\shared_data\raw;windows_powershell_reverse_tcp_ssl.exe;Detectados;Troyano;Alta;Análisis heurístico;TFM-VI\V;Usuario activo
Hoy, 5/24/2026 7:45:28 AM;\\VBoxSvr\shared_data\raw\windows_pingback_bind_tcp.exe.rdata.data.reloc;Detectados;Objeto malicioso detectado;HEUR:Trojan.Win32.Generic;Análisis experto;Archivo;\\VBoxSvr\shared_data\raw;windows_pingback_bind_tcp.exe.rdata.data.reloc;Detectados;Troyano;Alta;Parcial;TFM-VI\V;Usuario activo
Hoy, 5/24/2026 7:45:28 AM;\\VBoxSvr\shared_data\raw\windows_powershell_bind_tcp.exe.text.rdata;Detectados;Objeto malicioso detectado;HEUR:Trojan.Win32.Generic;Análisis experto;Archivo;\\VBoxSvr\shared_data\raw;windows_powershell_bind_tcp.exe.text.rdata;Detectados;Troyano;Alta;Análisis heurístico;TFM-VI\V;Usuario activo
Hoy, 5/24/2026 7:45:28 AM;\\VBoxSvr\shared_data\raw\windows_shell_bind_hidden_ipknock_tcp.exe.text.rdata.reloc;Detectados;Objeto malicioso detectado;HEUR:Trojan.Win32.Generic;Análisis experto;Archivo;\\VBoxSvr\shared_data\raw;windows_shell_bind_hidden_ipknock_tcp.exe.text.rdata.reloc;Detectados;Troyano;Alta;Parcial;TFM-VI\V;Usuario activo
Hoy, 5/24/2026 7:45:28 AM;\\VBoxSvr\shared_data\raw\windows_meterpreter_bind_tcp.exe.rdata.data;Detectados;Objeto malicioso detectado;HEUR:Trojan.Win32.Generic;Análisis experto;Archivo;\\VBoxSvr\shared_data\raw;windows_meterpreter_bind_tcp.exe.rdata.data;Detectados;Troyano;Alta;Parcial;TFM-VI\V;Usuario activo
Hoy, 5/24/2026 7:45:28 AM;\\VBoxSvr\shared_data\raw\windows_shell_bind_hidden_ipknock_tcp.exe.text.reloc;Detectados;Objeto malicioso detectado;HEUR:Trojan.Win32.Generic;Análisis experto;Archivo;\\VBoxSvr\shared_data\raw;windows_shell_bind_hidden_ipknock_tcp.exe.text.reloc;Detectados;Troyano;Alta;Parcial;TFM-VI\V;Usuario activo
Hoy, 5/24/2026 7:45:28 AM;\\VBoxSvr\shared_data\raw\windows_exec.exe.text.rdata.data.reloc;Detectados;Objeto malicioso detectado;HEUR:Trojan.Win32.Generic;Análisis experto;Archivo;\\VBoxSvr\shared_data\raw;windows_exec.exe.text.rdata.data.reloc;Detectados;Troyano;Alta;Análisis heurístico;TFM-VI\V;Usuario activo
Hoy, 5/24/2026 7:45:28 AM;\\VBoxSvr\shared_data\raw\windows_shell_reverse_tcp_rc4.exe.text.rdata.data;Detectados;Objeto malicioso detectado;HEUR:Trojan.Win32.Generic;Análisis experto;Archivo;\\VBoxSvr\shared_data\raw;windows_shell_reverse_tcp_rc4.exe.text.rdata.data;Detectados;Troyano;Alta;Parcial;TFM-VI\V;Usuario activo
Hoy, 5/24/2026 7:45:28 AM;\\VBoxSvr\shared_data\raw\windows_pingback_bind_tcp.exe.text.data.reloc;Detectados;Objeto malicioso detectado;HEUR:Trojan.Win32.Generic;Análisis experto;Archivo;\\VBoxSvr\shared_data\raw;windows_pingback_bind_tcp.exe.text.data.reloc;Detectados;Troyano;Alta;Parcial;TFM-VI\V;Usuario activo
Hoy, 5/24/2026 7:45:29 AM;\\VBoxSvr\shared_data\raw\windows_encrypted_shell_reverse_tcp.exe.rdata.data;Detectados;Objeto malicioso detectado;HEUR:Trojan.Win32.Generic;Análisis experto;Archivo;\\VBoxSvr\shared_data\raw;windows_encrypted_shell_reverse_tcp.exe.rdata.data;Detectados;Troyano;Alta;Parcial;TFM-VI\V;Usuario activo
Hoy, 5/24/2026 7:45:29 AM;\\VBoxSvr\shared_data\raw\windows_meterpreter_reverse_tcp.exe.text;Detectados;Objeto malicioso detectado;HEUR:Trojan.Win32.Generic;Análisis experto;Archivo;\\VBoxSvr\shared_data\raw;windows_meterpreter_reverse_tcp.exe.text;Detectados;Troyano;Alta;Parcial;TFM-VI\V;Usuario activo
Hoy, 5/24/2026 7:45:30 AM;\\VBoxSvr\shared_data\raw\windows_meterpreter_reverse_http.exe.text.data.reloc;Detectados;Objeto malicioso detectado;HEUR:Trojan.Win32.Generic;Análisis experto;Archivo;\\VBoxSvr\shared_data\raw;windows_meterpreter_reverse_http.exe.text.data.reloc;Detectados;Troyano;Alta;Parcial;TFM-VI\V;Usuario activo
Hoy, 5/24/2026 7:45:30 AM;\\VBoxSvr\shared_data\raw\windows_powershell_reverse_tcp.exe.rdata.data.reloc;Detectados;Objeto malicioso detectado;HEUR:Trojan.Win32.Generic;Análisis experto;Archivo;\\VBoxSvr\shared_data\raw;windows_powershell_reverse_tcp.exe.rdata.data.reloc;Detectados;Troyano;Alta;Análisis heurístico;TFM-VI\V;Usuario activo
Hoy, 5/24/2026 7:45:30 AM;\\VBoxSvr\shared_data\raw\windows_powershell_reverse_tcp_ssl.exe.text.data;Detectados;Objeto malicioso detectado;HEUR:Trojan.Win32.Generic;Análisis experto;Archivo;\\VBoxSvr\shared_data\raw;windows_powershell_reverse_tcp_ssl.exe.text.data;Detectados;Troyano;Alta;Análisis heurístico;TFM-VI\V;Usuario activo
Hoy, 5/24/2026 7:45:30 AM;\\VBoxSvr\shared_data\raw\windows_meterpreter_reverse_tcp.exe.text.rdata.data.reloc;Detectados;Objeto malicioso detectado;HEUR:Trojan.Win32.Generic;Análisis experto;Archivo;\\VBoxSvr\shared_data\raw;windows_meterpreter_reverse_tcp.exe.text.rdata.data.reloc;Detectados;Troyano;Alta;Parcial;TFM-VI\V;Usuario activo
Hoy, 5/24/2026 7:45:31 AM;\\VBoxSvr\shared_data\raw\windows_meterpreter_reverse_https.exe.rdata;Detectados;Objeto malicioso detectado;HEUR:Trojan.Win32.Generic;Análisis experto;Archivo;\\VBoxSvr\shared_data\raw;windows_meterpreter_reverse_https.exe.rdata;Detectados;Troyano;Alta;Parcial;TFM-VI\V;Usuario activo
Hoy, 5/24/2026 7:45:32 AM;\\VBoxSvr\shared_data\raw\windows_meterpreter_reverse_tcp.exe.rdata.data.reloc;Detectados;Objeto malicioso detectado;HEUR:Trojan.Win32.Generic;Análisis experto;Archivo;\\VBoxSvr\shared_data\raw;windows_meterpreter_reverse_tcp.exe.rdata.data.reloc;Detectados;Troyano;Alta;Parcial;TFM-VI\V;Usuario activo
Hoy, 5/24/2026 7:45:32 AM;\\VBoxSvr\shared_data\raw\windows_shell_reverse_tcp_rc4.exe._header_.rdata.data.reloc;Detectados;Objeto malicioso detectado;HEUR:Trojan.Win32.Shella.gen;Análisis experto;Archivo;\\VBoxSvr\shared_data\raw;windows_shell_reverse_tcp_rc4.exe._header_.rdata.data.reloc;Detectados;Troyano;Alta;Análisis heurístico;TFM-VI\V;Usuario activo
Hoy, 5/24/2026 7:45:32 AM;\\VBoxSvr\shared_data\raw\windows_shell_reverse_tcp_rc4.exe._header_.rdata;Detectados;Objeto malicioso detectado;HEUR:Trojan.Win32.Shella.gen;Análisis experto;Archivo;\\VBoxSvr\shared_data\raw;windows_shell_reverse_tcp_rc4.exe._header_.rdata;Detectados;Troyano;Alta;Análisis heurístico;TFM-VI\V;Usuario activo
Hoy, 5/24/2026 7:45:32 AM;\\VBoxSvr\shared_data\raw\windows_powershell_reverse_tcp_ssl.exe.rdata;Detectados;Objeto malicioso detectado;HEUR:Trojan.Win32.Generic;Análisis experto;Archivo;\\VBoxSvr\shared_data\raw;windows_powershell_reverse_tcp_ssl.exe.rdata;Detectados;Troyano;Alta;Análisis heurístico;TFM-VI\V;Usuario activo
Hoy, 5/24/2026 7:45:32 AM;\\VBoxSvr\shared_data\raw\windows_powershell_reverse_tcp.exe.text.data.reloc;Detectados;Objeto malicioso detectado;HEUR:Trojan.Win32.Generic;Análisis experto;Archivo;\\VBoxSvr\shared_data\raw;windows_powershell_reverse_tcp.exe.text.data.reloc;Detectados;Troyano;Alta;Análisis heurístico;TFM-VI\V;Usuario activo
Hoy, 5/24/2026 7:45:32 AM;\\VBoxSvr\shared_data\raw\windows_shell_bind_hidden_ipknock_tcp.exe.text.rdata.data.reloc;Detectados;Objeto malicioso detectado;HEUR:Trojan.Win32.Generic;Análisis experto;Archivo;\\VBoxSvr\shared_data\raw;windows_shell_bind_hidden_ipknock_tcp.exe.text.rdata.data.reloc;Detectados;Troyano;Alta;Parcial;TFM-VI\V;Usuario activo
Hoy, 5/24/2026 7:45:32 AM;\\VBoxSvr\shared_data\raw\windows_powershell_bind_tcp.exe.text.data;Detectados;Objeto malicioso detectado;HEUR:Trojan.Win32.Generic;Análisis experto;Archivo;\\VBoxSvr\shared_data\raw;windows_powershell_bind_tcp.exe.text.data;Detectados;Troyano;Alta;Análisis heurístico;TFM-VI\V;Usuario activo
Hoy, 5/24/2026 7:45:32 AM;\\VBoxSvr\shared_data\raw\windows_exec.exe.text.rdata;Detectados;Objeto malicioso detectado;HEUR:Trojan.Win32.Generic;Análisis experto;Archivo;\\VBoxSvr\shared_data\raw;windows_exec.exe.text.rdata;Detectados;Troyano;Alta;Análisis heurístico;TFM-VI\V;Usuario activo
Hoy, 5/24/2026 7:45:32 AM;\\VBoxSvr\shared_data\raw\windows_powershell_bind_tcp.exe.text.data.reloc;Detectados;Objeto malicioso detectado;HEUR:Trojan.Win32.Generic;Análisis experto;Archivo;\\VBoxSvr\shared_data\raw;windows_powershell_bind_tcp.exe.text.data.reloc;Detectados;Troyano;Alta;Análisis heurístico;TFM-VI\V;Usuario activo
Hoy, 5/24/2026 7:45:32 AM;\\VBoxSvr\shared_data\raw\windows_shell_bind_tcp.exe._header_.rdata.data;Detectados;Objeto malicioso detectado;HEUR:Trojan.Win32.Shelma.gen;Análisis experto;Archivo;\\VBoxSvr\shared_data\raw;windows_shell_bind_tcp.exe._header_.rdata.data;Detectados;Troyano;Alta;Análisis heurístico;TFM-VI\V;Usuario activo
Hoy, 5/24/2026 7:45:33 AM;\\VBoxSvr\shared_data\raw\windows_meterpreter_reverse_http.exe.rdata.data;Detectados;Objeto malicioso detectado;HEUR:Trojan.Win32.Generic;Análisis experto;Archivo;\\VBoxSvr\shared_data\raw;windows_meterpreter_reverse_http.exe.rdata.data;Detectados;Troyano;Alta;Parcial;TFM-VI\V;Usuario activo
Hoy, 5/24/2026 7:45:33 AM;\\VBoxSvr\shared_data\raw\windows_powershell_bind_tcp.exe.reloc;Detectados;Objeto malicioso detectado;HEUR:Trojan.Win32.Generic;Análisis experto;Archivo;\\VBoxSvr\shared_data\raw;windows_powershell_bind_tcp.exe.reloc;Detectados;Troyano;Alta;Análisis heurístico;TFM-VI\V;Usuario activo
Hoy, 5/24/2026 7:45:33 AM;\\VBoxSvr\shared_data\raw\windows_shell_bind_tcp.exe.text.rdata.reloc;Detectados;Objeto malicioso detectado;HEUR:Trojan.Win32.Generic;Análisis experto;Archivo;\\VBoxSvr\shared_data\raw;windows_shell_bind_tcp.exe.text.rdata.reloc;Detectados;Troyano;Alta;Parcial;TFM-VI\V;Usuario activo
Hoy, 5/24/2026 7:45:33 AM;\\VBoxSvr\shared_data\raw\windows_shell_reverse_tcp_rc4.exe.data.reloc;Detectados;Objeto malicioso detectado;HEUR:Trojan.Win32.Generic;Análisis experto;Archivo;\\VBoxSvr\shared_data\raw;windows_shell_reverse_tcp_rc4.exe.data.reloc;Detectados;Troyano;Alta;Parcial;TFM-VI\V;Usuario activo
Hoy, 5/24/2026 7:45:33 AM;\\VBoxSvr\shared_data\raw\windows_shell_bind_tcp.exe.rdata.data.reloc;Detectados;Objeto malicioso detectado;HEUR:Trojan.Win32.Generic;Análisis experto;Archivo;\\VBoxSvr\shared_data\raw;windows_shell_bind_tcp.exe.rdata.data.reloc;Detectados;Troyano;Alta;Parcial;TFM-VI\V;Usuario activo
Hoy, 5/24/2026 7:45:33 AM;\\VBoxSvr\shared_data\raw\windows_shell_reverse_tcp_rc4.exe.text.rdata.reloc;Detectados;Objeto malicioso detectado;HEUR:Trojan.Win32.Generic;Análisis experto;Archivo;\\VBoxSvr\shared_data\raw;windows_shell_reverse_tcp_rc4.exe.text.rdata.reloc;Detectados;Troyano;Alta;Parcial;TFM-VI\V;Usuario activo
Hoy, 5/24/2026 7:45:33 AM;\\VBoxSvr\shared_data\raw\windows_encrypted_shell_reverse_tcp.exe.text.data;Detectados;Objeto malicioso detectado;HEUR:Trojan.Win32.Generic;Análisis experto;Archivo;\\VBoxSvr\shared_data\raw;windows_encrypted_shell_reverse_tcp.exe.text.data;Detectados;Troyano;Alta;Parcial;TFM-VI\V;Usuario activo
Hoy, 5/24/2026 7:45:34 AM;\\VBoxSvr\shared_data\raw\windows_meterpreter_reverse_https.exe.text.data.reloc;Detectados;Objeto malicioso detectado;HEUR:Trojan.Win32.Generic;Análisis experto;Archivo;\\VBoxSvr\shared_data\raw;windows_meterpreter_reverse_https.exe.text.data.reloc;Detectados;Troyano;Alta;Parcial;TFM-VI\V;Usuario activo
Hoy, 5/24/2026 7:45:34 AM;\\VBoxSvr\shared_data\raw\windows_meterpreter_reverse_tcp.exe.rdata.data;Detectados;Objeto malicioso detectado;HEUR:Trojan.Win32.Generic;Análisis experto;Archivo;\\VBoxSvr\shared_data\raw;windows_meterpreter_reverse_tcp.exe.rdata.data;Detectados;Troyano;Alta;Parcial;TFM-VI\V;Usuario activo
Hoy, 5/24/2026 7:45:35 AM;\\VBoxSvr\shared_data\raw\windows_meterpreter_reverse_https.exe.text.rdata.reloc;Detectados;Objeto malicioso detectado;HEUR:Trojan.Win32.Generic;Análisis experto;Archivo;\\VBoxSvr\shared_data\raw;windows_meterpreter_reverse_https.exe.text.rdata.reloc;Detectados;Troyano;Alta;Parcial;TFM-VI\V;Usuario activo
Hoy, 5/24/2026 7:45:35 AM;\\VBoxSvr\shared_data\raw\windows_shell_hidden_bind_tcp.exe.text.rdata.data.reloc;Detectados;Objeto malicioso detectado;HEUR:Trojan.Win32.Generic;Análisis experto;Archivo;\\VBoxSvr\shared_data\raw;windows_shell_hidden_bind_tcp.exe.text.rdata.data.reloc;Detectados;Troyano;Alta;Parcial;TFM-VI\V;Usuario activo
Hoy, 5/24/2026 7:45:35 AM;\\VBoxSvr\shared_data\raw\windows_shell_bind_hidden_ipknock_tcp.exe.text;Detectados;Objeto malicioso detectado;HEUR:Trojan.Win32.Generic;Análisis experto;Archivo;\\VBoxSvr\shared_data\raw;windows_shell_bind_hidden_ipknock_tcp.exe.text;Detectados;Troyano;Alta;Parcial;TFM-VI\V;Usuario activo
Hoy, 5/24/2026 7:45:36 AM;\\VBoxSvr\shared_data\raw\windows_shell_bind_tcp.exe.text.rdata;Detectados;Objeto malicioso detectado;HEUR:Trojan.Win32.Generic;Análisis experto;Archivo;\\VBoxSvr\shared_data\raw;windows_shell_bind_tcp.exe.text.rdata;Detectados;Troyano;Alta;Parcial;TFM-VI\V;Usuario activo
Hoy, 5/24/2026 7:45:36 AM;\\VBoxSvr\shared_data\raw\windows_shell_reverse_tcp_rc4.exe._header_.text.rdata;Detectados;Objeto malicioso detectado;HEUR:Trojan.Win32.Shella.gen;Análisis experto;Archivo;\\VBoxSvr\shared_data\raw;windows_shell_reverse_tcp_rc4.exe._header_.text.rdata;Detectados;Troyano;Alta;Análisis heurístico;TFM-VI\V;Usuario activo
Hoy, 5/24/2026 7:45:36 AM;\\VBoxSvr\shared_data\raw\windows_meterpreter_reverse_https.exe.text;Detectados;Objeto malicioso detectado;HEUR:Trojan.Win32.Generic;Análisis experto;Archivo;\\VBoxSvr\shared_data\raw;windows_meterpreter_reverse_https.exe.text;Detectados;Troyano;Alta;Parcial;TFM-VI\V;Usuario activo
Hoy, 5/24/2026 7:45:37 AM;\\VBoxSvr\shared_data\raw\windows_shell_bind_tcp.exe._header_.text;Detectados;Objeto malicioso detectado;HEUR:Trojan.Win32.Shelma.gen;Análisis experto;Archivo;\\VBoxSvr\shared_data\raw;windows_shell_bind_tcp.exe._header_.text;Detectados;Troyano;Alta;Análisis heurístico;TFM-VI\V;Usuario activo
Hoy, 5/24/2026 7:45:37 AM;\\VBoxSvr\shared_data\raw\windows_shell_bind_tcp.exe._header_.rdata.reloc;Detectados;Objeto malicioso detectado;HEUR:Trojan.Win32.Shelma.gen;Análisis experto;Archivo;\\VBoxSvr\shared_data\raw;windows_shell_bind_tcp.exe._header_.rdata.reloc;Detectados;Troyano;Alta;Análisis heurístico;TFM-VI\V;Usuario activo
Hoy, 5/24/2026 7:45:37 AM;\\VBoxSvr\shared_data\raw\windows_shell_bind_tcp.exe._header_.text.rdata.reloc;Detectados;Objeto malicioso detectado;HEUR:Trojan.Win32.Shelma.gen;Análisis experto;Archivo;\\VBoxSvr\shared_data\raw;windows_shell_bind_tcp.exe._header_.text.rdata.reloc;Detectados;Troyano;Alta;Análisis heurístico;TFM-VI\V;Usuario activo
Hoy, 5/24/2026 7:45:37 AM;\\VBoxSvr\shared_data\raw\windows_meterpreter_reverse_http.exe.rdata.reloc;Detectados;Objeto malicioso detectado;HEUR:Trojan.Win32.Generic;Análisis experto;Archivo;\\VBoxSvr\shared_data\raw;windows_meterpreter_reverse_http.exe.rdata.reloc;Detectados;Troyano;Alta;Parcial;TFM-VI\V;Usuario activo
Hoy, 5/24/2026 7:45:37 AM;\\VBoxSvr\shared_data\raw\windows_shell_bind_hidden_ipknock_tcp.exe.reloc;Detectados;Objeto malicioso detectado;HEUR:Trojan.Win32.Generic;Análisis experto;Archivo;\\VBoxSvr\shared_data\raw;windows_shell_bind_hidden_ipknock_tcp.exe.reloc;Detectados;Troyano;Alta;Parcial;TFM-VI\V;Usuario activo
Hoy, 5/24/2026 7:45:37 AM;\\VBoxSvr\shared_data\raw\windows_encrypted_shell_reverse_tcp.exe.rdata;Detectados;Objeto malicioso detectado;HEUR:Trojan.Win32.Generic;Análisis experto;Archivo;\\VBoxSvr\shared_data\raw;windows_encrypted_shell_reverse_tcp.exe.rdata;Detectados;Troyano;Alta;Parcial;TFM-VI\V;Usuario activo
Hoy, 5/24/2026 7:45:37 AM;\\VBoxSvr\shared_data\raw\windows_shell_hidden_bind_tcp.exe.text.rdata;Detectados;Objeto malicioso detectado;HEUR:Trojan.Win32.Generic;Análisis experto;Archivo;\\VBoxSvr\shared_data\raw;windows_shell_hidden_bind_tcp.exe.text.rdata;Detectados;Troyano;Alta;Parcial;TFM-VI\V;Usuario activo
Hoy, 5/24/2026 7:45:37 AM;\\VBoxSvr\shared_data\raw\windows_shell_bind_tcp.exe.text.data.reloc;Detectados;Objeto malicioso detectado;HEUR:Trojan.Win32.Generic;Análisis experto;Archivo;\\VBoxSvr\shared_data\raw;windows_shell_bind_tcp.exe.text.data.reloc;Detectados;Troyano;Alta;Parcial;TFM-VI\V;Usuario activo
Hoy, 5/24/2026 7:45:37 AM;\\VBoxSvr\shared_data\raw\windows_shell_reverse_tcp_rc4.exe.text.rdata;Detectados;Objeto malicioso detectado;HEUR:Trojan.Win32.Generic;Análisis experto;Archivo;\\VBoxSvr\shared_data\raw;windows_shell_reverse_tcp_rc4.exe.text.rdata;Detectados;Troyano;Alta;Parcial;TFM-VI\V;Usuario activo
Hoy, 5/24/2026 7:45:38 AM;\\VBoxSvr\shared_data\raw\windows_shell_hidden_bind_tcp.exe.text.reloc;Detectados;Objeto malicioso detectado;HEUR:Trojan.Win32.Generic;Análisis experto;Archivo;\\VBoxSvr\shared_data\raw;windows_shell_hidden_bind_tcp.exe.text.reloc;Detectados;Troyano;Alta;Parcial;TFM-VI\V;Usuario activo
Hoy, 5/24/2026 7:45:38 AM;\\VBoxSvr\shared_data\raw\windows_shell_bind_tcp.exe._header_.text.rdata.data.reloc;Detectados;Objeto malicioso detectado;HEUR:Trojan.Win32.Shelma.gen;Análisis experto;Archivo;\\VBoxSvr\shared_data\raw;windows_shell_bind_tcp.exe._header_.text.rdata.data.reloc;Detectados;Troyano;Alta;Análisis heurístico;TFM-VI\V;Usuario activo
Hoy, 5/24/2026 7:45:38 AM;\\VBoxSvr\shared_data\raw\windows_shell_hidden_bind_tcp.exe.text.rdata.data;Detectados;Objeto malicioso detectado;HEUR:Trojan.Win32.Generic;Análisis experto;Archivo;\\VBoxSvr\shared_data\raw;windows_shell_hidden_bind_tcp.exe.text.rdata.data;Detectados;Troyano;Alta;Parcial;TFM-VI\V;Usuario activo
Hoy, 5/24/2026 7:45:39 AM;\\VBoxSvr\shared_data\raw\windows_meterpreter_reverse_https.exe.rdata.data.reloc;Detectados;Objeto malicioso detectado;HEUR:Trojan.Win32.Generic;Análisis experto;Archivo;\\VBoxSvr\shared_data\raw;windows_meterpreter_reverse_https.exe.rdata.data.reloc;Detectados;Troyano;Alta;Parcial;TFM-VI\V;Usuario activo
Hoy, 5/24/2026 7:45:39 AM;\\VBoxSvr\shared_data\raw\windows_shell_bind_hidden_ipknock_tcp.exe.text.data;Detectados;Objeto malicioso detectado;HEUR:Trojan.Win32.Generic;Análisis experto;Archivo;\\VBoxSvr\shared_data\raw;windows_shell_bind_hidden_ipknock_tcp.exe.text.data;Detectados;Troyano;Alta;Parcial;TFM-VI\V;Usuario activo
Hoy, 5/24/2026 7:45:39 AM;\\VBoxSvr\shared_data\raw\windows_shell_bind_tcp.exe.text;Detectados;Objeto malicioso detectado;HEUR:Trojan.Win32.Generic;Análisis experto;Archivo;\\VBoxSvr\shared_data\raw;windows_shell_bind_tcp.exe.text;Detectados;Troyano;Alta;Parcial;TFM-VI\V;Usuario activo
Hoy, 5/24/2026 7:45:39 AM;\\VBoxSvr\shared_data\raw\windows_shell_bind_tcp.exe._header_;Detectados;Objeto malicioso detectado;HEUR:Trojan.Win32.Shelma.gen;Análisis experto;Archivo;\\VBoxSvr\shared_data\raw;windows_shell_bind_tcp.exe._header_;Detectados;Troyano;Alta;Análisis heurístico;TFM-VI\V;Usuario activo
Hoy, 5/24/2026 7:45:40 AM;\\VBoxSvr\shared_data\raw\windows_meterpreter_reverse_tcp.exe.data.reloc;Detectados;Objeto malicioso detectado;HEUR:Trojan.Win32.Generic;Análisis experto;Archivo;\\VBoxSvr\shared_data\raw;windows_meterpreter_reverse_tcp.exe.data.reloc;Detectados;Troyano;Alta;Parcial;TFM-VI\V;Usuario activo
Hoy, 5/24/2026 7:45:40 AM;\\VBoxSvr\shared_data\raw\windows_meterpreter_reverse_http.exe.text.rdata.data.reloc;Detectados;Objeto malicioso detectado;HEUR:Trojan.Win32.Generic;Análisis experto;Archivo;\\VBoxSvr\shared_data\raw;windows_meterpreter_reverse_http.exe.text.rdata.data.reloc;Detectados;Troyano;Alta;Parcial;TFM-VI\V;Usuario activo
Hoy, 5/24/2026 7:45:40 AM;\\VBoxSvr\shared_data\raw\windows_shell_bind_tcp.exe.rdata.data;Detectados;Objeto malicioso detectado;HEUR:Trojan.Win32.Generic;Análisis experto;Archivo;\\VBoxSvr\shared_data\raw;windows_shell_bind_tcp.exe.rdata.data;Detectados;Troyano;Alta;Parcial;TFM-VI\V;Usuario activo
Hoy, 5/24/2026 7:45:40 AM;\\VBoxSvr\shared_data\raw\windows_shell_bind_tcp.exe;Detectados;Objeto malicioso detectado;HEUR:Trojan.Win32.Generic;Análisis experto;Archivo;\\VBoxSvr\shared_data\raw;windows_shell_bind_tcp.exe;Detectados;Troyano;Alta;Parcial;TFM-VI\V;Usuario activo
Hoy, 5/24/2026 7:45:41 AM;\\VBoxSvr\shared_data\raw\windows_encrypted_shell_reverse_tcp.exe.text.rdata.data;Detectados;Objeto malicioso detectado;HEUR:Trojan.Win32.Generic;Análisis experto;Archivo;\\VBoxSvr\shared_data\raw;windows_encrypted_shell_reverse_tcp.exe.text.rdata.data;Detectados;Troyano;Alta;Parcial;TFM-VI\V;Usuario activo
Hoy, 5/24/2026 7:45:41 AM;\\VBoxSvr\shared_data\raw\windows_pingback_bind_tcp.exe.text.rdata.data;Detectados;Objeto malicioso detectado;HEUR:Trojan.Win32.Generic;Análisis experto;Archivo;\\VBoxSvr\shared_data\raw;windows_pingback_bind_tcp.exe.text.rdata.data;Detectados;Troyano;Alta;Parcial;TFM-VI\V;Usuario activo
Hoy, 5/24/2026 7:45:41 AM;\\VBoxSvr\shared_data\raw\windows_meterpreter_reverse_http.exe.text.rdata;Detectados;Objeto malicioso detectado;HEUR:Trojan.Win32.Generic;Análisis experto;Archivo;\\VBoxSvr\shared_data\raw;windows_meterpreter_reverse_http.exe.text.rdata;Detectados;Troyano;Alta;Parcial;TFM-VI\V;Usuario activo
Hoy, 5/24/2026 7:45:42 AM;\\VBoxSvr\shared_data\raw\windows_exec.exe.text;Detectados;Objeto malicioso detectado;HEUR:Trojan.Win32.Generic;Análisis experto;Archivo;\\VBoxSvr\shared_data\raw;windows_exec.exe.text;Detectados;Troyano;Alta;Análisis heurístico;TFM-VI\V;Usuario activo
Hoy, 5/24/2026 7:45:42 AM;\\VBoxSvr\shared_data\raw\windows_meterpreter_reverse_https.exe.text.rdata.data.reloc;Detectados;Objeto malicioso detectado;HEUR:Trojan.Win32.Generic;Análisis experto;Archivo;\\VBoxSvr\shared_data\raw;windows_meterpreter_reverse_https.exe.text.rdata.data.reloc;Detectados;Troyano;Alta;Parcial;TFM-VI\V;Usuario activo
Hoy, 5/24/2026 7:45:42 AM;\\VBoxSvr\shared_data\raw\windows_meterpreter_bind_tcp.exe.rdata.data.reloc;Detectados;Objeto malicioso detectado;HEUR:Trojan.Win32.Generic;Análisis experto;Archivo;\\VBoxSvr\shared_data\raw;windows_meterpreter_bind_tcp.exe.rdata.data.reloc;Detectados;Troyano;Alta;Parcial;TFM-VI\V;Usuario activo
Hoy, 5/24/2026 7:45:42 AM;\\VBoxSvr\shared_data\raw\windows_powershell_bind_tcp.exe.rdata.data;Detectados;Objeto malicioso detectado;HEUR:Trojan.Win32.Generic;Análisis experto;Archivo;\\VBoxSvr\shared_data\raw;windows_powershell_bind_tcp.exe.rdata.data;Detectados;Troyano;Alta;Análisis heurístico;TFM-VI\V;Usuario activo
Hoy, 5/24/2026 7:45:43 AM;\\VBoxSvr\shared_data\raw\windows_meterpreter_reverse_https.exe.rdata.data;Detectados;Objeto malicioso detectado;HEUR:Trojan.Win32.Generic;Análisis experto;Archivo;\\VBoxSvr\shared_data\raw;windows_meterpreter_reverse_https.exe.rdata.data;Detectados;Troyano;Alta;Parcial;TFM-VI\V;Usuario activo
Hoy, 5/24/2026 7:45:43 AM;\\VBoxSvr\shared_data\raw\windows_meterpreter_reverse_https.exe.rdata.reloc;Detectados;Objeto malicioso detectado;HEUR:Trojan.Win32.Generic;Análisis experto;Archivo;\\VBoxSvr\shared_data\raw;windows_meterpreter_reverse_https.exe.rdata.reloc;Detectados;Troyano;Alta;Parcial;TFM-VI\V;Usuario activo
Hoy, 5/24/2026 7:45:43 AM;\\VBoxSvr\shared_data\raw\windows_meterpreter_reverse_https.exe.text.rdata.data;Detectados;Objeto malicioso detectado;HEUR:Trojan.Win32.Generic;Análisis experto;Archivo;\\VBoxSvr\shared_data\raw;windows_meterpreter_reverse_https.exe.text.rdata.data;Detectados;Troyano;Alta;Parcial;TFM-VI\V;Usuario activo
Hoy, 5/24/2026 7:45:43 AM;\\VBoxSvr\shared_data\raw\windows_meterpreter_bind_tcp.exe.text.rdata.reloc;Detectados;Objeto malicioso detectado;HEUR:Trojan.Win32.Generic;Análisis experto;Archivo;\\VBoxSvr\shared_data\raw;windows_meterpreter_bind_tcp.exe.text.rdata.reloc;Detectados;Troyano;Alta;Parcial;TFM-VI\V;Usuario activo
Hoy, 5/24/2026 7:45:43 AM;\\VBoxSvr\shared_data\raw\windows_pingback_reverse_tcp.exe.text.data.reloc;Detectados;Objeto malicioso detectado;HEUR:Trojan.Win32.Generic;Análisis experto;Archivo;\\VBoxSvr\shared_data\raw;windows_pingback_reverse_tcp.exe.text.data.reloc;Detectados;Troyano;Alta;Parcial;TFM-VI\V;Usuario activo
Hoy, 5/24/2026 7:45:44 AM;\\VBoxSvr\shared_data\raw\windows_powershell_reverse_tcp.exe.rdata.reloc;Detectados;Objeto malicioso detectado;HEUR:Trojan.Win32.Generic;Análisis experto;Archivo;\\VBoxSvr\shared_data\raw;windows_powershell_reverse_tcp.exe.rdata.reloc;Detectados;Troyano;Alta;Análisis heurístico;TFM-VI\V;Usuario activo
Hoy, 5/24/2026 7:45:44 AM;\\VBoxSvr\shared_data\raw\windows_powershell_reverse_tcp_ssl.exe.text.rdata.data;Detectados;Objeto malicioso detectado;HEUR:Trojan.Win32.Generic;Análisis experto;Archivo;\\VBoxSvr\shared_data\raw;windows_powershell_reverse_tcp_ssl.exe.text.rdata.data;Detectados;Troyano;Alta;Análisis heurístico;TFM-VI\V;Usuario activo
Hoy, 5/24/2026 7:45:44 AM;\\VBoxSvr\shared_data\raw\windows_meterpreter_reverse_tcp.exe.text.rdata;Detectados;Objeto malicioso detectado;HEUR:Trojan.Win32.Generic;Análisis experto;Archivo;\\VBoxSvr\shared_data\raw;windows_meterpreter_reverse_tcp.exe.text.rdata;Detectados;Troyano;Alta;Parcial;TFM-VI\V;Usuario activo
Hoy, 5/24/2026 7:45:45 AM;\\VBoxSvr\shared_data\raw\windows_meterpreter_bind_tcp.exe.text.rdata.data;Detectados;Objeto malicioso detectado;HEUR:Trojan.Win32.Generic;Análisis experto;Archivo;\\VBoxSvr\shared_data\raw;windows_meterpreter_bind_tcp.exe.text.rdata.data;Detectados;Troyano;Alta;Parcial;TFM-VI\V;Usuario activo
Hoy, 5/24/2026 7:45:45 AM;\\VBoxSvr\shared_data\raw\windows_pingback_bind_tcp.exe.text.rdata;Detectados;Objeto malicioso detectado;HEUR:Trojan.Win32.Generic;Análisis experto;Archivo;\\VBoxSvr\shared_data\raw;windows_pingback_bind_tcp.exe.text.rdata;Detectados;Troyano;Alta;Parcial;TFM-VI\V;Usuario activo
Hoy, 5/24/2026 7:45:45 AM;\\VBoxSvr\shared_data\raw\windows_shell_hidden_bind_tcp.exe.rdata.reloc;Detectados;Objeto malicioso detectado;HEUR:Trojan.Win32.Generic;Análisis experto;Archivo;\\VBoxSvr\shared_data\raw;windows_shell_hidden_bind_tcp.exe.rdata.reloc;Detectados;Troyano;Alta;Parcial;TFM-VI\V;Usuario activo
Hoy, 5/24/2026 7:45:46 AM;\\VBoxSvr\shared_data\raw\windows_pingback_reverse_tcp.exe.text.data;Detectados;Objeto malicioso detectado;HEUR:Trojan.Win32.Generic;Análisis experto;Archivo;\\VBoxSvr\shared_data\raw;windows_pingback_reverse_tcp.exe.text.data;Detectados;Troyano;Alta;Parcial;TFM-VI\V;Usuario activo
Hoy, 5/24/2026 7:45:46 AM;\\VBoxSvr\shared_data\raw\windows_shell_reverse_tcp_rc4.exe._header_.text.data;Detectados;Objeto malicioso detectado;HEUR:Trojan.Win32.Shella.gen;Análisis experto;Archivo;\\VBoxSvr\shared_data\raw;windows_shell_reverse_tcp_rc4.exe._header_.text.data;Detectados;Troyano;Alta;Análisis heurístico;TFM-VI\V;Usuario activo
Hoy, 5/24/2026 7:45:46 AM;\\VBoxSvr\shared_data\raw\windows_pingback_reverse_tcp.exe.reloc;Detectados;Objeto malicioso detectado;HEUR:Trojan.Win32.Generic;Análisis experto;Archivo;\\VBoxSvr\shared_data\raw;windows_pingback_reverse_tcp.exe.reloc;Detectados;Troyano;Alta;Parcial;TFM-VI\V;Usuario activo
Hoy, 5/24/2026 7:45:46 AM;\\VBoxSvr\shared_data\raw\windows_meterpreter_reverse_tcp.exe.rdata;Detectados;Objeto malicioso detectado;HEUR:Trojan.Win32.Generic;Análisis experto;Archivo;\\VBoxSvr\shared_data\raw;windows_meterpreter_reverse_tcp.exe.rdata;Detectados;Troyano;Alta;Parcial;TFM-VI\V;Usuario activo
Hoy, 5/24/2026 7:45:46 AM;\\VBoxSvr\shared_data\raw\windows_shell_reverse_tcp_rc4.exe._header_.text.reloc;Detectados;Objeto malicioso detectado;HEUR:Trojan.Win32.Shella.gen;Análisis experto;Archivo;\\VBoxSvr\shared_data\raw;windows_shell_reverse_tcp_rc4.exe._header_.text.reloc;Detectados;Troyano;Alta;Análisis heurístico;TFM-VI\V;Usuario activo
Hoy, 5/24/2026 7:45:46 AM;\\VBoxSvr\shared_data\raw\windows_shell_reverse_tcp_rc4.exe.reloc;Detectados;Objeto malicioso detectado;HEUR:Trojan.Win32.Generic;Análisis experto;Archivo;\\VBoxSvr\shared_data\raw;windows_shell_reverse_tcp_rc4.exe.reloc;Detectados;Troyano;Alta;Parcial;TFM-VI\V;Usuario activo
Hoy, 5/24/2026 7:45:46 AM;\\VBoxSvr\shared_data\raw\windows_meterpreter_reverse_https.exe.reloc;Detectados;Objeto malicioso detectado;HEUR:Trojan.Win32.Generic;Análisis experto;Archivo;\\VBoxSvr\shared_data\raw;windows_meterpreter_reverse_https.exe.reloc;Detectados;Troyano;Alta;Parcial;TFM-VI\V;Usuario activo
Hoy, 5/24/2026 7:45:46 AM;\\VBoxSvr\shared_data\raw\windows_shell_bind_hidden_ipknock_tcp.exe.rdata;Detectados;Objeto malicioso detectado;HEUR:Trojan.Win32.Generic;Análisis experto;Archivo;\\VBoxSvr\shared_data\raw;windows_shell_bind_hidden_ipknock_tcp.exe.rdata;Detectados;Troyano;Alta;Parcial;TFM-VI\V;Usuario activo
Hoy, 5/24/2026 7:45:47 AM;\\VBoxSvr\shared_data\raw\windows_powershell_reverse_tcp_ssl.exe.rdata.reloc;Detectados;Objeto malicioso detectado;HEUR:Trojan.Win32.Generic;Análisis experto;Archivo;\\VBoxSvr\shared_data\raw;windows_powershell_reverse_tcp_ssl.exe.rdata.reloc;Detectados;Troyano;Alta;Análisis heurístico;TFM-VI\V;Usuario activo
Hoy, 5/24/2026 7:45:47 AM;\\VBoxSvr\shared_data\raw\windows_shell_reverse_tcp_rc4.exe.text.reloc;Detectados;Objeto malicioso detectado;HEUR:Trojan.Win32.Generic;Análisis experto;Archivo;\\VBoxSvr\shared_data\raw;windows_shell_reverse_tcp_rc4.exe.text.reloc;Detectados;Troyano;Alta;Parcial;TFM-VI\V;Usuario activo
Hoy, 5/24/2026 7:45:47 AM;\\VBoxSvr\shared_data\raw\windows_shell_reverse_tcp_rc4.exe.data;Detectados;Objeto malicioso detectado;HEUR:Trojan.Win32.Generic;Análisis experto;Archivo;\\VBoxSvr\shared_data\raw;windows_shell_reverse_tcp_rc4.exe.data;Detectados;Troyano;Alta;Parcial;TFM-VI\V;Usuario activo
Hoy, 5/24/2026 7:45:47 AM;\\VBoxSvr\shared_data\raw\windows_shell_bind_tcp.exe._header_.reloc;Detectados;Objeto malicioso detectado;HEUR:Trojan.Win32.Shelma.gen;Análisis experto;Archivo;\\VBoxSvr\shared_data\raw;windows_shell_bind_tcp.exe._header_.reloc;Detectados;Troyano;Alta;Análisis heurístico;TFM-VI\V;Usuario activo
Hoy, 5/24/2026 7:45:47 AM;\\VBoxSvr\shared_data\raw\windows_shell_reverse_tcp_rc4.exe._header_.text.rdata.data;Detectados;Objeto malicioso detectado;HEUR:Trojan.Win32.Shella.gen;Análisis experto;Archivo;\\VBoxSvr\shared_data\raw;windows_shell_reverse_tcp_rc4.exe._header_.text.rdata.data;Detectados;Troyano;Alta;Análisis heurístico;TFM-VI\V;Usuario activo
Hoy, 5/24/2026 7:45:47 AM;\\VBoxSvr\shared_data\raw\windows_shell_bind_hidden_ipknock_tcp.exe;Detectados;Objeto malicioso detectado;HEUR:Trojan.Win32.Generic;Análisis experto;Archivo;\\VBoxSvr\shared_data\raw;windows_shell_bind_hidden_ipknock_tcp.exe;Detectados;Troyano;Alta;Parcial;TFM-VI\V;Usuario activo
Hoy, 5/24/2026 7:45:47 AM;\\VBoxSvr\shared_data\raw\windows_pingback_bind_tcp.exe.text.data;Detectados;Objeto malicioso detectado;HEUR:Trojan.Win32.Generic;Análisis experto;Archivo;\\VBoxSvr\shared_data\raw;windows_pingback_bind_tcp.exe.text.data;Detectados;Troyano;Alta;Parcial;TFM-VI\V;Usuario activo
Hoy, 5/24/2026 7:45:47 AM;\\VBoxSvr\shared_data\raw\windows_shell_hidden_bind_tcp.exe;Detectados;Objeto malicioso detectado;HEUR:Trojan.Win32.Generic;Análisis experto;Archivo;\\VBoxSvr\shared_data\raw;windows_shell_hidden_bind_tcp.exe;Detectados;Troyano;Alta;Parcial;TFM-VI\V;Usuario activo
Hoy, 5/24/2026 7:45:47 AM;\\VBoxSvr\shared_data\raw\windows_pingback_bind_tcp.exe.text.reloc;Detectados;Objeto malicioso detectado;HEUR:Trojan.Win32.Generic;Análisis experto;Archivo;\\VBoxSvr\shared_data\raw;windows_pingback_bind_tcp.exe.text.reloc;Detectados;Troyano;Alta;Parcial;TFM-VI\V;Usuario activo
Hoy, 5/24/2026 7:45:47 AM;\\VBoxSvr\shared_data\raw\windows_powershell_reverse_tcp.exe.rdata.data;Detectados;Objeto malicioso detectado;HEUR:Trojan.Win32.Generic;Análisis experto;Archivo;\\VBoxSvr\shared_data\raw;windows_powershell_reverse_tcp.exe.rdata.data;Detectados;Troyano;Alta;Análisis heurístico;TFM-VI\V;Usuario activo
Hoy, 5/24/2026 7:45:47 AM;\\VBoxSvr\shared_data\raw\windows_powershell_bind_tcp.exe.text.reloc;Detectados;Objeto malicioso detectado;HEUR:Trojan.Win32.Generic;Análisis experto;Archivo;\\VBoxSvr\shared_data\raw;windows_powershell_bind_tcp.exe.text.reloc;Detectados;Troyano;Alta;Análisis heurístico;TFM-VI\V;Usuario activo
Hoy, 5/24/2026 7:45:47 AM;\\VBoxSvr\shared_data\raw\windows_exec.exe.reloc;Detectados;Objeto malicioso detectado;HEUR:Trojan.Win32.Generic;Análisis experto;Archivo;\\VBoxSvr\shared_data\raw;windows_exec.exe.reloc;Detectados;Troyano;Alta;Análisis heurístico;TFM-VI\V;Usuario activo
Hoy, 5/24/2026 7:45:48 AM;\\VBoxSvr\shared_data\raw\windows_shell_bind_tcp.exe.text.rdata.data;Detectados;Objeto malicioso detectado;HEUR:Trojan.Win32.Generic;Análisis experto;Archivo;\\VBoxSvr\shared_data\raw;windows_shell_bind_tcp.exe.text.rdata.data;Detectados;Troyano;Alta;Parcial;TFM-VI\V;Usuario activo
Hoy, 5/24/2026 7:45:48 AM;\\VBoxSvr\shared_data\raw\windows_meterpreter_bind_tcp.exe.reloc;Detectados;Objeto malicioso detectado;HEUR:Trojan.Win32.Generic;Análisis experto;Archivo;\\VBoxSvr\shared_data\raw;windows_meterpreter_bind_tcp.exe.reloc;Detectados;Troyano;Alta;Parcial;TFM-VI\V;Usuario activo
Hoy, 5/24/2026 7:45:48 AM;\\VBoxSvr\shared_data\raw\windows_powershell_reverse_tcp.exe.text;Detectados;Objeto malicioso detectado;HEUR:Trojan.Win32.Generic;Análisis experto;Archivo;\\VBoxSvr\shared_data\raw;windows_powershell_reverse_tcp.exe.text;Detectados;Troyano;Alta;Análisis heurístico;TFM-VI\V;Usuario activo
Hoy, 5/24/2026 7:45:48 AM;\\VBoxSvr\shared_data\raw\windows_shell_bind_hidden_ipknock_tcp.exe.text.rdata.data;Detectados;Objeto malicioso detectado;HEUR:Trojan.Win32.Generic;Análisis experto;Archivo;\\VBoxSvr\shared_data\raw;windows_shell_bind_hidden_ipknock_tcp.exe.text.rdata.data;Detectados;Troyano;Alta;Parcial;TFM-VI\V;Usuario activo
Hoy, 5/24/2026 7:45:48 AM;\\VBoxSvr\shared_data\raw\windows_meterpreter_bind_tcp.exe;Detectados;Objeto malicioso detectado;HEUR:Trojan.Win32.Generic;Análisis experto;Archivo;\\VBoxSvr\shared_data\raw;windows_meterpreter_bind_tcp.exe;Detectados;Troyano;Alta;Parcial;TFM-VI\V;Usuario activo
Hoy, 5/24/2026 7:45:48 AM;\\VBoxSvr\shared_data\raw\windows_meterpreter_reverse_http.exe.text.rdata.reloc;Detectados;Objeto malicioso detectado;HEUR:Trojan.Win32.Generic;Análisis experto;Archivo;\\VBoxSvr\shared_data\raw;windows_meterpreter_reverse_http.exe.text.rdata.reloc;Detectados;Troyano;Alta;Parcial;TFM-VI\V;Usuario activo
Hoy, 5/24/2026 7:45:49 AM;\\VBoxSvr\shared_data\raw\windows_powershell_bind_tcp.exe.text.rdata.data;Detectados;Objeto malicioso detectado;HEUR:Trojan.Win32.Generic;Análisis experto;Archivo;\\VBoxSvr\shared_data\raw;windows_powershell_bind_tcp.exe.text.rdata.data;Detectados;Troyano;Alta;Análisis heurístico;TFM-VI\V;Usuario activo
Hoy, 5/24/2026 7:45:49 AM;\\VBoxSvr\shared_data\raw\windows_powershell_reverse_tcp_ssl.exe.rdata.data.reloc;Detectados;Objeto malicioso detectado;HEUR:Trojan.Win32.Generic;Análisis experto;Archivo;\\VBoxSvr\shared_data\raw;windows_powershell_reverse_tcp_ssl.exe.rdata.data.reloc;Detectados;Troyano;Alta;Análisis heurístico;TFM-VI\V;Usuario activo
Hoy, 5/24/2026 7:45:49 AM;\\VBoxSvr\shared_data\raw\windows_pingback_reverse_tcp.exe.rdata.data.reloc;Detectados;Objeto malicioso detectado;HEUR:Trojan.Win32.Generic;Análisis experto;Archivo;\\VBoxSvr\shared_data\raw;windows_pingback_reverse_tcp.exe.rdata.data.reloc;Detectados;Troyano;Alta;Parcial;TFM-VI\V;Usuario activo
Hoy, 5/24/2026 7:45:49 AM;\\VBoxSvr\shared_data\raw\windows_powershell_bind_tcp.exe.text.rdata.data.reloc;Detectados;Objeto malicioso detectado;HEUR:Trojan.Win32.Generic;Análisis experto;Archivo;\\VBoxSvr\shared_data\raw;windows_powershell_bind_tcp.exe.text.rdata.data.reloc;Detectados;Troyano;Alta;Análisis heurístico;TFM-VI\V;Usuario activo
Hoy, 5/24/2026 7:45:49 AM;\\VBoxSvr\shared_data\raw\windows_shell_bind_hidden_ipknock_tcp.exe.rdata.data;Detectados;Objeto malicioso detectado;HEUR:Trojan.Win32.Generic;Análisis experto;Archivo;\\VBoxSvr\shared_data\raw;windows_shell_bind_hidden_ipknock_tcp.exe.rdata.data;Detectados;Troyano;Alta;Parcial;TFM-VI\V;Usuario activo
Hoy, 5/24/2026 7:45:49 AM;\\VBoxSvr\shared_data\raw\windows_exec.exe.rdata.data;Detectados;Objeto malicioso detectado;HEUR:Trojan.Win32.Generic;Análisis experto;Archivo;\\VBoxSvr\shared_data\raw;windows_exec.exe.rdata.data;Detectados;Troyano;Alta;Análisis heurístico;TFM-VI\V;Usuario activo
Hoy, 5/24/2026 7:45:49 AM;\\VBoxSvr\shared_data\raw\windows_powershell_bind_tcp.exe.data;Detectados;Objeto malicioso detectado;HEUR:Trojan.Win32.Generic;Análisis experto;Archivo;\\VBoxSvr\shared_data\raw;windows_powershell_bind_tcp.exe.data;Detectados;Troyano;Alta;Análisis heurístico;TFM-VI\V;Usuario activo
Hoy, 5/24/2026 7:45:50 AM;\\VBoxSvr\shared_data\raw\windows_powershell_reverse_tcp_ssl.exe.reloc;Detectados;Objeto malicioso detectado;HEUR:Trojan.Win32.Generic;Análisis experto;Archivo;\\VBoxSvr\shared_data\raw;windows_powershell_reverse_tcp_ssl.exe.reloc;Detectados;Troyano;Alta;Análisis heurístico;TFM-VI\V;Usuario activo
Hoy, 5/24/2026 7:45:51 AM;\\VBoxSvr\shared_data\raw\windows_shell_reverse_tcp_rc4.exe._header_.text.rdata.data.reloc;Detectados;Objeto malicioso detectado;HEUR:Trojan.Win32.Shella.gen;Análisis experto;Archivo;\\VBoxSvr\shared_data\raw;windows_shell_reverse_tcp_rc4.exe._header_.text.rdata.data.reloc;Detectados;Troyano;Alta;Análisis heurístico;TFM-VI\V;Usuario activo
Hoy, 5/24/2026 7:45:51 AM;\\VBoxSvr\shared_data\raw\windows_powershell_reverse_tcp_ssl.exe.text.rdata.reloc;Detectados;Objeto malicioso detectado;HEUR:Trojan.Win32.Generic;Análisis experto;Archivo;\\VBoxSvr\shared_data\raw;windows_powershell_reverse_tcp_ssl.exe.text.rdata.reloc;Detectados;Troyano;Alta;Análisis heurístico;TFM-VI\V;Usuario activo
Hoy, 5/24/2026 7:45:51 AM;\\VBoxSvr\shared_data\raw\windows_powershell_reverse_tcp.exe.text.rdata;Detectados;Objeto malicioso detectado;HEUR:Trojan.Win32.Generic;Análisis experto;Archivo;\\VBoxSvr\shared_data\raw;windows_powershell_reverse_tcp.exe.text.rdata;Detectados;Troyano;Alta;Análisis heurístico;TFM-VI\V;Usuario activo
Hoy, 5/24/2026 7:45:51 AM;\\VBoxSvr\shared_data\raw\windows_shell_reverse_tcp_rc4.exe._header_.rdata.data;Detectados;Objeto malicioso detectado;HEUR:Trojan.Win32.Shella.gen;Análisis experto;Archivo;\\VBoxSvr\shared_data\raw;windows_shell_reverse_tcp_rc4.exe._header_.rdata.data;Detectados;Troyano;Alta;Análisis heurístico;TFM-VI\V;Usuario activo
Hoy, 5/24/2026 7:45:52 AM;\\VBoxSvr\shared_data\raw\windows_encrypted_shell_reverse_tcp.exe.text.rdata.data.reloc;Detectados;Objeto malicioso detectado;HEUR:Trojan.Win32.Generic;Análisis experto;Archivo;\\VBoxSvr\shared_data\raw;windows_encrypted_shell_reverse_tcp.exe.text.rdata.data.reloc;Detectados;Troyano;Alta;Parcial;TFM-VI\V;Usuario activo
Hoy, 5/24/2026 7:45:52 AM;\\VBoxSvr\shared_data\raw\windows_meterpreter_bind_tcp.exe.data;Detectados;Objeto malicioso detectado;HEUR:Trojan.Win32.Generic;Análisis experto;Archivo;\\VBoxSvr\shared_data\raw;windows_meterpreter_bind_tcp.exe.data;Detectados;Troyano;Alta;Parcial;TFM-VI\V;Usuario activo
Hoy, 5/24/2026 7:45:52 AM;\\VBoxSvr\shared_data\raw\windows_exec.exe.data;Detectados;Objeto malicioso detectado;HEUR:Trojan.Win32.Generic;Análisis experto;Archivo;\\VBoxSvr\shared_data\raw;windows_exec.exe.data;Detectados;Troyano;Alta;Análisis heurístico;TFM-VI\V;Usuario activo
Hoy, 5/24/2026 7:45:52 AM;\\VBoxSvr\shared_data\raw\windows_shell_bind_tcp.exe._header_.rdata.data.reloc;Detectados;Objeto malicioso detectado;HEUR:Trojan.Win32.Shelma.gen;Análisis experto;Archivo;\\VBoxSvr\shared_data\raw;windows_shell_bind_tcp.exe._header_.rdata.data.reloc;Detectados;Troyano;Alta;Análisis heurístico;TFM-VI\V;Usuario activo
Hoy, 5/24/2026 7:45:52 AM;\\VBoxSvr\shared_data\raw\windows_meterpreter_reverse_https.exe;Detectados;Objeto malicioso detectado;HEUR:Trojan.Win32.Generic;Análisis experto;Archivo;\\VBoxSvr\shared_data\raw;windows_meterpreter_reverse_https.exe;Detectados;Troyano;Alta;Parcial;TFM-VI\V;Usuario activo
Hoy, 5/24/2026 7:45:52 AM;\\VBoxSvr\shared_data\raw\windows_shell_reverse_tcp_rc4.exe._header_.data;Detectados;Objeto malicioso detectado;HEUR:Trojan.Win32.Shella.gen;Análisis experto;Archivo;\\VBoxSvr\shared_data\raw;windows_shell_reverse_tcp_rc4.exe._header_.data;Detectados;Troyano;Alta;Análisis heurístico;TFM-VI\V;Usuario activo
Hoy, 5/24/2026 7:45:52 AM;\\VBoxSvr\shared_data\raw\windows_shell_reverse_tcp_rc4.exe.rdata.reloc;Detectados;Objeto malicioso detectado;HEUR:Trojan.Win32.Generic;Análisis experto;Archivo;\\VBoxSvr\shared_data\raw;windows_shell_reverse_tcp_rc4.exe.rdata.reloc;Detectados;Troyano;Alta;Parcial;TFM-VI\V;Usuario activo
Hoy, 5/24/2026 7:45:53 AM;\\VBoxSvr\shared_data\raw\windows_encrypted_shell_reverse_tcp.exe;Detectados;Objeto malicioso detectado;HEUR:Trojan.Win32.Generic;Análisis experto;Archivo;\\VBoxSvr\shared_data\raw;windows_encrypted_shell_reverse_tcp.exe;Detectados;Troyano;Alta;Parcial;TFM-VI\V;Usuario activo
Hoy, 5/24/2026 7:45:53 AM;\\VBoxSvr\shared_data\raw\windows_shell_bind_tcp.exe.text.rdata.data.reloc;Detectados;Objeto malicioso detectado;HEUR:Trojan.Win32.Generic;Análisis experto;Archivo;\\VBoxSvr\shared_data\raw;windows_shell_bind_tcp.exe.text.rdata.data.reloc;Detectados;Troyano;Alta;Parcial;TFM-VI\V;Usuario activo
Hoy, 5/24/2026 7:45:53 AM;\\VBoxSvr\shared_data\raw\windows_powershell_reverse_tcp_ssl.exe.text.data.reloc;Detectados;Objeto malicioso detectado;HEUR:Trojan.Win32.Generic;Análisis experto;Archivo;\\VBoxSvr\shared_data\raw;windows_powershell_reverse_tcp_ssl.exe.text.data.reloc;Detectados;Troyano;Alta;Análisis heurístico;TFM-VI\V;Usuario activo
Hoy, 5/24/2026 7:45:53 AM;\\VBoxSvr\shared_data\raw\windows_powershell_reverse_tcp_ssl.exe.data;Detectados;Objeto malicioso detectado;HEUR:Trojan.Win32.Generic;Análisis experto;Archivo;\\VBoxSvr\shared_data\raw;windows_powershell_reverse_tcp_ssl.exe.data;Detectados;Troyano;Alta;Análisis heurístico;TFM-VI\V;Usuario activo
Hoy, 5/24/2026 7:45:53 AM;\\VBoxSvr\shared_data\raw\windows_meterpreter_reverse_tcp.exe.reloc;Detectados;Objeto malicioso detectado;HEUR:Trojan.Win32.Generic;Análisis experto;Archivo;\\VBoxSvr\shared_data\raw;windows_meterpreter_reverse_tcp.exe.reloc;Detectados;Troyano;Alta;Parcial;TFM-VI\V;Usuario activo
Hoy, 5/24/2026 7:45:53 AM;\\VBoxSvr\shared_data\raw\windows_meterpreter_reverse_tcp.exe.rdata.reloc;Detectados;Objeto malicioso detectado;HEUR:Trojan.Win32.Generic;Análisis experto;Archivo;\\VBoxSvr\shared_data\raw;windows_meterpreter_reverse_tcp.exe.rdata.reloc;Detectados;Troyano;Alta;Parcial;TFM-VI\V;Usuario activo
Hoy, 5/24/2026 7:45:53 AM;\\VBoxSvr\shared_data\raw\windows_shell_hidden_bind_tcp.exe.text;Detectados;Objeto malicioso detectado;HEUR:Trojan.Win32.Generic;Análisis experto;Archivo;\\VBoxSvr\shared_data\raw;windows_shell_hidden_bind_tcp.exe.text;Detectados;Troyano;Alta;Parcial;TFM-VI\V;Usuario activo
Hoy, 5/24/2026 7:45:53 AM;\\VBoxSvr\shared_data\raw\windows_pingback_bind_tcp.exe.data.reloc;Detectados;Objeto malicioso detectado;HEUR:Trojan.Win32.Generic;Análisis experto;Archivo;\\VBoxSvr\shared_data\raw;windows_pingback_bind_tcp.exe.data.reloc;Detectados;Troyano;Alta;Parcial;TFM-VI\V;Usuario activo
Hoy, 5/24/2026 7:45:53 AM;\\VBoxSvr\shared_data\raw\windows_shell_hidden_bind_tcp.exe.data;Detectados;Objeto malicioso detectado;HEUR:Trojan.Win32.Generic;Análisis experto;Archivo;\\VBoxSvr\shared_data\raw;windows_shell_hidden_bind_tcp.exe.data;Detectados;Troyano;Alta;Parcial;TFM-VI\V;Usuario activo
Hoy, 5/24/2026 7:45:54 AM;\\VBoxSvr\shared_data\raw\windows_encrypted_shell_reverse_tcp.exe.reloc;Detectados;Objeto malicioso detectado;HEUR:Trojan.Win32.Generic;Análisis experto;Archivo;\\VBoxSvr\shared_data\raw;windows_encrypted_shell_reverse_tcp.exe.reloc;Detectados;Troyano;Alta;Parcial;TFM-VI\V;Usuario activo
Hoy, 5/24/2026 7:45:54 AM;\\VBoxSvr\shared_data\raw\windows_meterpreter_bind_tcp.exe.text.rdata;Detectados;Objeto malicioso detectado;HEUR:Trojan.Win32.Generic;Análisis experto;Archivo;\\VBoxSvr\shared_data\raw;windows_meterpreter_bind_tcp.exe.text.rdata;Detectados;Troyano;Alta;Parcial;TFM-VI\V;Usuario activo
Hoy, 5/24/2026 7:45:55 AM;\\VBoxSvr\shared_data\upx\default\windows_pingback_reverse_tcp.exeUPX0UPX2;Detectados;Objeto malicioso detectado;HEUR:Trojan.Win32.Generic;Análisis experto;Archivo;\\VBoxSvr\shared_data\upx\default;windows_pingback_reverse_tcp.exeUPX0UPX2;Detectados;Troyano;Alta;Parcial;TFM-VI\V;Usuario activo
Hoy, 5/24/2026 7:45:55 AM;\\VBoxSvr\shared_data\upx\default\windows_shell_reverse_tcp_rc4.exe;Detectados;Objeto malicioso detectado;HEUR:Trojan.Win32.Generic;Análisis experto;Archivo;\\VBoxSvr\shared_data\upx\default;windows_shell_reverse_tcp_rc4.exe;Detectados;Troyano;Alta;Parcial;TFM-VI\V;Usuario activo
Hoy, 5/24/2026 7:45:55 AM;\\VBoxSvr\shared_data\upx\default\windows_pingback_reverse_tcp.exeUPX0;Detectados;Objeto malicioso detectado;HEUR:Trojan.Win32.Generic;Análisis experto;Archivo;\\VBoxSvr\shared_data\upx\default;windows_pingback_reverse_tcp.exeUPX0;Detectados;Troyano;Alta;Parcial;TFM-VI\V;Usuario activo
Hoy, 5/24/2026 7:45:55 AM;\\VBoxSvr\shared_data\upx\default\windows_powershell_reverse_tcp.exeUPX2;Detectados;Objeto malicioso detectado;HEUR:Trojan.Win32.Generic;Análisis experto;Archivo;\\VBoxSvr\shared_data\upx\default;windows_powershell_reverse_tcp.exeUPX2;Detectados;Troyano;Alta;Análisis heurístico;TFM-VI\V;Usuario activo
Hoy, 5/24/2026 7:45:55 AM;\\VBoxSvr\shared_data\upx\default\windows_pingback_reverse_tcp.exe;Detectados;Objeto malicioso detectado;HEUR:Trojan.Win32.Generic;Análisis experto;Archivo;\\VBoxSvr\shared_data\upx\default;windows_pingback_reverse_tcp.exe;Detectados;Troyano;Alta;Parcial;TFM-VI\V;Usuario activo
Hoy, 5/24/2026 7:45:56 AM;\\VBoxSvr\shared_data\upx\default\windows_exec.exeUPX0UPX2;Detectados;Objeto malicioso detectado;HEUR:Trojan.Win32.Generic;Análisis experto;Archivo;\\VBoxSvr\shared_data\upx\default;windows_exec.exeUPX0UPX2;Detectados;Troyano;Alta;Análisis heurístico;TFM-VI\V;Usuario activo
Hoy, 5/24/2026 7:45:56 AM;\\VBoxSvr\shared_data\raw\windows_meterpreter_reverse_http.exe.data.reloc;Detectados;Objeto malicioso detectado;HEUR:Trojan.Win32.Generic;Análisis experto;Archivo;\\VBoxSvr\shared_data\raw;windows_meterpreter_reverse_http.exe.data.reloc;Detectados;Troyano;Alta;Parcial;TFM-VI\V;Usuario activo
Hoy, 5/24/2026 7:45:56 AM;\\VBoxSvr\shared_data\upx\default\windows_shell_bind_hidden_ipknock_tcp.exeUPX2;Detectados;Objeto malicioso detectado;HEUR:Trojan.Win32.Generic;Análisis experto;Archivo;\\VBoxSvr\shared_data\upx\default;windows_shell_bind_hidden_ipknock_tcp.exeUPX2;Detectados;Troyano;Alta;Parcial;TFM-VI\V;Usuario activo
Hoy, 5/24/2026 7:45:57 AM;\\VBoxSvr\shared_data\upx\default\windows_shell_reverse_tcp_rc4.exeUPX0UPX2;Detectados;Objeto malicioso detectado;HEUR:Trojan.Win32.Generic;Análisis experto;Archivo;\\VBoxSvr\shared_data\upx\default;windows_shell_reverse_tcp_rc4.exeUPX0UPX2;Detectados;Troyano;Alta;Parcial;TFM-VI\V;Usuario activo
Hoy, 5/24/2026 7:45:57 AM;\\VBoxSvr\shared_data\upx\default\windows_powershell_reverse_tcp_ssl.exeUPX0UPX2;Detectados;Objeto malicioso detectado;HEUR:Trojan.Win32.Generic;Análisis experto;Archivo;\\VBoxSvr\shared_data\upx\default;windows_powershell_reverse_tcp_ssl.exeUPX0UPX2;Detectados;Troyano;Alta;Análisis heurístico;TFM-VI\V;Usuario activo
Hoy, 5/24/2026 7:45:57 AM;\\VBoxSvr\shared_data\upx\default\windows_pingback_bind_tcp.exe;Detectados;Objeto malicioso detectado;HEUR:Trojan.Win32.Generic;Análisis experto;Archivo;\\VBoxSvr\shared_data\upx\default;windows_pingback_bind_tcp.exe;Detectados;Troyano;Alta;Parcial;TFM-VI\V;Usuario activo
Hoy, 5/24/2026 7:45:58 AM;\\VBoxSvr\shared_data\upx\default\windows_powershell_bind_tcp.exeUPX0UPX2;Detectados;Objeto malicioso detectado;HEUR:Trojan.Win32.Generic;Análisis experto;Archivo;\\VBoxSvr\shared_data\upx\default;windows_powershell_bind_tcp.exeUPX0UPX2;Detectados;Troyano;Alta;Análisis heurístico;TFM-VI\V;Usuario activo
Hoy, 5/24/2026 7:45:58 AM;\\VBoxSvr\shared_data\upx\default\windows_shell_bind_hidden_ipknock_tcp.exeUPX0UPX2;Detectados;Objeto malicioso detectado;HEUR:Trojan.Win32.Generic;Análisis experto;Archivo;\\VBoxSvr\shared_data\upx\default;windows_shell_bind_hidden_ipknock_tcp.exeUPX0UPX2;Detectados;Troyano;Alta;Parcial;TFM-VI\V;Usuario activo
Hoy, 5/24/2026 7:45:58 AM;\\VBoxSvr\shared_data\upx\default\windows_powershell_reverse_tcp.exeUPX0;Detectados;Objeto malicioso detectado;HEUR:Trojan.Win32.Generic;Análisis experto;Archivo;\\VBoxSvr\shared_data\upx\default;windows_powershell_reverse_tcp.exeUPX0;Detectados;Troyano;Alta;Análisis heurístico;TFM-VI\V;Usuario activo
Hoy, 5/24/2026 7:46:00 AM;\\VBoxSvr\shared_data\upx\default\windows_meterpreter_reverse_http.exeUPX0;Detectados;Objeto malicioso detectado;HEUR:Trojan.Win32.Generic;Análisis experto;Archivo;\\VBoxSvr\shared_data\upx\default;windows_meterpreter_reverse_http.exeUPX0;Detectados;Troyano;Alta;Parcial;TFM-VI\V;Usuario activo
Hoy, 5/24/2026 7:46:00 AM;\\VBoxSvr\shared_data\upx\default\windows_meterpreter_reverse_tcp.exeUPX0;Detectados;Objeto malicioso detectado;HEUR:Trojan.Win32.Generic;Análisis experto;Archivo;\\VBoxSvr\shared_data\upx\default;windows_meterpreter_reverse_tcp.exeUPX0;Detectados;Troyano;Alta;Parcial;TFM-VI\V;Usuario activo
Hoy, 5/24/2026 7:46:00 AM;\\VBoxSvr\shared_data\upx\default\windows_shell_hidden_bind_tcp.exeUPX0UPX2;Detectados;Objeto malicioso detectado;HEUR:Trojan.Win32.Generic;Análisis experto;Archivo;\\VBoxSvr\shared_data\upx\default;windows_shell_hidden_bind_tcp.exeUPX0UPX2;Detectados;Troyano;Alta;Parcial;TFM-VI\V;Usuario activo
Hoy, 5/24/2026 7:46:01 AM;\\VBoxSvr\shared_data\upx\default\windows_exec.exe;Detectados;Objeto malicioso detectado;HEUR:Trojan.Win32.Generic;Análisis experto;Archivo;\\VBoxSvr\shared_data\upx\default;windows_exec.exe;Detectados;Troyano;Alta;Análisis heurístico;TFM-VI\V;Usuario activo
Hoy, 5/24/2026 7:46:01 AM;\\VBoxSvr\shared_data\upx\default\windows_powershell_bind_tcp.exeUPX2;Detectados;Objeto malicioso detectado;HEUR:Trojan.Win32.Generic;Análisis experto;Archivo;\\VBoxSvr\shared_data\upx\default;windows_powershell_bind_tcp.exeUPX2;Detectados;Troyano;Alta;Análisis heurístico;TFM-VI\V;Usuario activo
Hoy, 5/24/2026 7:46:02 AM;\\VBoxSvr\shared_data\upx\default\windows_powershell_reverse_tcp.exeUPX0UPX2;Detectados;Objeto malicioso detectado;HEUR:Trojan.Win32.Generic;Análisis experto;Archivo;\\VBoxSvr\shared_data\upx\default;windows_powershell_reverse_tcp.exeUPX0UPX2;Detectados;Troyano;Alta;Análisis heurístico;TFM-VI\V;Usuario activo
Hoy, 5/24/2026 7:46:02 AM;\\VBoxSvr\shared_data\upx\default\windows_powershell_reverse_tcp.exe;Detectados;Objeto malicioso detectado;HEUR:Trojan.Win32.Generic;Análisis experto;Archivo;\\VBoxSvr\shared_data\upx\default;windows_powershell_reverse_tcp.exe;Detectados;Troyano;Alta;Análisis heurístico;TFM-VI\V;Usuario activo
Hoy, 5/24/2026 7:46:02 AM;\\VBoxSvr\shared_data\upx\default\windows_powershell_bind_tcp.exe;Detectados;Objeto malicioso detectado;HEUR:Trojan.Win32.Generic;Análisis experto;Archivo;\\VBoxSvr\shared_data\upx\default;windows_powershell_bind_tcp.exe;Detectados;Troyano;Alta;Análisis heurístico;TFM-VI\V;Usuario activo
Hoy, 5/24/2026 7:46:03 AM;\\VBoxSvr\shared_data\upx\default\windows_meterpreter_reverse_http.exeUPX2;Detectados;Objeto malicioso detectado;HEUR:Trojan.Win32.Generic;Análisis experto;Archivo;\\VBoxSvr\shared_data\upx\default;windows_meterpreter_reverse_http.exeUPX2;Detectados;Troyano;Alta;Parcial;TFM-VI\V;Usuario activo
Hoy, 5/24/2026 7:46:04 AM;\\VBoxSvr\shared_data\upx\default\windows_meterpreter_reverse_tcp.exeUPX0UPX2;Detectados;Objeto malicioso detectado;HEUR:Trojan.Win32.Generic;Análisis experto;Archivo;\\VBoxSvr\shared_data\upx\default;windows_meterpreter_reverse_tcp.exeUPX0UPX2;Detectados;Troyano;Alta;Parcial;TFM-VI\V;Usuario activo
Hoy, 5/24/2026 7:46:06 AM;\\VBoxSvr\shared_data\upx\default\windows_meterpreter_reverse_https.exeUPX0UPX2;Detectados;Objeto malicioso detectado;HEUR:Trojan.Win32.Generic;Análisis experto;Archivo;\\VBoxSvr\shared_data\upx\default;windows_meterpreter_reverse_https.exeUPX0UPX2;Detectados;Troyano;Alta;Parcial;TFM-VI\V;Usuario activo
Hoy, 5/24/2026 7:46:06 AM;\\VBoxSvr\shared_data\upx\default\windows_meterpreter_reverse_http.exe;Detectados;Objeto malicioso detectado;HEUR:Trojan.Win32.Generic;Análisis experto;Archivo;\\VBoxSvr\shared_data\upx\default;windows_meterpreter_reverse_http.exe;Detectados;Troyano;Alta;Parcial;TFM-VI\V;Usuario activo
Hoy, 5/24/2026 7:46:07 AM;\\VBoxSvr\shared_data\upx\default\windows_meterpreter_reverse_https.exeUPX0;Detectados;Objeto malicioso detectado;HEUR:Trojan.Win32.Generic;Análisis experto;Archivo;\\VBoxSvr\shared_data\upx\default;windows_meterpreter_reverse_https.exeUPX0;Detectados;Troyano;Alta;Parcial;TFM-VI\V;Usuario activo
Hoy, 5/24/2026 7:46:07 AM;\\VBoxSvr\shared_data\upx\default\windows_pingback_reverse_tcp.exeUPX2;Detectados;Objeto malicioso detectado;HEUR:Trojan.Win32.Generic;Análisis experto;Archivo;\\VBoxSvr\shared_data\upx\default;windows_pingback_reverse_tcp.exeUPX2;Detectados;Troyano;Alta;Parcial;TFM-VI\V;Usuario activo
Hoy, 5/24/2026 7:46:08 AM;\\VBoxSvr\shared_data\upx\default\windows_shell_bind_hidden_ipknock_tcp.exeUPX0;Detectados;Objeto malicioso detectado;HEUR:Trojan.Win32.Generic;Análisis experto;Archivo;\\VBoxSvr\shared_data\upx\default;windows_shell_bind_hidden_ipknock_tcp.exeUPX0;Detectados;Troyano;Alta;Parcial;TFM-VI\V;Usuario activo
Hoy, 5/24/2026 7:46:08 AM;\\VBoxSvr\shared_data\upx\default\windows_shell_hidden_bind_tcp.exeUPX0;Detectados;Objeto malicioso detectado;HEUR:Trojan.Win32.Generic;Análisis experto;Archivo;\\VBoxSvr\shared_data\upx\default;windows_shell_hidden_bind_tcp.exeUPX0;Detectados;Troyano;Alta;Parcial;TFM-VI\V;Usuario activo
Hoy, 5/24/2026 7:46:08 AM;\\VBoxSvr\shared_data\upx\default\windows_powershell_reverse_tcp_ssl.exe;Detectados;Objeto malicioso detectado;HEUR:Trojan.Win32.Generic;Análisis experto;Archivo;\\VBoxSvr\shared_data\upx\default;windows_powershell_reverse_tcp_ssl.exe;Detectados;Troyano;Alta;Análisis heurístico;TFM-VI\V;Usuario activo
Hoy, 5/24/2026 7:46:09 AM;\\VBoxSvr\shared_data\upx\default\windows_meterpreter_reverse_tcp.exe;Detectados;Objeto malicioso detectado;HEUR:Trojan.Win32.Generic;Análisis experto;Archivo;\\VBoxSvr\shared_data\upx\default;windows_meterpreter_reverse_tcp.exe;Detectados;Troyano;Alta;Parcial;TFM-VI\V;Usuario activo
Hoy, 5/24/2026 7:46:10 AM;\\VBoxSvr\shared_data\upx\default\windows_powershell_reverse_tcp_ssl.exeUPX0;Detectados;Objeto malicioso detectado;HEUR:Trojan.Win32.Generic;Análisis experto;Archivo;\\VBoxSvr\shared_data\upx\default;windows_powershell_reverse_tcp_ssl.exeUPX0;Detectados;Troyano;Alta;Análisis heurístico;TFM-VI\V;Usuario activo
Hoy, 5/24/2026 7:46:11 AM;\\VBoxSvr\shared_data\upx\default\windows_shell_bind_tcp.exeUPX0;Detectados;Objeto malicioso detectado;HEUR:Trojan.Win32.Generic;Análisis experto;Archivo;\\VBoxSvr\shared_data\upx\default;windows_shell_bind_tcp.exeUPX0;Detectados;Troyano;Alta;Parcial;TFM-VI\V;Usuario activo
Hoy, 5/24/2026 7:46:11 AM;\\VBoxSvr\shared_data\upx\default\windows_shell_reverse_tcp_rc4.exeUPX0;Detectados;Objeto malicioso detectado;HEUR:Trojan.Win32.Generic;Análisis experto;Archivo;\\VBoxSvr\shared_data\upx\default;windows_shell_reverse_tcp_rc4.exeUPX0;Detectados;Troyano;Alta;Parcial;TFM-VI\V;Usuario activo
Hoy, 5/24/2026 7:46:12 AM;\\VBoxSvr\shared_data\upx\default\windows_meterpreter_reverse_https.exeUPX2;Detectados;Objeto malicioso detectado;HEUR:Trojan.Win32.Generic;Análisis experto;Archivo;\\VBoxSvr\shared_data\upx\default;windows_meterpreter_reverse_https.exeUPX2;Detectados;Troyano;Alta;Parcial;TFM-VI\V;Usuario activo
Hoy, 5/24/2026 7:46:12 AM;\\VBoxSvr\shared_data\upx\default\windows_powershell_reverse_tcp_ssl.exeUPX2;Detectados;Objeto malicioso detectado;HEUR:Trojan.Win32.Generic;Análisis experto;Archivo;\\VBoxSvr\shared_data\upx\default;windows_powershell_reverse_tcp_ssl.exeUPX2;Detectados;Troyano;Alta;Análisis heurístico;TFM-VI\V;Usuario activo
Hoy, 5/24/2026 7:46:12 AM;\\VBoxSvr\shared_data\upx\default\windows_pingback_bind_tcp.exeUPX0;Detectados;Objeto malicioso detectado;HEUR:Trojan.Win32.Generic;Análisis experto;Archivo;\\VBoxSvr\shared_data\upx\default;windows_pingback_bind_tcp.exeUPX0;Detectados;Troyano;Alta;Parcial;TFM-VI\V;Usuario activo
Hoy, 5/24/2026 7:46:12 AM;\\VBoxSvr\shared_data\upx\default\windows_pingback_bind_tcp.exeUPX2;Detectados;Objeto malicioso detectado;HEUR:Trojan.Win32.Generic;Análisis experto;Archivo;\\VBoxSvr\shared_data\upx\default;windows_pingback_bind_tcp.exeUPX2;Detectados;Troyano;Alta;Parcial;TFM-VI\V;Usuario activo
Hoy, 5/24/2026 7:46:12 AM;\\VBoxSvr\shared_data\upx\default\windows_meterpreter_reverse_tcp.exeUPX2;Detectados;Objeto malicioso detectado;HEUR:Trojan.Win32.Generic;Análisis experto;Archivo;\\VBoxSvr\shared_data\upx\default;windows_meterpreter_reverse_tcp.exeUPX2;Detectados;Troyano;Alta;Parcial;TFM-VI\V;Usuario activo
Hoy, 5/24/2026 7:46:12 AM;\\VBoxSvr\shared_data\upx\default\windows_shell_reverse_tcp_rc4.exeUPX2;Detectados;Objeto malicioso detectado;HEUR:Trojan.Win32.Generic;Análisis experto;Archivo;\\VBoxSvr\shared_data\upx\default;windows_shell_reverse_tcp_rc4.exeUPX2;Detectados;Troyano;Alta;Parcial;TFM-VI\V;Usuario activo
Hoy, 5/24/2026 7:46:12 AM;\\VBoxSvr\shared_data\upx\default\windows_meterpreter_bind_tcp.exeUPX2;Detectados;Objeto malicioso detectado;HEUR:Trojan.Win32.Generic;Análisis experto;Archivo;\\VBoxSvr\shared_data\upx\default;windows_meterpreter_bind_tcp.exeUPX2;Detectados;Troyano;Alta;Parcial;TFM-VI\V;Usuario activo
Hoy, 5/24/2026 7:46:13 AM;\\VBoxSvr\shared_data\upx\default\windows_encrypted_shell_reverse_tcp.exeUPX0;Detectados;Objeto malicioso detectado;HEUR:Trojan.Win32.Generic;Análisis experto;Archivo;\\VBoxSvr\shared_data\upx\default;windows_encrypted_shell_reverse_tcp.exeUPX0;Detectados;Troyano;Alta;Parcial;TFM-VI\V;Usuario activo
Hoy, 5/24/2026 7:46:13 AM;\\VBoxSvr\shared_data\upx\default\windows_shell_bind_tcp.exe;Detectados;Objeto malicioso detectado;HEUR:Trojan.Win32.Generic;Análisis experto;Archivo;\\VBoxSvr\shared_data\upx\default;windows_shell_bind_tcp.exe;Detectados;Troyano;Alta;Parcial;TFM-VI\V;Usuario activo
Hoy, 5/24/2026 7:46:13 AM;\\VBoxSvr\shared_data\upx\default\windows_pingback_bind_tcp.exeUPX0UPX2;Detectados;Objeto malicioso detectado;HEUR:Trojan.Win32.Generic;Análisis experto;Archivo;\\VBoxSvr\shared_data\upx\default;windows_pingback_bind_tcp.exeUPX0UPX2;Detectados;Troyano;Alta;Parcial;TFM-VI\V;Usuario activo
Hoy, 5/24/2026 7:46:13 AM;\\VBoxSvr\shared_data\upx\default\windows_exec.exeUPX0;Detectados;Objeto malicioso detectado;HEUR:Trojan.Win32.Generic;Análisis experto;Archivo;\\VBoxSvr\shared_data\upx\default;windows_exec.exeUPX0;Detectados;Troyano;Alta;Análisis heurístico;TFM-VI\V;Usuario activo
Hoy, 5/24/2026 7:46:13 AM;\\VBoxSvr\shared_data\upx\default\windows_shell_bind_tcp.exeUPX2;Detectados;Objeto malicioso detectado;HEUR:Trojan.Win32.Generic;Análisis experto;Archivo;\\VBoxSvr\shared_data\upx\default;windows_shell_bind_tcp.exeUPX2;Detectados;Troyano;Alta;Parcial;TFM-VI\V;Usuario activo
Hoy, 5/24/2026 7:46:13 AM;\\VBoxSvr\shared_data\upx\default\windows_exec.exeUPX2;Detectados;Objeto malicioso detectado;HEUR:Trojan.Win32.Generic;Análisis experto;Archivo;\\VBoxSvr\shared_data\upx\default;windows_exec.exeUPX2;Detectados;Troyano;Alta;Análisis heurístico;TFM-VI\V;Usuario activo
Hoy, 5/24/2026 7:46:14 AM;\\VBoxSvr\shared_data\upx\default\windows_shell_hidden_bind_tcp.exeUPX2;Detectados;Objeto malicioso detectado;HEUR:Trojan.Win32.Generic;Análisis experto;Archivo;\\VBoxSvr\shared_data\upx\default;windows_shell_hidden_bind_tcp.exeUPX2;Detectados;Troyano;Alta;Parcial;TFM-VI\V;Usuario activo
Hoy, 5/24/2026 7:46:14 AM;\\VBoxSvr\shared_data\upx\default\windows_powershell_bind_tcp.exeUPX0;Detectados;Objeto malicioso detectado;HEUR:Trojan.Win32.Generic;Análisis experto;Archivo;\\VBoxSvr\shared_data\upx\default;windows_powershell_bind_tcp.exeUPX0;Detectados;Troyano;Alta;Análisis heurístico;TFM-VI\V;Usuario activo
Hoy, 5/24/2026 7:46:14 AM;\\VBoxSvr\shared_data\upx\default\windows_shell_bind_hidden_ipknock_tcp.exe;Detectados;Objeto malicioso detectado;HEUR:Trojan.Win32.Generic;Análisis experto;Archivo;\\VBoxSvr\shared_data\upx\default;windows_shell_bind_hidden_ipknock_tcp.exe;Detectados;Troyano;Alta;Parcial;TFM-VI\V;Usuario activo
Hoy, 5/24/2026 7:46:14 AM;\\VBoxSvr\shared_data\upx\default\windows_shell_hidden_bind_tcp.exe;Detectados;Objeto malicioso detectado;HEUR:Trojan.Win32.Generic;Análisis experto;Archivo;\\VBoxSvr\shared_data\upx\default;windows_shell_hidden_bind_tcp.exe;Detectados;Troyano;Alta;Parcial;TFM-VI\V;Usuario activo
Hoy, 5/24/2026 7:46:14 AM;\\VBoxSvr\shared_data\upx\default\windows_encrypted_shell_reverse_tcp.exeUPX0UPX2;Detectados;Objeto malicioso detectado;HEUR:Trojan.Win32.Generic;Análisis experto;Archivo;\\VBoxSvr\shared_data\upx\default;windows_encrypted_shell_reverse_tcp.exeUPX0UPX2;Detectados;Troyano;Alta;Parcial;TFM-VI\V;Usuario activo
Hoy, 5/24/2026 7:46:14 AM;\\VBoxSvr\shared_data\upx\default\windows_meterpreter_bind_tcp.exe;Detectados;Objeto malicioso detectado;HEUR:Trojan.Win32.Generic;Análisis experto;Archivo;\\VBoxSvr\shared_data\upx\default;windows_meterpreter_bind_tcp.exe;Detectados;Troyano;Alta;Parcial;TFM-VI\V;Usuario activo
Hoy, 5/24/2026 7:46:14 AM;\\VBoxSvr\shared_data\upx\default\windows_meterpreter_bind_tcp.exeUPX0;Detectados;Objeto malicioso detectado;HEUR:Trojan.Win32.Generic;Análisis experto;Archivo;\\VBoxSvr\shared_data\upx\default;windows_meterpreter_bind_tcp.exeUPX0;Detectados;Troyano;Alta;Parcial;TFM-VI\V;Usuario activo
Hoy, 5/24/2026 7:46:15 AM;\\VBoxSvr\shared_data\upx\default\windows_encrypted_shell_reverse_tcp.exeUPX2;Detectados;Objeto malicioso detectado;HEUR:Trojan.Win32.Generic;Análisis experto;Archivo;\\VBoxSvr\shared_data\upx\default;windows_encrypted_shell_reverse_tcp.exeUPX2;Detectados;Troyano;Alta;Parcial;TFM-VI\V;Usuario activo
Hoy, 5/24/2026 7:46:15 AM;\\VBoxSvr\shared_data\upx\default\windows_meterpreter_bind_tcp.exeUPX0UPX2;Detectados;Objeto malicioso detectado;HEUR:Trojan.Win32.Generic;Análisis experto;Archivo;\\VBoxSvr\shared_data\upx\default;windows_meterpreter_bind_tcp.exeUPX0UPX2;Detectados;Troyano;Alta;Parcial;TFM-VI\V;Usuario activo
Hoy, 5/24/2026 7:46:16 AM;\\VBoxSvr\shared_data\upx\default\windows_shell_bind_tcp.exeUPX0UPX2;Detectados;Objeto malicioso detectado;HEUR:Trojan.Win32.Generic;Análisis experto;Archivo;\\VBoxSvr\shared_data\upx\default;windows_shell_bind_tcp.exeUPX0UPX2;Detectados;Troyano;Alta;Parcial;TFM-VI\V;Usuario activo
Hoy, 5/24/2026 7:46:17 AM;\\VBoxSvr\shared_data\upx\default\windows_encrypted_shell_reverse_tcp.exe;Detectados;Objeto malicioso detectado;HEUR:Trojan.Win32.Generic;Análisis experto;Archivo;\\VBoxSvr\shared_data\upx\default;windows_encrypted_shell_reverse_tcp.exe;Detectados;Troyano;Alta;Parcial;TFM-VI\V;Usuario activo
Hoy, 5/24/2026 7:46:17 AM;\\VBoxSvr\shared_data\mpress\windows_shell_reverse_tcp_rc4.exe;Detectados;Objeto malicioso detectado;HEUR:Trojan.Win32.Generic;Análisis experto;Archivo;\\VBoxSvr\shared_data\mpress;windows_shell_reverse_tcp_rc4.exe;Detectados;Troyano;Alta;Parcial;TFM-VI\V;Usuario activo
Hoy, 5/24/2026 7:46:17 AM;\\VBoxSvr\shared_data\upx\default\windows_meterpreter_reverse_http.exeUPX0UPX2;Detectados;Objeto malicioso detectado;HEUR:Trojan.Win32.Generic;Análisis experto;Archivo;\\VBoxSvr\shared_data\upx\default;windows_meterpreter_reverse_http.exeUPX0UPX2;Detectados;Troyano;Alta;Parcial;TFM-VI\V;Usuario activo
Hoy, 5/24/2026 7:46:17 AM;\\VBoxSvr\shared_data\mpress\windows_pingback_reverse_tcp.exe;Detectados;Objeto malicioso detectado;HEUR:Trojan.Win32.Generic;Análisis experto;Archivo;\\VBoxSvr\shared_data\mpress;windows_pingback_reverse_tcp.exe;Detectados;Troyano;Alta;Parcial;TFM-VI\V;Usuario activo
Hoy, 5/24/2026 7:46:17 AM;\\VBoxSvr\shared_data\mpress\windows_pingback_bind_tcp.exe;Detectados;Objeto malicioso detectado;HEUR:Trojan.Win32.Generic;Análisis experto;Archivo;\\VBoxSvr\shared_data\mpress;windows_pingback_bind_tcp.exe;Detectados;Troyano;Alta;Parcial;TFM-VI\V;Usuario activo
Hoy, 5/24/2026 7:46:18 AM;\\VBoxSvr\shared_data\mpress\windows_exec.exe;Detectados;Objeto malicioso detectado;HEUR:Trojan.Win32.Generic;Aprendizaje automático;Archivo;\\VBoxSvr\shared_data\mpress;windows_exec.exe;Detectados;Troyano;Alta;Análisis heurístico;TFM-VI\V;Usuario activo
Hoy, 5/24/2026 7:46:17 AM;\\VBoxSvr\shared_data\mpress\windows_pingback_bind_tcp.exe.MPRESS1\MPRESS;Dañado;Objeto dañado;;;Archivo;\\VBoxSvr\shared_data\mpress\windows_pingback_bind_tcp.exe.MPRESS1//;MPRESS;Dañado;;;;TFM-VI\V;Iniciador
Hoy, 5/24/2026 7:46:17 AM;\\VBoxSvr\shared_data\mpress\windows_pingback_bind_tcp.exe.MPRESS1;Dañado;Objeto dañado;;;Archivo;\\VBoxSvr\shared_data\mpress;windows_pingback_bind_tcp.exe.MPRESS1;Dañado;;;;TFM-VI\V;Iniciador
Hoy, 5/24/2026 7:46:17 AM;\\VBoxSvr\shared_data\mpress\windows_meterpreter_reverse_https.exe.MPRESS1\MPRESS;Dañado;Objeto dañado;;;Archivo;\\VBoxSvr\shared_data\mpress\windows_meterpreter_reverse_https.exe.MPRESS1//;MPRESS;Dañado;;;;TFM-VI\V;Iniciador
Hoy, 5/24/2026 7:46:17 AM;\\VBoxSvr\shared_data\mpress\windows_meterpreter_reverse_https.exe.MPRESS1;Dañado;Objeto dañado;;;Archivo;\\VBoxSvr\shared_data\mpress;windows_meterpreter_reverse_https.exe.MPRESS1;Dañado;;;;TFM-VI\V;Iniciador
Hoy, 5/24/2026 7:46:18 AM;\\VBoxSvr\shared_data\mpress\windows_shell_hidden_bind_tcp.exe.MPRESS1\MPRESS;Dañado;Objeto dañado;;;Archivo;\\VBoxSvr\shared_data\mpress\windows_shell_hidden_bind_tcp.exe.MPRESS1//;MPRESS;Dañado;;;;TFM-VI\V;Iniciador
Hoy, 5/24/2026 7:46:18 AM;\\VBoxSvr\shared_data\mpress\windows_shell_hidden_bind_tcp.exe.MPRESS1;Dañado;Objeto dañado;;;Archivo;\\VBoxSvr\shared_data\mpress;windows_shell_hidden_bind_tcp.exe.MPRESS1;Dañado;;;;TFM-VI\V;Iniciador
Hoy, 5/24/2026 7:46:18 AM;\\VBoxSvr\shared_data\mpress\windows_shell_bind_hidden_ipknock_tcp.exe.MPRESS1\MPRESS;Dañado;Objeto dañado;;;Archivo;\\VBoxSvr\shared_data\mpress\windows_shell_bind_hidden_ipknock_tcp.exe.MPRESS1//;MPRESS;Dañado;;;;TFM-VI\V;Iniciador
Hoy, 5/24/2026 7:46:18 AM;\\VBoxSvr\shared_data\mpress\windows_shell_bind_hidden_ipknock_tcp.exe.MPRESS1;Dañado;Objeto dañado;;;Archivo;\\VBoxSvr\shared_data\mpress;windows_shell_bind_hidden_ipknock_tcp.exe.MPRESS1;Dañado;;;;TFM-VI\V;Iniciador
Hoy, 5/24/2026 7:46:18 AM;\\VBoxSvr\shared_data\mpress\windows_shell_reverse_tcp_rc4.exe.MPRESS1\MPRESS;Dañado;Objeto dañado;;;Archivo;\\VBoxSvr\shared_data\mpress\windows_shell_reverse_tcp_rc4.exe.MPRESS1//;MPRESS;Dañado;;;;TFM-VI\V;Iniciador
Hoy, 5/24/2026 7:46:18 AM;\\VBoxSvr\shared_data\mpress\windows_shell_reverse_tcp_rc4.exe.MPRESS1;Dañado;Objeto dañado;;;Archivo;\\VBoxSvr\shared_data\mpress;windows_shell_reverse_tcp_rc4.exe.MPRESS1;Dañado;;;;TFM-VI\V;Iniciador
Hoy, 5/24/2026 7:46:18 AM;\\VBoxSvr\shared_data\mpress\windows_meterpreter_reverse_tcp.exe.MPRESS1\MPRESS;Dañado;Objeto dañado;;;Archivo;\\VBoxSvr\shared_data\mpress\windows_meterpreter_reverse_tcp.exe.MPRESS1//;MPRESS;Dañado;;;;TFM-VI\V;Iniciador
Hoy, 5/24/2026 7:46:18 AM;\\VBoxSvr\shared_data\mpress\windows_meterpreter_reverse_tcp.exe.MPRESS1;Dañado;Objeto dañado;;;Archivo;\\VBoxSvr\shared_data\mpress;windows_meterpreter_reverse_tcp.exe.MPRESS1;Dañado;;;;TFM-VI\V;Iniciador
Hoy, 5/24/2026 7:46:18 AM;\\VBoxSvr\shared_data\mpress\windows_encrypted_shell_reverse_tcp.exe.MPRESS1\MPRESS;Dañado;Objeto dañado;;;Archivo;\\VBoxSvr\shared_data\mpress\windows_encrypted_shell_reverse_tcp.exe.MPRESS1//;MPRESS;Dañado;;;;TFM-VI\V;Iniciador
Hoy, 5/24/2026 7:46:18 AM;\\VBoxSvr\shared_data\mpress\windows_encrypted_shell_reverse_tcp.exe.MPRESS1;Dañado;Objeto dañado;;;Archivo;\\VBoxSvr\shared_data\mpress;windows_encrypted_shell_reverse_tcp.exe.MPRESS1;Dañado;;;;TFM-VI\V;Iniciador
Hoy, 5/24/2026 7:46:18 AM;\\VBoxSvr\shared_data\mpress\windows_pingback_reverse_tcp.exe.MPRESS1\MPRESS;Dañado;Objeto dañado;;;Archivo;\\VBoxSvr\shared_data\mpress\windows_pingback_reverse_tcp.exe.MPRESS1//;MPRESS;Dañado;;;;TFM-VI\V;Iniciador
Hoy, 5/24/2026 7:46:18 AM;\\VBoxSvr\shared_data\mpress\windows_pingback_reverse_tcp.exe.MPRESS1;Dañado;Objeto dañado;;;Archivo;\\VBoxSvr\shared_data\mpress;windows_pingback_reverse_tcp.exe.MPRESS1;Dañado;;;;TFM-VI\V;Iniciador
Hoy, 5/24/2026 7:46:18 AM;\\VBoxSvr\shared_data\mpress\windows_powershell_reverse_tcp_ssl.exe.MPRESS1\MPRESS;Dañado;Objeto dañado;;;Archivo;\\VBoxSvr\shared_data\mpress\windows_powershell_reverse_tcp_ssl.exe.MPRESS1//;MPRESS;Dañado;;;;TFM-VI\V;Iniciador
Hoy, 5/24/2026 7:46:18 AM;\\VBoxSvr\shared_data\mpress\windows_powershell_reverse_tcp_ssl.exe.MPRESS1;Dañado;Objeto dañado;;;Archivo;\\VBoxSvr\shared_data\mpress;windows_powershell_reverse_tcp_ssl.exe.MPRESS1;Dañado;;;;TFM-VI\V;Iniciador
Hoy, 5/24/2026 7:46:18 AM;\\VBoxSvr\shared_data\mpress\windows_powershell_reverse_tcp.exe;Detectados;Objeto malicioso detectado;HEUR:Trojan.Win32.Generic;Aprendizaje automático;Archivo;\\VBoxSvr\shared_data\mpress;windows_powershell_reverse_tcp.exe;Detectados;Troyano;Alta;Análisis heurístico;TFM-VI\V;Usuario activo
Hoy, 5/24/2026 7:46:18 AM;\\VBoxSvr\shared_data\mpress\windows_powershell_bind_tcp.exe;Detectados;Objeto malicioso detectado;HEUR:Trojan.Win32.Generic;Aprendizaje automático;Archivo;\\VBoxSvr\shared_data\mpress;windows_powershell_bind_tcp.exe;Detectados;Troyano;Alta;Análisis heurístico;TFM-VI\V;Usuario activo
Hoy, 5/24/2026 7:46:18 AM;\\VBoxSvr\shared_data\mpress\windows_meterpreter_bind_tcp.exe.MPRESS1\MPRESS;Dañado;Objeto dañado;;;Archivo;\\VBoxSvr\shared_data\mpress\windows_meterpreter_bind_tcp.exe.MPRESS1//;MPRESS;Dañado;;;;TFM-VI\V;Iniciador
Hoy, 5/24/2026 7:46:18 AM;\\VBoxSvr\shared_data\mpress\windows_meterpreter_bind_tcp.exe.MPRESS1;Dañado;Objeto dañado;;;Archivo;\\VBoxSvr\shared_data\mpress;windows_meterpreter_bind_tcp.exe.MPRESS1;Dañado;;;;TFM-VI\V;Iniciador
Hoy, 5/24/2026 7:46:18 AM;\\VBoxSvr\shared_data\mpress\windows_meterpreter_reverse_http.exe.MPRESS1\MPRESS;Dañado;Objeto dañado;;;Archivo;\\VBoxSvr\shared_data\mpress\windows_meterpreter_reverse_http.exe.MPRESS1//;MPRESS;Dañado;;;;TFM-VI\V;Iniciador
Hoy, 5/24/2026 7:46:18 AM;\\VBoxSvr\shared_data\mpress\windows_meterpreter_reverse_http.exe.MPRESS1;Dañado;Objeto dañado;;;Archivo;\\VBoxSvr\shared_data\mpress;windows_meterpreter_reverse_http.exe.MPRESS1;Dañado;;;;TFM-VI\V;Iniciador
Hoy, 5/24/2026 7:46:18 AM;\\VBoxSvr\shared_data\mpress\windows_shell_bind_tcp.exe.MPRESS1\MPRESS;Dañado;Objeto dañado;;;Archivo;\\VBoxSvr\shared_data\mpress\windows_shell_bind_tcp.exe.MPRESS1//;MPRESS;Dañado;;;;TFM-VI\V;Iniciador
Hoy, 5/24/2026 7:46:18 AM;\\VBoxSvr\shared_data\mpress\windows_shell_bind_tcp.exe.MPRESS1;Dañado;Objeto dañado;;;Archivo;\\VBoxSvr\shared_data\mpress;windows_shell_bind_tcp.exe.MPRESS1;Dañado;;;;TFM-VI\V;Iniciador
Hoy, 5/24/2026 7:46:19 AM;\\VBoxSvr\shared_data\upx\default\windows_meterpreter_reverse_https.exe;Detectados;Objeto malicioso detectado;HEUR:Trojan.Win32.Generic;Análisis experto;Archivo;\\VBoxSvr\shared_data\upx\default;windows_meterpreter_reverse_https.exe;Detectados;Troyano;Alta;Parcial;TFM-VI\V;Usuario activo
Hoy, 5/24/2026 7:46:20 AM;\\VBoxSvr\shared_data\mpress\windows_powershell_reverse_tcp_ssl.exe;Detectados;Objeto malicioso detectado;HEUR:Trojan.Win32.Generic;Aprendizaje automático;Archivo;\\VBoxSvr\shared_data\mpress;windows_powershell_reverse_tcp_ssl.exe;Detectados;Troyano;Alta;Análisis heurístico;TFM-VI\V;Usuario activo
Hoy, 5/24/2026 7:46:21 AM;\\VBoxSvr\shared_data\mpress\windows_shell_bind_tcp.exe;Detectados;Objeto malicioso detectado;HEUR:Trojan.Win32.Generic;Análisis experto;Archivo;\\VBoxSvr\shared_data\mpress;windows_shell_bind_tcp.exe;Detectados;Troyano;Alta;Parcial;TFM-VI\V;Usuario activo
Hoy, 5/24/2026 7:46:20 AM;\\VBoxSvr\shared_data\mpress\windows_exec.exe.MPRESS1\MPRESS;Dañado;Objeto dañado;;;Archivo;\\VBoxSvr\shared_data\mpress\windows_exec.exe.MPRESS1//;MPRESS;Dañado;;;;TFM-VI\V;Iniciador
Hoy, 5/24/2026 7:46:20 AM;\\VBoxSvr\shared_data\mpress\windows_exec.exe.MPRESS1;Dañado;Objeto dañado;;;Archivo;\\VBoxSvr\shared_data\mpress;windows_exec.exe.MPRESS1;Dañado;;;;TFM-VI\V;Iniciador
Hoy, 5/24/2026 7:46:21 AM;\\VBoxSvr\shared_data\mpress\windows_powershell_bind_tcp.exe.MPRESS1\MPRESS;Dañado;Objeto dañado;;;Archivo;\\VBoxSvr\shared_data\mpress\windows_powershell_bind_tcp.exe.MPRESS1//;MPRESS;Dañado;;;;TFM-VI\V;Iniciador
Hoy, 5/24/2026 7:46:21 AM;\\VBoxSvr\shared_data\mpress\windows_powershell_bind_tcp.exe.MPRESS1;Dañado;Objeto dañado;;;Archivo;\\VBoxSvr\shared_data\mpress;windows_powershell_bind_tcp.exe.MPRESS1;Dañado;;;;TFM-VI\V;Iniciador
Hoy, 5/24/2026 7:46:21 AM;\\VBoxSvr\shared_data\mpress\windows_powershell_reverse_tcp.exe.MPRESS1\MPRESS;Dañado;Objeto dañado;;;Archivo;\\VBoxSvr\shared_data\mpress\windows_powershell_reverse_tcp.exe.MPRESS1//;MPRESS;Dañado;;;;TFM-VI\V;Iniciador
Hoy, 5/24/2026 7:46:21 AM;\\VBoxSvr\shared_data\mpress\windows_powershell_reverse_tcp.exe.MPRESS1;Dañado;Objeto dañado;;;Archivo;\\VBoxSvr\shared_data\mpress;windows_powershell_reverse_tcp.exe.MPRESS1;Dañado;;;;TFM-VI\V;Iniciador
Hoy, 5/24/2026 7:46:22 AM;\\VBoxSvr\shared_data\mpress\windows_shell_bind_hidden_ipknock_tcp.exe;Detectados;Objeto malicioso detectado;HEUR:Trojan.Win32.Generic;Análisis experto;Archivo;\\VBoxSvr\shared_data\mpress;windows_shell_bind_hidden_ipknock_tcp.exe;Detectados;Troyano;Alta;Parcial;TFM-VI\V;Usuario activo
Hoy, 5/24/2026 7:46:22 AM;\\VBoxSvr\shared_data\mpress\windows_shell_hidden_bind_tcp.exe;Detectados;Objeto malicioso detectado;HEUR:Trojan.Win32.Generic;Análisis experto;Archivo;\\VBoxSvr\shared_data\mpress;windows_shell_hidden_bind_tcp.exe;Detectados;Troyano;Alta;Parcial;TFM-VI\V;Usuario activo
Hoy, 5/24/2026 7:46:22 AM;\\VBoxSvr\shared_data\mpress\windows_meterpreter_bind_tcp.exe;Detectados;Objeto malicioso detectado;HEUR:Trojan.Win32.Generic;Análisis experto;Archivo;\\VBoxSvr\shared_data\mpress;windows_meterpreter_bind_tcp.exe;Detectados;Troyano;Alta;Parcial;TFM-VI\V;Usuario activo
Hoy, 5/24/2026 7:46:23 AM;\\VBoxSvr\shared_data\mpress\windows_meterpreter_reverse_tcp.exe;Detectados;Objeto malicioso detectado;HEUR:Trojan.Win32.Generic;Análisis experto;Archivo;\\VBoxSvr\shared_data\mpress;windows_meterpreter_reverse_tcp.exe;Detectados;Troyano;Alta;Parcial;TFM-VI\V;Usuario activo
Hoy, 5/24/2026 7:46:23 AM;\\VBoxSvr\shared_data\mpress\windows_encrypted_shell_reverse_tcp.exe;Detectados;Objeto malicioso detectado;HEUR:Trojan.Win32.Generic;Análisis experto;Archivo;\\VBoxSvr\shared_data\mpress;windows_encrypted_shell_reverse_tcp.exe;Detectados;Troyano;Alta;Parcial;TFM-VI\V;Usuario activo
Hoy, 5/24/2026 7:46:23 AM;\\VBoxSvr\shared_data\mpress\windows_meterpreter_reverse_http.exe;Detectados;Objeto malicioso detectado;HEUR:Trojan.Win32.Generic;Análisis experto;Archivo;\\VBoxSvr\shared_data\mpress;windows_meterpreter_reverse_http.exe;Detectados;Troyano;Alta;Parcial;TFM-VI\V;Usuario activo
Hoy, 5/24/2026 7:46:25 AM;\\VBoxSvr\shared_data\mpress\windows_meterpreter_reverse_https.exe;Detectados;Objeto malicioso detectado;HEUR:Trojan.Win32.Generic;Análisis experto;Archivo;\\VBoxSvr\shared_data\mpress;windows_meterpreter_reverse_https.exe;Detectados;Troyano;Alta;Parcial;TFM-VI\V;Usuario activo
Hoy, 5/24/2026 7:46:25 AM;\\VBoxSvr\shared_data\raw\windows_encrypted_shell_reverse_tcp.exe;Detectados;Objeto malicioso detectado;HEUR:Trojan.Win32.Generic;Hash;Archivo;\\VBoxSvr\shared_data\raw;windows_encrypted_shell_reverse_tcp.exe;Detectados;Troyano;Alta;Parcial;TFM-VI\V;Usuario activo
Hoy, 5/24/2026 7:46:26 AM;\\VBoxSvr\shared_data\raw\windows_exec.exe;Detectados;Objeto malicioso detectado;HEUR:Trojan.Win32.Generic;Hash;Archivo;\\VBoxSvr\shared_data\raw;windows_exec.exe;Detectados;Troyano;Alta;Análisis heurístico;TFM-VI\V;Usuario activo
Hoy, 5/24/2026 7:46:25 AM;\\VBoxSvr\shared_data\raw\windows_encrypted_shell_reverse_tcp.exe;Eliminado;Objeto eliminado;HEUR:Trojan.Win32.Generic;;Archivo;\\VBoxSvr\shared_data\raw;windows_encrypted_shell_reverse_tcp.exe;Eliminado;Troyano;Alta;Parcial;TFM-VI\V;Usuario activo
Hoy, 5/24/2026 7:46:26 AM;\\VBoxSvr\shared_data\raw\windows_exec.exe;Eliminado;Objeto eliminado;HEUR:Trojan.Win32.Generic;;Archivo;\\VBoxSvr\shared_data\raw;windows_exec.exe;Eliminado;Troyano;Alta;Análisis heurístico;TFM-VI\V;Usuario activo
Hoy, 5/24/2026 7:46:25 AM;\\VBoxSvr\shared_data\raw\windows_encrypted_shell_reverse_tcp.exe;Copia de seguridad creada;Se ha creado una copia de seguridad del objeto;HEUR:Trojan.Win32.Generic;;Archivo;\\VBoxSvr\shared_data\raw;windows_encrypted_shell_reverse_tcp.exe;Copia de seguridad creada;Troyano;Alta;Parcial;TFM-VI\V;Usuario activo
Hoy, 5/24/2026 7:46:26 AM;\\VBoxSvr\shared_data\raw\windows_exec.exe;Copia de seguridad creada;Se ha creado una copia de seguridad del objeto;HEUR:Trojan.Win32.Generic;;Archivo;\\VBoxSvr\shared_data\raw;windows_exec.exe;Copia de seguridad creada;Troyano;Alta;Análisis heurístico;TFM-VI\V;Usuario activo
Hoy, 5/24/2026 7:46:26 AM;\\VBoxSvr\shared_data\tutorial\windows_shell_reverse_tcp_rc4.exe;Detectados;Objeto malicioso detectado;HEUR:Trojan.Win32.Generic;Hash;Archivo;\\VBoxSvr\shared_data\tutorial;windows_shell_reverse_tcp_rc4.exe;Detectados;Troyano;Alta;Parcial;TFM-VI\V;Usuario activo
Hoy, 5/24/2026 7:46:27 AM;\\VBoxSvr\shared_data\tutorial\windows_pingback_reverse_tcp.exe;Detectados;Objeto malicioso detectado;HEUR:Trojan.Win32.Generic;Hash;Archivo;\\VBoxSvr\shared_data\tutorial;windows_pingback_reverse_tcp.exe;Detectados;Troyano;Alta;Parcial;TFM-VI\V;Usuario activo
Hoy, 5/24/2026 7:46:27 AM;\\VBoxSvr\shared_data\tutorial\windows_pingback_bind_tcp.exe;Detectados;Objeto malicioso detectado;HEUR:Trojan.Win32.Generic;Hash;Archivo;\\VBoxSvr\shared_data\tutorial;windows_pingback_bind_tcp.exe;Detectados;Troyano;Alta;Parcial;TFM-VI\V;Usuario activo
Hoy, 5/24/2026 7:46:26 AM;\\VBoxSvr\shared_data\tutorial\windows_shell_reverse_tcp_rc4.exe;Eliminado;Objeto eliminado;HEUR:Trojan.Win32.Generic;;Archivo;\\VBoxSvr\shared_data\tutorial;windows_shell_reverse_tcp_rc4.exe;Eliminado;Troyano;Alta;Parcial;TFM-VI\V;Usuario activo
Hoy, 5/24/2026 7:46:27 AM;\\VBoxSvr\shared_data\tutorial\windows_pingback_reverse_tcp.exe;Eliminado;Objeto eliminado;HEUR:Trojan.Win32.Generic;;Archivo;\\VBoxSvr\shared_data\tutorial;windows_pingback_reverse_tcp.exe;Eliminado;Troyano;Alta;Parcial;TFM-VI\V;Usuario activo
Hoy, 5/24/2026 7:46:27 AM;\\VBoxSvr\shared_data\tutorial\windows_pingback_bind_tcp.exe;Eliminado;Objeto eliminado;HEUR:Trojan.Win32.Generic;;Archivo;\\VBoxSvr\shared_data\tutorial;windows_pingback_bind_tcp.exe;Eliminado;Troyano;Alta;Parcial;TFM-VI\V;Usuario activo
Hoy, 5/24/2026 7:46:26 AM;\\VBoxSvr\shared_data\tutorial\windows_shell_reverse_tcp_rc4.exe;Copia de seguridad creada;Se ha creado una copia de seguridad del objeto;HEUR:Trojan.Win32.Generic;;Archivo;\\VBoxSvr\shared_data\tutorial;windows_shell_reverse_tcp_rc4.exe;Copia de seguridad creada;Troyano;Alta;Parcial;TFM-VI\V;Usuario activo
Hoy, 5/24/2026 7:46:27 AM;\\VBoxSvr\shared_data\tutorial\windows_pingback_reverse_tcp.exe;Copia de seguridad creada;Se ha creado una copia de seguridad del objeto;HEUR:Trojan.Win32.Generic;;Archivo;\\VBoxSvr\shared_data\tutorial;windows_pingback_reverse_tcp.exe;Copia de seguridad creada;Troyano;Alta;Parcial;TFM-VI\V;Usuario activo
Hoy, 5/24/2026 7:46:27 AM;\\VBoxSvr\shared_data\tutorial\windows_pingback_bind_tcp.exe;Copia de seguridad creada;Se ha creado una copia de seguridad del objeto;HEUR:Trojan.Win32.Generic;;Archivo;\\VBoxSvr\shared_data\tutorial;windows_pingback_bind_tcp.exe;Copia de seguridad creada;Troyano;Alta;Parcial;TFM-VI\V;Usuario activo
Hoy, 5/24/2026 7:46:27 AM;\\VBoxSvr\shared_data\tutorial\windows_shell_hidden_bind_tcp.exe.reloc;Detectados;Objeto malicioso detectado;HEUR:Trojan.Win32.Generic;Hash;Archivo;\\VBoxSvr\shared_data\tutorial;windows_shell_hidden_bind_tcp.exe.reloc;Detectados;Troyano;Alta;Parcial;TFM-VI\V;Usuario activo
Hoy, 5/24/2026 7:46:27 AM;\\VBoxSvr\shared_data\tutorial\windows_shell_bind_tcp.exe.reloc;Detectados;Objeto malicioso detectado;HEUR:Trojan.Win32.Generic;Hash;Archivo;\\VBoxSvr\shared_data\tutorial;windows_shell_bind_tcp.exe.reloc;Detectados;Troyano;Alta;Parcial;TFM-VI\V;Usuario activo
Hoy, 5/24/2026 7:46:28 AM;\\VBoxSvr\shared_data\tutorial\windows_exec.exe;Detectados;Objeto malicioso detectado;HEUR:Trojan.Win32.Generic;Hash;Archivo;\\VBoxSvr\shared_data\tutorial;windows_exec.exe;Detectados;Troyano;Alta;Análisis heurístico;TFM-VI\V;Usuario activo
Hoy, 5/24/2026 7:46:28 AM;\\VBoxSvr\shared_data\tutorial\windows_powershell_reverse_tcp.exe.reloc;Detectados;Objeto malicioso detectado;HEUR:Trojan.Win32.Generic;Hash;Archivo;\\VBoxSvr\shared_data\tutorial;windows_powershell_reverse_tcp.exe.reloc;Detectados;Troyano;Alta;Análisis heurístico;TFM-VI\V;Usuario activo
Hoy, 5/24/2026 7:46:28 AM;\\VBoxSvr\shared_data\tutorial\windows_pingback_bind_tcp.exe.reloc;Detectados;Objeto malicioso detectado;HEUR:Trojan.Win32.Generic;Hash;Archivo;\\VBoxSvr\shared_data\tutorial;windows_pingback_bind_tcp.exe.reloc;Detectados;Troyano;Alta;Parcial;TFM-VI\V;Usuario activo
Hoy, 5/24/2026 7:46:27 AM;\\VBoxSvr\shared_data\tutorial\windows_shell_hidden_bind_tcp.exe.reloc;Eliminado;Objeto eliminado;HEUR:Trojan.Win32.Generic;;Archivo;\\VBoxSvr\shared_data\tutorial;windows_shell_hidden_bind_tcp.exe.reloc;Eliminado;Troyano;Alta;Parcial;TFM-VI\V;Usuario activo
Hoy, 5/24/2026 7:46:27 AM;\\VBoxSvr\shared_data\tutorial\windows_shell_bind_tcp.exe.reloc;Eliminado;Objeto eliminado;HEUR:Trojan.Win32.Generic;;Archivo;\\VBoxSvr\shared_data\tutorial;windows_shell_bind_tcp.exe.reloc;Eliminado;Troyano;Alta;Parcial;TFM-VI\V;Usuario activo
Hoy, 5/24/2026 7:46:28 AM;\\VBoxSvr\shared_data\tutorial\windows_exec.exe;Eliminado;Objeto eliminado;HEUR:Trojan.Win32.Generic;;Archivo;\\VBoxSvr\shared_data\tutorial;windows_exec.exe;Eliminado;Troyano;Alta;Análisis heurístico;TFM-VI\V;Usuario activo
Hoy, 5/24/2026 7:46:28 AM;\\VBoxSvr\shared_data\tutorial\windows_powershell_reverse_tcp.exe.reloc;Eliminado;Objeto eliminado;HEUR:Trojan.Win32.Generic;;Archivo;\\VBoxSvr\shared_data\tutorial;windows_powershell_reverse_tcp.exe.reloc;Eliminado;Troyano;Alta;Análisis heurístico;TFM-VI\V;Usuario activo
Hoy, 5/24/2026 7:46:28 AM;\\VBoxSvr\shared_data\tutorial\windows_pingback_bind_tcp.exe.reloc;Eliminado;Objeto eliminado;HEUR:Trojan.Win32.Generic;;Archivo;\\VBoxSvr\shared_data\tutorial;windows_pingback_bind_tcp.exe.reloc;Eliminado;Troyano;Alta;Parcial;TFM-VI\V;Usuario activo
Hoy, 5/24/2026 7:46:27 AM;\\VBoxSvr\shared_data\tutorial\windows_shell_hidden_bind_tcp.exe.reloc;Copia de seguridad creada;Se ha creado una copia de seguridad del objeto;HEUR:Trojan.Win32.Generic;;Archivo;\\VBoxSvr\shared_data\tutorial;windows_shell_hidden_bind_tcp.exe.reloc;Copia de seguridad creada;Troyano;Alta;Parcial;TFM-VI\V;Usuario activo
Hoy, 5/24/2026 7:46:27 AM;\\VBoxSvr\shared_data\tutorial\windows_shell_bind_tcp.exe.reloc;Copia de seguridad creada;Se ha creado una copia de seguridad del objeto;HEUR:Trojan.Win32.Generic;;Archivo;\\VBoxSvr\shared_data\tutorial;windows_shell_bind_tcp.exe.reloc;Copia de seguridad creada;Troyano;Alta;Parcial;TFM-VI\V;Usuario activo
Hoy, 5/24/2026 7:46:28 AM;\\VBoxSvr\shared_data\tutorial\windows_exec.exe;Copia de seguridad creada;Se ha creado una copia de seguridad del objeto;HEUR:Trojan.Win32.Generic;;Archivo;\\VBoxSvr\shared_data\tutorial;windows_exec.exe;Copia de seguridad creada;Troyano;Alta;Análisis heurístico;TFM-VI\V;Usuario activo
Hoy, 5/24/2026 7:46:28 AM;\\VBoxSvr\shared_data\tutorial\windows_powershell_reverse_tcp.exe.reloc;Copia de seguridad creada;Se ha creado una copia de seguridad del objeto;HEUR:Trojan.Win32.Generic;;Archivo;\\VBoxSvr\shared_data\tutorial;windows_powershell_reverse_tcp.exe.reloc;Copia de seguridad creada;Troyano;Alta;Análisis heurístico;TFM-VI\V;Usuario activo
Hoy, 5/24/2026 7:46:28 AM;\\VBoxSvr\shared_data\tutorial\windows_pingback_bind_tcp.exe.reloc;Copia de seguridad creada;Se ha creado una copia de seguridad del objeto;HEUR:Trojan.Win32.Generic;;Archivo;\\VBoxSvr\shared_data\tutorial;windows_pingback_bind_tcp.exe.reloc;Copia de seguridad creada;Troyano;Alta;Parcial;TFM-VI\V;Usuario activo
Hoy, 5/24/2026 7:46:28 AM;\\VBoxSvr\shared_data\tutorial\windows_powershell_reverse_tcp.exe;Detectados;Objeto malicioso detectado;HEUR:Trojan.Win32.Generic;Hash;Archivo;\\VBoxSvr\shared_data\tutorial;windows_powershell_reverse_tcp.exe;Detectados;Troyano;Alta;Análisis heurístico;TFM-VI\V;Usuario activo
Hoy, 5/24/2026 7:46:28 AM;\\VBoxSvr\shared_data\tutorial\windows_powershell_bind_tcp.exe;Detectados;Objeto malicioso detectado;HEUR:Trojan.Win32.Generic;Hash;Archivo;\\VBoxSvr\shared_data\tutorial;windows_powershell_bind_tcp.exe;Detectados;Troyano;Alta;Análisis heurístico;TFM-VI\V;Usuario activo
Hoy, 5/24/2026 7:46:28 AM;\\VBoxSvr\shared_data\tutorial\windows_powershell_reverse_tcp.exe;Eliminado;Objeto eliminado;HEUR:Trojan.Win32.Generic;;Archivo;\\VBoxSvr\shared_data\tutorial;windows_powershell_reverse_tcp.exe;Eliminado;Troyano;Alta;Análisis heurístico;TFM-VI\V;Usuario activo
Hoy, 5/24/2026 7:46:28 AM;\\VBoxSvr\shared_data\tutorial\windows_powershell_reverse_tcp.exe;Copia de seguridad creada;Se ha creado una copia de seguridad del objeto;HEUR:Trojan.Win32.Generic;;Archivo;\\VBoxSvr\shared_data\tutorial;windows_powershell_reverse_tcp.exe;Copia de seguridad creada;Troyano;Alta;Análisis heurístico;TFM-VI\V;Usuario activo
Hoy, 5/24/2026 7:46:28 AM;\\VBoxSvr\shared_data\tutorial\windows_powershell_bind_tcp.exe;Copia de seguridad creada;Se ha creado una copia de seguridad del objeto;HEUR:Trojan.Win32.Generic;;Archivo;\\VBoxSvr\shared_data\tutorial;windows_powershell_bind_tcp.exe;Copia de seguridad creada;Troyano;Alta;Análisis heurístico;TFM-VI\V;Usuario activo
Hoy, 5/24/2026 7:46:28 AM;\\VBoxSvr\shared_data\tutorial\windows_powershell_bind_tcp.exe;Eliminado;Objeto eliminado;HEUR:Trojan.Win32.Generic;;Archivo;\\VBoxSvr\shared_data\tutorial;windows_powershell_bind_tcp.exe;Eliminado;Troyano;Alta;Análisis heurístico;TFM-VI\V;Usuario activo
Hoy, 5/24/2026 7:46:30 AM;\\VBoxSvr\shared_data\tutorial\windows_meterpreter_reverse_http.exe.reloc;Detectados;Objeto malicioso detectado;HEUR:Trojan.Win32.Generic;Hash;Archivo;\\VBoxSvr\shared_data\tutorial;windows_meterpreter_reverse_http.exe.reloc;Detectados;Troyano;Alta;Parcial;TFM-VI\V;Usuario activo
Hoy, 5/24/2026 7:46:30 AM;\\VBoxSvr\shared_data\tutorial\windows_meterpreter_reverse_http.exe.reloc;Eliminado;Objeto eliminado;HEUR:Trojan.Win32.Generic;;Archivo;\\VBoxSvr\shared_data\tutorial;windows_meterpreter_reverse_http.exe.reloc;Eliminado;Troyano;Alta;Parcial;TFM-VI\V;Usuario activo
Hoy, 5/24/2026 7:46:30 AM;\\VBoxSvr\shared_data\tutorial\windows_meterpreter_reverse_http.exe.reloc;Copia de seguridad creada;Se ha creado una copia de seguridad del objeto;HEUR:Trojan.Win32.Generic;;Archivo;\\VBoxSvr\shared_data\tutorial;windows_meterpreter_reverse_http.exe.reloc;Copia de seguridad creada;Troyano;Alta;Parcial;TFM-VI\V;Usuario activo
Hoy, 5/24/2026 7:46:32 AM;\\VBoxSvr\shared_data\tutorial\windows_meterpreter_reverse_tcp.exe;Detectados;Objeto malicioso detectado;HEUR:Trojan.Win32.Generic;Hash;Archivo;\\VBoxSvr\shared_data\tutorial;windows_meterpreter_reverse_tcp.exe;Detectados;Troyano;Alta;Parcial;TFM-VI\V;Usuario activo
Hoy, 5/24/2026 7:46:32 AM;\\VBoxSvr\shared_data\tutorial\windows_powershell_reverse_tcp_ssl.exe;Detectados;Objeto malicioso detectado;HEUR:Trojan.Win32.Generic;Hash;Archivo;\\VBoxSvr\shared_data\tutorial;windows_powershell_reverse_tcp_ssl.exe;Detectados;Troyano;Alta;Análisis heurístico;TFM-VI\V;Usuario activo
Hoy, 5/24/2026 7:46:32 AM;\\VBoxSvr\shared_data\tutorial\windows_meterpreter_reverse_tcp.exe;Eliminado;Objeto eliminado;HEUR:Trojan.Win32.Generic;;Archivo;\\VBoxSvr\shared_data\tutorial;windows_meterpreter_reverse_tcp.exe;Eliminado;Troyano;Alta;Parcial;TFM-VI\V;Usuario activo
Hoy, 5/24/2026 7:46:32 AM;\\VBoxSvr\shared_data\tutorial\windows_powershell_reverse_tcp_ssl.exe;Eliminado;Objeto eliminado;HEUR:Trojan.Win32.Generic;;Archivo;\\VBoxSvr\shared_data\tutorial;windows_powershell_reverse_tcp_ssl.exe;Eliminado;Troyano;Alta;Análisis heurístico;TFM-VI\V;Usuario activo
Hoy, 5/24/2026 7:46:32 AM;\\VBoxSvr\shared_data\tutorial\windows_meterpreter_reverse_tcp.exe;Copia de seguridad creada;Se ha creado una copia de seguridad del objeto;HEUR:Trojan.Win32.Generic;;Archivo;\\VBoxSvr\shared_data\tutorial;windows_meterpreter_reverse_tcp.exe;Copia de seguridad creada;Troyano;Alta;Parcial;TFM-VI\V;Usuario activo
Hoy, 5/24/2026 7:46:32 AM;\\VBoxSvr\shared_data\tutorial\windows_powershell_reverse_tcp_ssl.exe;Copia de seguridad creada;Se ha creado una copia de seguridad del objeto;HEUR:Trojan.Win32.Generic;;Archivo;\\VBoxSvr\shared_data\tutorial;windows_powershell_reverse_tcp_ssl.exe;Copia de seguridad creada;Troyano;Alta;Análisis heurístico;TFM-VI\V;Usuario activo
Hoy, 5/24/2026 7:46:34 AM;\\VBoxSvr\shared_data\tutorial\windows_meterpreter_reverse_http.exe;Detectados;Objeto malicioso detectado;HEUR:Trojan.Win32.Generic;Hash;Archivo;\\VBoxSvr\shared_data\tutorial;windows_meterpreter_reverse_http.exe;Detectados;Troyano;Alta;Parcial;TFM-VI\V;Usuario activo
Hoy, 5/24/2026 7:46:34 AM;\\VBoxSvr\shared_data\tutorial\windows_meterpreter_reverse_http.exe;Eliminado;Objeto eliminado;HEUR:Trojan.Win32.Generic;;Archivo;\\VBoxSvr\shared_data\tutorial;windows_meterpreter_reverse_http.exe;Eliminado;Troyano;Alta;Parcial;TFM-VI\V;Usuario activo
Hoy, 5/24/2026 7:46:34 AM;\\VBoxSvr\shared_data\tutorial\windows_meterpreter_reverse_http.exe;Copia de seguridad creada;Se ha creado una copia de seguridad del objeto;HEUR:Trojan.Win32.Generic;;Archivo;\\VBoxSvr\shared_data\tutorial;windows_meterpreter_reverse_http.exe;Copia de seguridad creada;Troyano;Alta;Parcial;TFM-VI\V;Usuario activo
Hoy, 5/24/2026 7:46:34 AM;\\VBoxSvr\shared_data\tutorial\windows_powershell_bind_tcp.exe.reloc;Detectados;Objeto malicioso detectado;HEUR:Trojan.Win32.Generic;Hash;Archivo;\\VBoxSvr\shared_data\tutorial;windows_powershell_bind_tcp.exe.reloc;Detectados;Troyano;Alta;Análisis heurístico;TFM-VI\V;Usuario activo
Hoy, 5/24/2026 7:46:35 AM;\\VBoxSvr\shared_data\tutorial\windows_shell_bind_tcp.exe;Detectados;Objeto malicioso detectado;HEUR:Trojan.Win32.Generic;Hash;Archivo;\\VBoxSvr\shared_data\tutorial;windows_shell_bind_tcp.exe;Detectados;Troyano;Alta;Parcial;TFM-VI\V;Usuario activo
Hoy, 5/24/2026 7:46:34 AM;\\VBoxSvr\shared_data\tutorial\windows_powershell_bind_tcp.exe.reloc;Eliminado;Objeto eliminado;HEUR:Trojan.Win32.Generic;;Archivo;\\VBoxSvr\shared_data\tutorial;windows_powershell_bind_tcp.exe.reloc;Eliminado;Troyano;Alta;Análisis heurístico;TFM-VI\V;Usuario activo
Hoy, 5/24/2026 7:46:35 AM;\\VBoxSvr\shared_data\tutorial\windows_shell_bind_tcp.exe;Eliminado;Objeto eliminado;HEUR:Trojan.Win32.Generic;;Archivo;\\VBoxSvr\shared_data\tutorial;windows_shell_bind_tcp.exe;Eliminado;Troyano;Alta;Parcial;TFM-VI\V;Usuario activo
Hoy, 5/24/2026 7:46:34 AM;\\VBoxSvr\shared_data\tutorial\windows_powershell_bind_tcp.exe.reloc;Copia de seguridad creada;Se ha creado una copia de seguridad del objeto;HEUR:Trojan.Win32.Generic;;Archivo;\\VBoxSvr\shared_data\tutorial;windows_powershell_bind_tcp.exe.reloc;Copia de seguridad creada;Troyano;Alta;Análisis heurístico;TFM-VI\V;Usuario activo
Hoy, 5/24/2026 7:46:35 AM;\\VBoxSvr\shared_data\tutorial\windows_shell_bind_tcp.exe;Copia de seguridad creada;Se ha creado una copia de seguridad del objeto;HEUR:Trojan.Win32.Generic;;Archivo;\\VBoxSvr\shared_data\tutorial;windows_shell_bind_tcp.exe;Copia de seguridad creada;Troyano;Alta;Parcial;TFM-VI\V;Usuario activo
Hoy, 5/24/2026 7:46:35 AM;\\VBoxSvr\shared_data\tutorial\windows_shell_bind_hidden_ipknock_tcp.exe.reloc;Detectados;Objeto malicioso detectado;HEUR:Trojan.Win32.Generic;Hash;Archivo;\\VBoxSvr\shared_data\tutorial;windows_shell_bind_hidden_ipknock_tcp.exe.reloc;Detectados;Troyano;Alta;Parcial;TFM-VI\V;Usuario activo
Hoy, 5/24/2026 7:46:36 AM;\\VBoxSvr\shared_data\tutorial\windows_pingback_reverse_tcp.exe.reloc;Detectados;Objeto malicioso detectado;HEUR:Trojan.Win32.Generic;Hash;Archivo;\\VBoxSvr\shared_data\tutorial;windows_pingback_reverse_tcp.exe.reloc;Detectados;Troyano;Alta;Parcial;TFM-VI\V;Usuario activo
Hoy, 5/24/2026 7:46:35 AM;\\VBoxSvr\shared_data\tutorial\windows_shell_bind_hidden_ipknock_tcp.exe.reloc;Eliminado;Objeto eliminado;HEUR:Trojan.Win32.Generic;;Archivo;\\VBoxSvr\shared_data\tutorial;windows_shell_bind_hidden_ipknock_tcp.exe.reloc;Eliminado;Troyano;Alta;Parcial;TFM-VI\V;Usuario activo
Hoy, 5/24/2026 7:46:36 AM;\\VBoxSvr\shared_data\tutorial\windows_pingback_reverse_tcp.exe.reloc;Eliminado;Objeto eliminado;HEUR:Trojan.Win32.Generic;;Archivo;\\VBoxSvr\shared_data\tutorial;windows_pingback_reverse_tcp.exe.reloc;Eliminado;Troyano;Alta;Parcial;TFM-VI\V;Usuario activo
Hoy, 5/24/2026 7:46:35 AM;\\VBoxSvr\shared_data\tutorial\windows_shell_bind_hidden_ipknock_tcp.exe.reloc;Copia de seguridad creada;Se ha creado una copia de seguridad del objeto;HEUR:Trojan.Win32.Generic;;Archivo;\\VBoxSvr\shared_data\tutorial;windows_shell_bind_hidden_ipknock_tcp.exe.reloc;Copia de seguridad creada;Troyano;Alta;Parcial;TFM-VI\V;Usuario activo
Hoy, 5/24/2026 7:46:36 AM;\\VBoxSvr\shared_data\tutorial\windows_pingback_reverse_tcp.exe.reloc;Copia de seguridad creada;Se ha creado una copia de seguridad del objeto;HEUR:Trojan.Win32.Generic;;Archivo;\\VBoxSvr\shared_data\tutorial;windows_pingback_reverse_tcp.exe.reloc;Copia de seguridad creada;Troyano;Alta;Parcial;TFM-VI\V;Usuario activo
Hoy, 5/24/2026 7:46:37 AM;\\VBoxSvr\shared_data\tutorial\windows_shell_reverse_tcp_rc4.exe.reloc;Detectados;Objeto malicioso detectado;HEUR:Trojan.Win32.Generic;Hash;Archivo;\\VBoxSvr\shared_data\tutorial;windows_shell_reverse_tcp_rc4.exe.reloc;Detectados;Troyano;Alta;Parcial;TFM-VI\V;Usuario activo
Hoy, 5/24/2026 7:46:37 AM;\\VBoxSvr\shared_data\tutorial\windows_shell_hidden_bind_tcp.exe;Detectados;Objeto malicioso detectado;HEUR:Trojan.Win32.Generic;Hash;Archivo;\\VBoxSvr\shared_data\tutorial;windows_shell_hidden_bind_tcp.exe;Detectados;Troyano;Alta;Parcial;TFM-VI\V;Usuario activo
Hoy, 5/24/2026 7:46:37 AM;\\VBoxSvr\shared_data\tutorial\windows_shell_reverse_tcp_rc4.exe.reloc;Eliminado;Objeto eliminado;HEUR:Trojan.Win32.Generic;;Archivo;\\VBoxSvr\shared_data\tutorial;windows_shell_reverse_tcp_rc4.exe.reloc;Eliminado;Troyano;Alta;Parcial;TFM-VI\V;Usuario activo
Hoy, 5/24/2026 7:46:37 AM;\\VBoxSvr\shared_data\tutorial\windows_shell_reverse_tcp_rc4.exe.reloc;Copia de seguridad creada;Se ha creado una copia de seguridad del objeto;HEUR:Trojan.Win32.Generic;;Archivo;\\VBoxSvr\shared_data\tutorial;windows_shell_reverse_tcp_rc4.exe.reloc;Copia de seguridad creada;Troyano;Alta;Parcial;TFM-VI\V;Usuario activo
Hoy, 5/24/2026 7:46:37 AM;\\VBoxSvr\shared_data\tutorial\windows_shell_hidden_bind_tcp.exe;Copia de seguridad creada;Se ha creado una copia de seguridad del objeto;HEUR:Trojan.Win32.Generic;;Archivo;\\VBoxSvr\shared_data\tutorial;windows_shell_hidden_bind_tcp.exe;Copia de seguridad creada;Troyano;Alta;Parcial;TFM-VI\V;Usuario activo
Hoy, 5/24/2026 7:46:38 AM;\\VBoxSvr\shared_data\tutorial\windows_shell_bind_hidden_ipknock_tcp.exe;Detectados;Objeto malicioso detectado;HEUR:Trojan.Win32.Generic;Hash;Archivo;\\VBoxSvr\shared_data\tutorial;windows_shell_bind_hidden_ipknock_tcp.exe;Detectados;Troyano;Alta;Parcial;TFM-VI\V;Usuario activo
Hoy, 5/24/2026 7:46:38 AM;\\VBoxSvr\shared_data\tutorial\windows_exec.exe.reloc;Detectados;Objeto malicioso detectado;HEUR:Trojan.Win32.Generic;Hash;Archivo;\\VBoxSvr\shared_data\tutorial;windows_exec.exe.reloc;Detectados;Troyano;Alta;Análisis heurístico;TFM-VI\V;Usuario activo
Hoy, 5/24/2026 7:46:37 AM;\\VBoxSvr\shared_data\tutorial\windows_shell_hidden_bind_tcp.exe;Eliminado;Objeto eliminado;HEUR:Trojan.Win32.Generic;;Archivo;\\VBoxSvr\shared_data\tutorial;windows_shell_hidden_bind_tcp.exe;Eliminado;Troyano;Alta;Parcial;TFM-VI\V;Usuario activo
Hoy, 5/24/2026 7:46:38 AM;\\VBoxSvr\shared_data\tutorial\windows_shell_bind_hidden_ipknock_tcp.exe;Eliminado;Objeto eliminado;HEUR:Trojan.Win32.Generic;;Archivo;\\VBoxSvr\shared_data\tutorial;windows_shell_bind_hidden_ipknock_tcp.exe;Eliminado;Troyano;Alta;Parcial;TFM-VI\V;Usuario activo
Hoy, 5/24/2026 7:46:38 AM;\\VBoxSvr\shared_data\tutorial\windows_exec.exe.reloc;Eliminado;Objeto eliminado;HEUR:Trojan.Win32.Generic;;Archivo;\\VBoxSvr\shared_data\tutorial;windows_exec.exe.reloc;Eliminado;Troyano;Alta;Análisis heurístico;TFM-VI\V;Usuario activo
Hoy, 5/24/2026 7:46:38 AM;\\VBoxSvr\shared_data\tutorial\windows_shell_bind_hidden_ipknock_tcp.exe;Copia de seguridad creada;Se ha creado una copia de seguridad del objeto;HEUR:Trojan.Win32.Generic;;Archivo;\\VBoxSvr\shared_data\tutorial;windows_shell_bind_hidden_ipknock_tcp.exe;Copia de seguridad creada;Troyano;Alta;Parcial;TFM-VI\V;Usuario activo
Hoy, 5/24/2026 7:46:38 AM;\\VBoxSvr\shared_data\tutorial\windows_exec.exe.reloc;Copia de seguridad creada;Se ha creado una copia de seguridad del objeto;HEUR:Trojan.Win32.Generic;;Archivo;\\VBoxSvr\shared_data\tutorial;windows_exec.exe.reloc;Copia de seguridad creada;Troyano;Alta;Análisis heurístico;TFM-VI\V;Usuario activo
Hoy, 5/24/2026 7:46:38 AM;\\VBoxSvr\shared_data\tutorial\windows_meterpreter_bind_tcp.exe.reloc;Detectados;Objeto malicioso detectado;HEUR:Trojan.Win32.Generic;Hash;Archivo;\\VBoxSvr\shared_data\tutorial;windows_meterpreter_bind_tcp.exe.reloc;Detectados;Troyano;Alta;Parcial;TFM-VI\V;Usuario activo
Hoy, 5/24/2026 7:46:39 AM;\\VBoxSvr\shared_data\tutorial\windows_meterpreter_bind_tcp.exe;Detectados;Objeto malicioso detectado;HEUR:Trojan.Win32.Generic;Hash;Archivo;\\VBoxSvr\shared_data\tutorial;windows_meterpreter_bind_tcp.exe;Detectados;Troyano;Alta;Parcial;TFM-VI\V;Usuario activo
Hoy, 5/24/2026 7:46:39 AM;\\VBoxSvr\shared_data\tutorial\windows_powershell_reverse_tcp_ssl.exe.reloc;Detectados;Objeto malicioso detectado;HEUR:Trojan.Win32.Generic;Hash;Archivo;\\VBoxSvr\shared_data\tutorial;windows_powershell_reverse_tcp_ssl.exe.reloc;Detectados;Troyano;Alta;Análisis heurístico;TFM-VI\V;Usuario activo
Hoy, 5/24/2026 7:46:38 AM;\\VBoxSvr\shared_data\tutorial\windows_meterpreter_bind_tcp.exe.reloc;Eliminado;Objeto eliminado;HEUR:Trojan.Win32.Generic;;Archivo;\\VBoxSvr\shared_data\tutorial;windows_meterpreter_bind_tcp.exe.reloc;Eliminado;Troyano;Alta;Parcial;TFM-VI\V;Usuario activo
Hoy, 5/24/2026 7:46:39 AM;\\VBoxSvr\shared_data\tutorial\windows_meterpreter_bind_tcp.exe;Eliminado;Objeto eliminado;HEUR:Trojan.Win32.Generic;;Archivo;\\VBoxSvr\shared_data\tutorial;windows_meterpreter_bind_tcp.exe;Eliminado;Troyano;Alta;Parcial;TFM-VI\V;Usuario activo
Hoy, 5/24/2026 7:46:39 AM;\\VBoxSvr\shared_data\tutorial\windows_powershell_reverse_tcp_ssl.exe.reloc;Eliminado;Objeto eliminado;HEUR:Trojan.Win32.Generic;;Archivo;\\VBoxSvr\shared_data\tutorial;windows_powershell_reverse_tcp_ssl.exe.reloc;Eliminado;Troyano;Alta;Análisis heurístico;TFM-VI\V;Usuario activo
Hoy, 5/24/2026 7:46:38 AM;\\VBoxSvr\shared_data\tutorial\windows_meterpreter_bind_tcp.exe.reloc;Copia de seguridad creada;Se ha creado una copia de seguridad del objeto;HEUR:Trojan.Win32.Generic;;Archivo;\\VBoxSvr\shared_data\tutorial;windows_meterpreter_bind_tcp.exe.reloc;Copia de seguridad creada;Troyano;Alta;Parcial;TFM-VI\V;Usuario activo
Hoy, 5/24/2026 7:46:39 AM;\\VBoxSvr\shared_data\tutorial\windows_meterpreter_bind_tcp.exe;Copia de seguridad creada;Se ha creado una copia de seguridad del objeto;HEUR:Trojan.Win32.Generic;;Archivo;\\VBoxSvr\shared_data\tutorial;windows_meterpreter_bind_tcp.exe;Copia de seguridad creada;Troyano;Alta;Parcial;TFM-VI\V;Usuario activo
Hoy, 5/24/2026 7:46:39 AM;\\VBoxSvr\shared_data\tutorial\windows_powershell_reverse_tcp_ssl.exe.reloc;Copia de seguridad creada;Se ha creado una copia de seguridad del objeto;HEUR:Trojan.Win32.Generic;;Archivo;\\VBoxSvr\shared_data\tutorial;windows_powershell_reverse_tcp_ssl.exe.reloc;Copia de seguridad creada;Troyano;Alta;Análisis heurístico;TFM-VI\V;Usuario activo
Hoy, 5/24/2026 7:46:40 AM;\\VBoxSvr\shared_data\tutorial\windows_meterpreter_reverse_https.exe.reloc;Detectados;Objeto malicioso detectado;HEUR:Trojan.Win32.Generic;Hash;Archivo;\\VBoxSvr\shared_data\tutorial;windows_meterpreter_reverse_https.exe.reloc;Detectados;Troyano;Alta;Parcial;TFM-VI\V;Usuario activo
Hoy, 5/24/2026 7:46:41 AM;\\VBoxSvr\shared_data\tutorial\windows_encrypted_shell_reverse_tcp.exe;Detectados;Objeto malicioso detectado;HEUR:Trojan.Win32.Generic;Hash;Archivo;\\VBoxSvr\shared_data\tutorial;windows_encrypted_shell_reverse_tcp.exe;Detectados;Troyano;Alta;Parcial;TFM-VI\V;Usuario activo
Hoy, 5/24/2026 7:46:40 AM;\\VBoxSvr\shared_data\tutorial\windows_meterpreter_reverse_https.exe.reloc;Eliminado;Objeto eliminado;HEUR:Trojan.Win32.Generic;;Archivo;\\VBoxSvr\shared_data\tutorial;windows_meterpreter_reverse_https.exe.reloc;Eliminado;Troyano;Alta;Parcial;TFM-VI\V;Usuario activo
Hoy, 5/24/2026 7:46:41 AM;\\VBoxSvr\shared_data\tutorial\windows_encrypted_shell_reverse_tcp.exe;Eliminado;Objeto eliminado;HEUR:Trojan.Win32.Generic;;Archivo;\\VBoxSvr\shared_data\tutorial;windows_encrypted_shell_reverse_tcp.exe;Eliminado;Troyano;Alta;Parcial;TFM-VI\V;Usuario activo
Hoy, 5/24/2026 7:46:40 AM;\\VBoxSvr\shared_data\tutorial\windows_meterpreter_reverse_https.exe.reloc;Copia de seguridad creada;Se ha creado una copia de seguridad del objeto;HEUR:Trojan.Win32.Generic;;Archivo;\\VBoxSvr\shared_data\tutorial;windows_meterpreter_reverse_https.exe.reloc;Copia de seguridad creada;Troyano;Alta;Parcial;TFM-VI\V;Usuario activo
Hoy, 5/24/2026 7:46:41 AM;\\VBoxSvr\shared_data\tutorial\windows_encrypted_shell_reverse_tcp.exe;Copia de seguridad creada;Se ha creado una copia de seguridad del objeto;HEUR:Trojan.Win32.Generic;;Archivo;\\VBoxSvr\shared_data\tutorial;windows_encrypted_shell_reverse_tcp.exe;Copia de seguridad creada;Troyano;Alta;Parcial;TFM-VI\V;Usuario activo
Hoy, 5/24/2026 7:46:42 AM;\\VBoxSvr\shared_data\tutorial\windows_encrypted_shell_reverse_tcp.exe.reloc;Detectados;Objeto malicioso detectado;HEUR:Trojan.Win32.Generic;Hash;Archivo;\\VBoxSvr\shared_data\tutorial;windows_encrypted_shell_reverse_tcp.exe.reloc;Detectados;Troyano;Alta;Parcial;TFM-VI\V;Usuario activo
Hoy, 5/24/2026 7:46:42 AM;\\VBoxSvr\shared_data\tutorial\windows_encrypted_shell_reverse_tcp.exe.reloc;Eliminado;Objeto eliminado;HEUR:Trojan.Win32.Generic;;Archivo;\\VBoxSvr\shared_data\tutorial;windows_encrypted_shell_reverse_tcp.exe.reloc;Eliminado;Troyano;Alta;Parcial;TFM-VI\V;Usuario activo
Hoy, 5/24/2026 7:46:42 AM;\\VBoxSvr\shared_data\tutorial\windows_encrypted_shell_reverse_tcp.exe.reloc;Copia de seguridad creada;Se ha creado una copia de seguridad del objeto;HEUR:Trojan.Win32.Generic;;Archivo;\\VBoxSvr\shared_data\tutorial;windows_encrypted_shell_reverse_tcp.exe.reloc;Copia de seguridad creada;Troyano;Alta;Parcial;TFM-VI\V;Usuario activo
Hoy, 5/24/2026 7:46:43 AM;\\VBoxSvr\shared_data\tutorial\windows_meterpreter_reverse_tcp.exe.reloc;Detectados;Objeto malicioso detectado;HEUR:Trojan.Win32.Generic;Hash;Archivo;\\VBoxSvr\shared_data\tutorial;windows_meterpreter_reverse_tcp.exe.reloc;Detectados;Troyano;Alta;Parcial;TFM-VI\V;Usuario activo
Hoy, 5/24/2026 7:46:43 AM;\\VBoxSvr\shared_data\tutorial\windows_meterpreter_reverse_tcp.exe.reloc;Eliminado;Objeto eliminado;HEUR:Trojan.Win32.Generic;;Archivo;\\VBoxSvr\shared_data\tutorial;windows_meterpreter_reverse_tcp.exe.reloc;Eliminado;Troyano;Alta;Parcial;TFM-VI\V;Usuario activo
Hoy, 5/24/2026 7:46:43 AM;\\VBoxSvr\shared_data\tutorial\windows_meterpreter_reverse_tcp.exe.reloc;Copia de seguridad creada;Se ha creado una copia de seguridad del objeto;HEUR:Trojan.Win32.Generic;;Archivo;\\VBoxSvr\shared_data\tutorial;windows_meterpreter_reverse_tcp.exe.reloc;Copia de seguridad creada;Troyano;Alta;Parcial;TFM-VI\V;Usuario activo
Hoy, 5/24/2026 7:46:45 AM;\\VBoxSvr\shared_data\tutorial\windows_meterpreter_reverse_https.exe;Detectados;Objeto malicioso detectado;HEUR:Trojan.Win32.Generic;Hash;Archivo;\\VBoxSvr\shared_data\tutorial;windows_meterpreter_reverse_https.exe;Detectados;Troyano;Alta;Parcial;TFM-VI\V;Usuario activo
Hoy, 5/24/2026 7:46:45 AM;\\VBoxSvr\shared_data\raw\windows_shell_hidden_bind_tcp.exe.text.data;Detectados;Objeto malicioso detectado;HEUR:Trojan.Win32.Generic;Hash;Archivo;\\VBoxSvr\shared_data\raw;windows_shell_hidden_bind_tcp.exe.text.data;Detectados;Troyano;Alta;Parcial;TFM-VI\V;Usuario activo
Hoy, 5/24/2026 7:46:45 AM;\\VBoxSvr\shared_data\raw\windows_shell_reverse_tcp_rc4.exe;Detectados;Objeto malicioso detectado;HEUR:Trojan.Win32.Generic;Hash;Archivo;\\VBoxSvr\shared_data\raw;windows_shell_reverse_tcp_rc4.exe;Detectados;Troyano;Alta;Parcial;TFM-VI\V;Usuario activo
Hoy, 5/24/2026 7:46:45 AM;\\VBoxSvr\shared_data\raw\windows_shell_reverse_tcp_rc4.exe._header_.reloc;Detectados;Objeto malicioso detectado;HEUR:Trojan.Win32.Shella.gen;Hash;Archivo;\\VBoxSvr\shared_data\raw;windows_shell_reverse_tcp_rc4.exe._header_.reloc;Detectados;Troyano;Alta;Análisis heurístico;TFM-VI\V;Usuario activo
Hoy, 5/24/2026 7:46:46 AM;\\VBoxSvr\shared_data\raw\windows_shell_reverse_tcp_rc4.exe._header_.data.reloc;Detectados;Objeto malicioso detectado;HEUR:Trojan.Win32.Shella.gen;Hash;Archivo;\\VBoxSvr\shared_data\raw;windows_shell_reverse_tcp_rc4.exe._header_.data.reloc;Detectados;Troyano;Alta;Análisis heurístico;TFM-VI\V;Usuario activo
Hoy, 5/24/2026 7:46:46 AM;\\VBoxSvr\shared_data\raw\windows_shell_bind_tcp.exe._header_.data.reloc;Detectados;Objeto malicioso detectado;HEUR:Trojan.Win32.Shelma.gen;Hash;Archivo;\\VBoxSvr\shared_data\raw;windows_shell_bind_tcp.exe._header_.data.reloc;Detectados;Troyano;Alta;Análisis heurístico;TFM-VI\V;Usuario activo
Hoy, 5/24/2026 7:46:46 AM;\\VBoxSvr\shared_data\raw\windows_pingback_bind_tcp.exe.rdata.reloc;Detectados;Objeto malicioso detectado;HEUR:Trojan.Win32.Generic;Hash;Archivo;\\VBoxSvr\shared_data\raw;windows_pingback_bind_tcp.exe.rdata.reloc;Detectados;Troyano;Alta;Parcial;TFM-VI\V;Usuario activo
Hoy, 5/24/2026 7:46:45 AM;\\VBoxSvr\shared_data\tutorial\windows_meterpreter_reverse_https.exe;Eliminado;Objeto eliminado;HEUR:Trojan.Win32.Generic;;Archivo;\\VBoxSvr\shared_data\tutorial;windows_meterpreter_reverse_https.exe;Eliminado;Troyano;Alta;Parcial;TFM-VI\V;Usuario activo
Hoy, 5/24/2026 7:46:45 AM;\\VBoxSvr\shared_data\raw\windows_shell_hidden_bind_tcp.exe.text.data;Eliminado;Objeto eliminado;HEUR:Trojan.Win32.Generic;;Archivo;\\VBoxSvr\shared_data\raw;windows_shell_hidden_bind_tcp.exe.text.data;Eliminado;Troyano;Alta;Parcial;TFM-VI\V;Usuario activo
Hoy, 5/24/2026 7:46:45 AM;\\VBoxSvr\shared_data\raw\windows_shell_reverse_tcp_rc4.exe;Eliminado;Objeto eliminado;HEUR:Trojan.Win32.Generic;;Archivo;\\VBoxSvr\shared_data\raw;windows_shell_reverse_tcp_rc4.exe;Eliminado;Troyano;Alta;Parcial;TFM-VI\V;Usuario activo
Hoy, 5/24/2026 7:46:45 AM;\\VBoxSvr\shared_data\raw\windows_shell_reverse_tcp_rc4.exe._header_.reloc;Eliminado;Objeto eliminado;HEUR:Trojan.Win32.Shella.gen;;Archivo;\\VBoxSvr\shared_data\raw;windows_shell_reverse_tcp_rc4.exe._header_.reloc;Eliminado;Troyano;Alta;Análisis heurístico;TFM-VI\V;Usuario activo
Hoy, 5/24/2026 7:46:46 AM;\\VBoxSvr\shared_data\raw\windows_shell_reverse_tcp_rc4.exe._header_.data.reloc;Eliminado;Objeto eliminado;HEUR:Trojan.Win32.Shella.gen;;Archivo;\\VBoxSvr\shared_data\raw;windows_shell_reverse_tcp_rc4.exe._header_.data.reloc;Eliminado;Troyano;Alta;Análisis heurístico;TFM-VI\V;Usuario activo
Hoy, 5/24/2026 7:46:46 AM;\\VBoxSvr\shared_data\raw\windows_shell_bind_tcp.exe._header_.data.reloc;Eliminado;Objeto eliminado;HEUR:Trojan.Win32.Shelma.gen;;Archivo;\\VBoxSvr\shared_data\raw;windows_shell_bind_tcp.exe._header_.data.reloc;Eliminado;Troyano;Alta;Análisis heurístico;TFM-VI\V;Usuario activo
Hoy, 5/24/2026 7:46:46 AM;\\VBoxSvr\shared_data\raw\windows_pingback_bind_tcp.exe.rdata.reloc;Eliminado;Objeto eliminado;HEUR:Trojan.Win32.Generic;;Archivo;\\VBoxSvr\shared_data\raw;windows_pingback_bind_tcp.exe.rdata.reloc;Eliminado;Troyano;Alta;Parcial;TFM-VI\V;Usuario activo
Hoy, 5/24/2026 7:46:45 AM;\\VBoxSvr\shared_data\tutorial\windows_meterpreter_reverse_https.exe;Copia de seguridad creada;Se ha creado una copia de seguridad del objeto;HEUR:Trojan.Win32.Generic;;Archivo;\\VBoxSvr\shared_data\tutorial;windows_meterpreter_reverse_https.exe;Copia de seguridad creada;Troyano;Alta;Parcial;TFM-VI\V;Usuario activo
Hoy, 5/24/2026 7:46:45 AM;\\VBoxSvr\shared_data\raw\windows_shell_hidden_bind_tcp.exe.text.data;Copia de seguridad creada;Se ha creado una copia de seguridad del objeto;HEUR:Trojan.Win32.Generic;;Archivo;\\VBoxSvr\shared_data\raw;windows_shell_hidden_bind_tcp.exe.text.data;Copia de seguridad creada;Troyano;Alta;Parcial;TFM-VI\V;Usuario activo
Hoy, 5/24/2026 7:46:45 AM;\\VBoxSvr\shared_data\raw\windows_shell_reverse_tcp_rc4.exe;Copia de seguridad creada;Se ha creado una copia de seguridad del objeto;HEUR:Trojan.Win32.Generic;;Archivo;\\VBoxSvr\shared_data\raw;windows_shell_reverse_tcp_rc4.exe;Copia de seguridad creada;Troyano;Alta;Parcial;TFM-VI\V;Usuario activo
Hoy, 5/24/2026 7:46:45 AM;\\VBoxSvr\shared_data\raw\windows_shell_reverse_tcp_rc4.exe._header_.reloc;Copia de seguridad creada;Se ha creado una copia de seguridad del objeto;HEUR:Trojan.Win32.Shella.gen;;Archivo;\\VBoxSvr\shared_data\raw;windows_shell_reverse_tcp_rc4.exe._header_.reloc;Copia de seguridad creada;Troyano;Alta;Análisis heurístico;TFM-VI\V;Usuario activo
Hoy, 5/24/2026 7:46:46 AM;\\VBoxSvr\shared_data\raw\windows_shell_reverse_tcp_rc4.exe._header_.data.reloc;Copia de seguridad creada;Se ha creado una copia de seguridad del objeto;HEUR:Trojan.Win32.Shella.gen;;Archivo;\\VBoxSvr\shared_data\raw;windows_shell_reverse_tcp_rc4.exe._header_.data.reloc;Copia de seguridad creada;Troyano;Alta;Análisis heurístico;TFM-VI\V;Usuario activo
Hoy, 5/24/2026 7:46:46 AM;\\VBoxSvr\shared_data\raw\windows_shell_bind_tcp.exe._header_.data.reloc;Copia de seguridad creada;Se ha creado una copia de seguridad del objeto;HEUR:Trojan.Win32.Shelma.gen;;Archivo;\\VBoxSvr\shared_data\raw;windows_shell_bind_tcp.exe._header_.data.reloc;Copia de seguridad creada;Troyano;Alta;Análisis heurístico;TFM-VI\V;Usuario activo
Hoy, 5/24/2026 7:46:46 AM;\\VBoxSvr\shared_data\raw\windows_pingback_bind_tcp.exe.rdata.reloc;Copia de seguridad creada;Se ha creado una copia de seguridad del objeto;HEUR:Trojan.Win32.Generic;;Archivo;\\VBoxSvr\shared_data\raw;windows_pingback_bind_tcp.exe.rdata.reloc;Copia de seguridad creada;Troyano;Alta;Parcial;TFM-VI\V;Usuario activo
Hoy, 5/24/2026 7:46:46 AM;\\VBoxSvr\shared_data\raw\windows_powershell_reverse_tcp.exe.text.reloc;Detectados;Objeto malicioso detectado;HEUR:Trojan.Win32.Generic;Hash;Archivo;\\VBoxSvr\shared_data\raw;windows_powershell_reverse_tcp.exe.text.reloc;Detectados;Troyano;Alta;Análisis heurístico;TFM-VI\V;Usuario activo
Hoy, 5/24/2026 7:46:46 AM;\\VBoxSvr\shared_data\raw\windows_pingback_reverse_tcp.exe.text.reloc;Detectados;Objeto malicioso detectado;HEUR:Trojan.Win32.Generic;Hash;Archivo;\\VBoxSvr\shared_data\raw;windows_pingback_reverse_tcp.exe.text.reloc;Detectados;Troyano;Alta;Parcial;TFM-VI\V;Usuario activo
Hoy, 5/24/2026 7:46:46 AM;\\VBoxSvr\shared_data\raw\windows_powershell_reverse_tcp.exe.text.reloc;Eliminado;Objeto eliminado;HEUR:Trojan.Win32.Generic;;Archivo;\\VBoxSvr\shared_data\raw;windows_powershell_reverse_tcp.exe.text.reloc;Eliminado;Troyano;Alta;Análisis heurístico;TFM-VI\V;Usuario activo
Hoy, 5/24/2026 7:46:46 AM;\\VBoxSvr\shared_data\raw\windows_pingback_reverse_tcp.exe.text.reloc;Eliminado;Objeto eliminado;HEUR:Trojan.Win32.Generic;;Archivo;\\VBoxSvr\shared_data\raw;windows_pingback_reverse_tcp.exe.text.reloc;Eliminado;Troyano;Alta;Parcial;TFM-VI\V;Usuario activo
Hoy, 5/24/2026 7:46:46 AM;\\VBoxSvr\shared_data\raw\windows_powershell_reverse_tcp.exe.text.reloc;Copia de seguridad creada;Se ha creado una copia de seguridad del objeto;HEUR:Trojan.Win32.Generic;;Archivo;\\VBoxSvr\shared_data\raw;windows_powershell_reverse_tcp.exe.text.reloc;Copia de seguridad creada;Troyano;Alta;Análisis heurístico;TFM-VI\V;Usuario activo
Hoy, 5/24/2026 7:46:46 AM;\\VBoxSvr\shared_data\raw\windows_pingback_reverse_tcp.exe.text.reloc;Copia de seguridad creada;Se ha creado una copia de seguridad del objeto;HEUR:Trojan.Win32.Generic;;Archivo;\\VBoxSvr\shared_data\raw;windows_pingback_reverse_tcp.exe.text.reloc;Copia de seguridad creada;Troyano;Alta;Parcial;TFM-VI\V;Usuario activo
Hoy, 5/24/2026 7:46:47 AM;\\VBoxSvr\shared_data\raw\windows_meterpreter_reverse_https.exe.data.reloc;Detectados;Objeto malicioso detectado;HEUR:Trojan.Win32.Generic;Hash;Archivo;\\VBoxSvr\shared_data\raw;windows_meterpreter_reverse_https.exe.data.reloc;Detectados;Troyano;Alta;Parcial;TFM-VI\V;Usuario activo
Hoy, 5/24/2026 7:46:47 AM;\\VBoxSvr\shared_data\raw\windows_powershell_reverse_tcp.exe.text.data;Detectados;Objeto malicioso detectado;HEUR:Trojan.Win32.Generic;Hash;Archivo;\\VBoxSvr\shared_data\raw;windows_powershell_reverse_tcp.exe.text.data;Detectados;Troyano;Alta;Análisis heurístico;TFM-VI\V;Usuario activo
Hoy, 5/24/2026 7:46:47 AM;\\VBoxSvr\shared_data\raw\windows_exec.exe.text.data.reloc;Detectados;Objeto malicioso detectado;HEUR:Trojan.Win32.Generic;Hash;Archivo;\\VBoxSvr\shared_data\raw;windows_exec.exe.text.data.reloc;Detectados;Troyano;Alta;Análisis heurístico;TFM-VI\V;Usuario activo
Hoy, 5/24/2026 7:46:48 AM;\\VBoxSvr\shared_data\raw\windows_pingback_reverse_tcp.exe;Detectados;Objeto malicioso detectado;HEUR:Trojan.Win32.Generic;Hash;Archivo;\\VBoxSvr\shared_data\raw;windows_pingback_reverse_tcp.exe;Detectados;Troyano;Alta;Parcial;TFM-VI\V;Usuario activo
Hoy, 5/24/2026 7:46:48 AM;\\VBoxSvr\shared_data\raw\windows_pingback_reverse_tcp.exe.data.reloc;Detectados;Objeto malicioso detectado;HEUR:Trojan.Win32.Generic;Hash;Archivo;\\VBoxSvr\shared_data\raw;windows_pingback_reverse_tcp.exe.data.reloc;Detectados;Troyano;Alta;Parcial;TFM-VI\V;Usuario activo
Hoy, 5/24/2026 7:46:47 AM;\\VBoxSvr\shared_data\raw\windows_meterpreter_reverse_https.exe.data.reloc;Eliminado;Objeto eliminado;HEUR:Trojan.Win32.Generic;;Archivo;\\VBoxSvr\shared_data\raw;windows_meterpreter_reverse_https.exe.data.reloc;Eliminado;Troyano;Alta;Parcial;TFM-VI\V;Usuario activo
Hoy, 5/24/2026 7:46:47 AM;\\VBoxSvr\shared_data\raw\windows_powershell_reverse_tcp.exe.text.data;Eliminado;Objeto eliminado;HEUR:Trojan.Win32.Generic;;Archivo;\\VBoxSvr\shared_data\raw;windows_powershell_reverse_tcp.exe.text.data;Eliminado;Troyano;Alta;Análisis heurístico;TFM-VI\V;Usuario activo
Hoy, 5/24/2026 7:46:48 AM;\\VBoxSvr\shared_data\raw\windows_exec.exe.text.data.reloc;Eliminado;Objeto eliminado;HEUR:Trojan.Win32.Generic;;Archivo;\\VBoxSvr\shared_data\raw;windows_exec.exe.text.data.reloc;Eliminado;Troyano;Alta;Análisis heurístico;TFM-VI\V;Usuario activo
Hoy, 5/24/2026 7:46:48 AM;\\VBoxSvr\shared_data\raw\windows_pingback_reverse_tcp.exe;Eliminado;Objeto eliminado;HEUR:Trojan.Win32.Generic;;Archivo;\\VBoxSvr\shared_data\raw;windows_pingback_reverse_tcp.exe;Eliminado;Troyano;Alta;Parcial;TFM-VI\V;Usuario activo
Hoy, 5/24/2026 7:46:48 AM;\\VBoxSvr\shared_data\raw\windows_pingback_reverse_tcp.exe.data.reloc;Eliminado;Objeto eliminado;HEUR:Trojan.Win32.Generic;;Archivo;\\VBoxSvr\shared_data\raw;windows_pingback_reverse_tcp.exe.data.reloc;Eliminado;Troyano;Alta;Parcial;TFM-VI\V;Usuario activo
Hoy, 5/24/2026 7:46:47 AM;\\VBoxSvr\shared_data\raw\windows_meterpreter_reverse_https.exe.data.reloc;Copia de seguridad creada;Se ha creado una copia de seguridad del objeto;HEUR:Trojan.Win32.Generic;;Archivo;\\VBoxSvr\shared_data\raw;windows_meterpreter_reverse_https.exe.data.reloc;Copia de seguridad creada;Troyano;Alta;Parcial;TFM-VI\V;Usuario activo
Hoy, 5/24/2026 7:46:47 AM;\\VBoxSvr\shared_data\raw\windows_powershell_reverse_tcp.exe.text.data;Copia de seguridad creada;Se ha creado una copia de seguridad del objeto;HEUR:Trojan.Win32.Generic;;Archivo;\\VBoxSvr\shared_data\raw;windows_powershell_reverse_tcp.exe.text.data;Copia de seguridad creada;Troyano;Alta;Análisis heurístico;TFM-VI\V;Usuario activo
Hoy, 5/24/2026 7:46:47 AM;\\VBoxSvr\shared_data\raw\windows_exec.exe.text.data.reloc;Copia de seguridad creada;Se ha creado una copia de seguridad del objeto;HEUR:Trojan.Win32.Generic;;Archivo;\\VBoxSvr\shared_data\raw;windows_exec.exe.text.data.reloc;Copia de seguridad creada;Troyano;Alta;Análisis heurístico;TFM-VI\V;Usuario activo
Hoy, 5/24/2026 7:46:48 AM;\\VBoxSvr\shared_data\raw\windows_pingback_reverse_tcp.exe;Copia de seguridad creada;Se ha creado una copia de seguridad del objeto;HEUR:Trojan.Win32.Generic;;Archivo;\\VBoxSvr\shared_data\raw;windows_pingback_reverse_tcp.exe;Copia de seguridad creada;Troyano;Alta;Parcial;TFM-VI\V;Usuario activo
Hoy, 5/24/2026 7:46:48 AM;\\VBoxSvr\shared_data\raw\windows_pingback_reverse_tcp.exe.data.reloc;Copia de seguridad creada;Se ha creado una copia de seguridad del objeto;HEUR:Trojan.Win32.Generic;;Archivo;\\VBoxSvr\shared_data\raw;windows_pingback_reverse_tcp.exe.data.reloc;Copia de seguridad creada;Troyano;Alta;Parcial;TFM-VI\V;Usuario activo
Hoy, 5/24/2026 7:46:48 AM;\\VBoxSvr\shared_data\raw\windows_pingback_reverse_tcp.exe.text;Detectados;Objeto malicioso detectado;HEUR:Trojan.Win32.Generic;Hash;Archivo;\\VBoxSvr\shared_data\raw;windows_pingback_reverse_tcp.exe.text;Detectados;Troyano;Alta;Parcial;TFM-VI\V;Usuario activo
Hoy, 5/24/2026 7:46:48 AM;\\VBoxSvr\shared_data\raw\windows_pingback_reverse_tcp.exe.text;Eliminado;Objeto eliminado;HEUR:Trojan.Win32.Generic;;Archivo;\\VBoxSvr\shared_data\raw;windows_pingback_reverse_tcp.exe.text;Eliminado;Troyano;Alta;Parcial;TFM-VI\V;Usuario activo
Hoy, 5/24/2026 7:46:48 AM;\\VBoxSvr\shared_data\raw\windows_pingback_reverse_tcp.exe.text;Copia de seguridad creada;Se ha creado una copia de seguridad del objeto;HEUR:Trojan.Win32.Generic;;Archivo;\\VBoxSvr\shared_data\raw;windows_pingback_reverse_tcp.exe.text;Copia de seguridad creada;Troyano;Alta;Parcial;TFM-VI\V;Usuario activo
Hoy, 5/24/2026 7:46:48 AM;\\VBoxSvr\shared_data\raw\windows_exec.exe.rdata.reloc;Detectados;Objeto malicioso detectado;HEUR:Trojan.Win32.Generic;Hash;Archivo;\\VBoxSvr\shared_data\raw;windows_exec.exe.rdata.reloc;Detectados;Troyano;Alta;Análisis heurístico;TFM-VI\V;Usuario activo
Hoy, 5/24/2026 7:46:48 AM;\\VBoxSvr\shared_data\raw\windows_shell_reverse_tcp_rc4.exe.rdata;Detectados;Objeto malicioso detectado;HEUR:Trojan.Win32.Generic;Hash;Archivo;\\VBoxSvr\shared_data\raw;windows_shell_reverse_tcp_rc4.exe.rdata;Detectados;Troyano;Alta;Parcial;TFM-VI\V;Usuario activo
Hoy, 5/24/2026 7:46:48 AM;\\VBoxSvr\shared_data\raw\windows_encrypted_shell_reverse_tcp.exe.text.reloc;Detectados;Objeto malicioso detectado;HEUR:Trojan.Win32.Generic;Hash;Archivo;\\VBoxSvr\shared_data\raw;windows_encrypted_shell_reverse_tcp.exe.text.reloc;Detectados;Troyano;Alta;Parcial;TFM-VI\V;Usuario activo
Hoy, 5/24/2026 7:46:49 AM;\\VBoxSvr\shared_data\raw\windows_exec.exe.text.rdata.reloc;Detectados;Objeto malicioso detectado;HEUR:Trojan.Win32.Generic;Hash;Archivo;\\VBoxSvr\shared_data\raw;windows_exec.exe.text.rdata.reloc;Detectados;Troyano;Alta;Análisis heurístico;TFM-VI\V;Usuario activo
Hoy, 5/24/2026 7:46:49 AM;\\VBoxSvr\shared_data\raw\windows_shell_bind_tcp.exe.data;Detectados;Objeto malicioso detectado;HEUR:Trojan.Win32.Generic;Hash;Archivo;\\VBoxSvr\shared_data\raw;windows_shell_bind_tcp.exe.data;Detectados;Troyano;Alta;Parcial;TFM-VI\V;Usuario activo
Hoy, 5/24/2026 7:46:49 AM;\\VBoxSvr\shared_data\raw\windows_pingback_bind_tcp.exe.rdata;Detectados;Objeto malicioso detectado;HEUR:Trojan.Win32.Generic;Hash;Archivo;\\VBoxSvr\shared_data\raw;windows_pingback_bind_tcp.exe.rdata;Detectados;Troyano;Alta;Parcial;TFM-VI\V;Usuario activo
Hoy, 5/24/2026 7:46:49 AM;\\VBoxSvr\shared_data\raw\windows_shell_bind_hidden_ipknock_tcp.exe.text.rdata;Detectados;Objeto malicioso detectado;HEUR:Trojan.Win32.Generic;Hash;Archivo;\\VBoxSvr\shared_data\raw;windows_shell_bind_hidden_ipknock_tcp.exe.text.rdata;Detectados;Troyano;Alta;Parcial;TFM-VI\V;Usuario activo
Hoy, 5/24/2026 7:46:48 AM;\\VBoxSvr\shared_data\raw\windows_exec.exe.rdata.reloc;Eliminado;Objeto eliminado;HEUR:Trojan.Win32.Generic;;Archivo;\\VBoxSvr\shared_data\raw;windows_exec.exe.rdata.reloc;Eliminado;Troyano;Alta;Análisis heurístico;TFM-VI\V;Usuario activo
Hoy, 5/24/2026 7:46:48 AM;\\VBoxSvr\shared_data\raw\windows_shell_reverse_tcp_rc4.exe.rdata;Eliminado;Objeto eliminado;HEUR:Trojan.Win32.Generic;;Archivo;\\VBoxSvr\shared_data\raw;windows_shell_reverse_tcp_rc4.exe.rdata;Eliminado;Troyano;Alta;Parcial;TFM-VI\V;Usuario activo
Hoy, 5/24/2026 7:46:48 AM;\\VBoxSvr\shared_data\raw\windows_encrypted_shell_reverse_tcp.exe.text.reloc;Eliminado;Objeto eliminado;HEUR:Trojan.Win32.Generic;;Archivo;\\VBoxSvr\shared_data\raw;windows_encrypted_shell_reverse_tcp.exe.text.reloc;Eliminado;Troyano;Alta;Parcial;TFM-VI\V;Usuario activo
Hoy, 5/24/2026 7:46:49 AM;\\VBoxSvr\shared_data\raw\windows_exec.exe.text.rdata.reloc;Eliminado;Objeto eliminado;HEUR:Trojan.Win32.Generic;;Archivo;\\VBoxSvr\shared_data\raw;windows_exec.exe.text.rdata.reloc;Eliminado;Troyano;Alta;Análisis heurístico;TFM-VI\V;Usuario activo
Hoy, 5/24/2026 7:46:49 AM;\\VBoxSvr\shared_data\raw\windows_shell_bind_tcp.exe.data;Eliminado;Objeto eliminado;HEUR:Trojan.Win32.Generic;;Archivo;\\VBoxSvr\shared_data\raw;windows_shell_bind_tcp.exe.data;Eliminado;Troyano;Alta;Parcial;TFM-VI\V;Usuario activo
Hoy, 5/24/2026 7:46:49 AM;\\VBoxSvr\shared_data\raw\windows_pingback_bind_tcp.exe.rdata;Eliminado;Objeto eliminado;HEUR:Trojan.Win32.Generic;;Archivo;\\VBoxSvr\shared_data\raw;windows_pingback_bind_tcp.exe.rdata;Eliminado;Troyano;Alta;Parcial;TFM-VI\V;Usuario activo
Hoy, 5/24/2026 7:46:49 AM;\\VBoxSvr\shared_data\raw\windows_shell_bind_hidden_ipknock_tcp.exe.text.rdata;Eliminado;Objeto eliminado;HEUR:Trojan.Win32.Generic;;Archivo;\\VBoxSvr\shared_data\raw;windows_shell_bind_hidden_ipknock_tcp.exe.text.rdata;Eliminado;Troyano;Alta;Parcial;TFM-VI\V;Usuario activo
Hoy, 5/24/2026 7:46:48 AM;\\VBoxSvr\shared_data\raw\windows_exec.exe.rdata.reloc;Copia de seguridad creada;Se ha creado una copia de seguridad del objeto;HEUR:Trojan.Win32.Generic;;Archivo;\\VBoxSvr\shared_data\raw;windows_exec.exe.rdata.reloc;Copia de seguridad creada;Troyano;Alta;Análisis heurístico;TFM-VI\V;Usuario activo
Hoy, 5/24/2026 7:46:48 AM;\\VBoxSvr\shared_data\raw\windows_shell_reverse_tcp_rc4.exe.rdata;Copia de seguridad creada;Se ha creado una copia de seguridad del objeto;HEUR:Trojan.Win32.Generic;;Archivo;\\VBoxSvr\shared_data\raw;windows_shell_reverse_tcp_rc4.exe.rdata;Copia de seguridad creada;Troyano;Alta;Parcial;TFM-VI\V;Usuario activo
Hoy, 5/24/2026 7:46:48 AM;\\VBoxSvr\shared_data\raw\windows_encrypted_shell_reverse_tcp.exe.text.reloc;Copia de seguridad creada;Se ha creado una copia de seguridad del objeto;HEUR:Trojan.Win32.Generic;;Archivo;\\VBoxSvr\shared_data\raw;windows_encrypted_shell_reverse_tcp.exe.text.reloc;Copia de seguridad creada;Troyano;Alta;Parcial;TFM-VI\V;Usuario activo
Hoy, 5/24/2026 7:46:49 AM;\\VBoxSvr\shared_data\raw\windows_exec.exe.text.rdata.reloc;Copia de seguridad creada;Se ha creado una copia de seguridad del objeto;HEUR:Trojan.Win32.Generic;;Archivo;\\VBoxSvr\shared_data\raw;windows_exec.exe.text.rdata.reloc;Copia de seguridad creada;Troyano;Alta;Análisis heurístico;TFM-VI\V;Usuario activo
Hoy, 5/24/2026 7:46:49 AM;\\VBoxSvr\shared_data\raw\windows_shell_bind_tcp.exe.data;Copia de seguridad creada;Se ha creado una copia de seguridad del objeto;HEUR:Trojan.Win32.Generic;;Archivo;\\VBoxSvr\shared_data\raw;windows_shell_bind_tcp.exe.data;Copia de seguridad creada;Troyano;Alta;Parcial;TFM-VI\V;Usuario activo
Hoy, 5/24/2026 7:46:49 AM;\\VBoxSvr\shared_data\raw\windows_pingback_bind_tcp.exe.rdata;Copia de seguridad creada;Se ha creado una copia de seguridad del objeto;HEUR:Trojan.Win32.Generic;;Archivo;\\VBoxSvr\shared_data\raw;windows_pingback_bind_tcp.exe.rdata;Copia de seguridad creada;Troyano;Alta;Parcial;TFM-VI\V;Usuario activo
Hoy, 5/24/2026 7:46:49 AM;\\VBoxSvr\shared_data\raw\windows_shell_bind_hidden_ipknock_tcp.exe.text.rdata;Copia de seguridad creada;Se ha creado una copia de seguridad del objeto;HEUR:Trojan.Win32.Generic;;Archivo;\\VBoxSvr\shared_data\raw;windows_shell_bind_hidden_ipknock_tcp.exe.text.rdata;Copia de seguridad creada;Troyano;Alta;Parcial;TFM-VI\V;Usuario activo
Hoy, 5/24/2026 7:46:49 AM;\\VBoxSvr\shared_data\raw\windows_meterpreter_bind_tcp.exe.data.reloc;Detectados;Objeto malicioso detectado;HEUR:Trojan.Win32.Generic;Hash;Archivo;\\VBoxSvr\shared_data\raw;windows_meterpreter_bind_tcp.exe.data.reloc;Detectados;Troyano;Alta;Parcial;TFM-VI\V;Usuario activo
Hoy, 5/24/2026 7:46:49 AM;\\VBoxSvr\shared_data\raw\windows_shell_bind_tcp.exe.text.data;Detectados;Objeto malicioso detectado;HEUR:Trojan.Win32.Generic;Hash;Archivo;\\VBoxSvr\shared_data\raw;windows_shell_bind_tcp.exe.text.data;Detectados;Troyano;Alta;Parcial;TFM-VI\V;Usuario activo
Hoy, 5/24/2026 7:46:50 AM;\\VBoxSvr\shared_data\raw\windows_shell_bind_tcp.exe.text.reloc;Detectados;Objeto malicioso detectado;HEUR:Trojan.Win32.Generic;Hash;Archivo;\\VBoxSvr\shared_data\raw;windows_shell_bind_tcp.exe.text.reloc;Detectados;Troyano;Alta;Parcial;TFM-VI\V;Usuario activo
Hoy, 5/24/2026 7:46:50 AM;\\VBoxSvr\shared_data\raw\windows_powershell_reverse_tcp_ssl.exe.text.rdata;Detectados;Objeto malicioso detectado;HEUR:Trojan.Win32.Generic;Hash;Archivo;\\VBoxSvr\shared_data\raw;windows_powershell_reverse_tcp_ssl.exe.text.rdata;Detectados;Troyano;Alta;Análisis heurístico;TFM-VI\V;Usuario activo
Hoy, 5/24/2026 7:46:50 AM;\\VBoxSvr\shared_data\raw\windows_shell_hidden_bind_tcp.exe.rdata.data;Detectados;Objeto malicioso detectado;HEUR:Trojan.Win32.Generic;Hash;Archivo;\\VBoxSvr\shared_data\raw;windows_shell_hidden_bind_tcp.exe.rdata.data;Detectados;Troyano;Alta;Parcial;TFM-VI\V;Usuario activo
Hoy, 5/24/2026 7:46:50 AM;\\VBoxSvr\shared_data\raw\windows_pingback_reverse_tcp.exe.rdata.data;Detectados;Objeto malicioso detectado;HEUR:Trojan.Win32.Generic;Hash;Archivo;\\VBoxSvr\shared_data\raw;windows_pingback_reverse_tcp.exe.rdata.data;Detectados;Troyano;Alta;Parcial;TFM-VI\V;Usuario activo
Hoy, 5/24/2026 7:46:49 AM;\\VBoxSvr\shared_data\raw\windows_meterpreter_bind_tcp.exe.data.reloc;Eliminado;Objeto eliminado;HEUR:Trojan.Win32.Generic;;Archivo;\\VBoxSvr\shared_data\raw;windows_meterpreter_bind_tcp.exe.data.reloc;Eliminado;Troyano;Alta;Parcial;TFM-VI\V;Usuario activo
Hoy, 5/24/2026 7:46:49 AM;\\VBoxSvr\shared_data\raw\windows_shell_bind_tcp.exe.text.data;Eliminado;Objeto eliminado;HEUR:Trojan.Win32.Generic;;Archivo;\\VBoxSvr\shared_data\raw;windows_shell_bind_tcp.exe.text.data;Eliminado;Troyano;Alta;Parcial;TFM-VI\V;Usuario activo
Hoy, 5/24/2026 7:46:50 AM;\\VBoxSvr\shared_data\raw\windows_shell_bind_tcp.exe.text.reloc;Eliminado;Objeto eliminado;HEUR:Trojan.Win32.Generic;;Archivo;\\VBoxSvr\shared_data\raw;windows_shell_bind_tcp.exe.text.reloc;Eliminado;Troyano;Alta;Parcial;TFM-VI\V;Usuario activo
Hoy, 5/24/2026 7:46:50 AM;\\VBoxSvr\shared_data\raw\windows_powershell_reverse_tcp_ssl.exe.text.rdata;Eliminado;Objeto eliminado;HEUR:Trojan.Win32.Generic;;Archivo;\\VBoxSvr\shared_data\raw;windows_powershell_reverse_tcp_ssl.exe.text.rdata;Eliminado;Troyano;Alta;Análisis heurístico;TFM-VI\V;Usuario activo
Hoy, 5/24/2026 7:46:50 AM;\\VBoxSvr\shared_data\raw\windows_shell_hidden_bind_tcp.exe.rdata.data;Eliminado;Objeto eliminado;HEUR:Trojan.Win32.Generic;;Archivo;\\VBoxSvr\shared_data\raw;windows_shell_hidden_bind_tcp.exe.rdata.data;Eliminado;Troyano;Alta;Parcial;TFM-VI\V;Usuario activo
Hoy, 5/24/2026 7:46:50 AM;\\VBoxSvr\shared_data\raw\windows_pingback_reverse_tcp.exe.rdata.data;Eliminado;Objeto eliminado;HEUR:Trojan.Win32.Generic;;Archivo;\\VBoxSvr\shared_data\raw;windows_pingback_reverse_tcp.exe.rdata.data;Eliminado;Troyano;Alta;Parcial;TFM-VI\V;Usuario activo
Hoy, 5/24/2026 7:46:49 AM;\\VBoxSvr\shared_data\raw\windows_meterpreter_bind_tcp.exe.data.reloc;Copia de seguridad creada;Se ha creado una copia de seguridad del objeto;HEUR:Trojan.Win32.Generic;;Archivo;\\VBoxSvr\shared_data\raw;windows_meterpreter_bind_tcp.exe.data.reloc;Copia de seguridad creada;Troyano;Alta;Parcial;TFM-VI\V;Usuario activo
Hoy, 5/24/2026 7:46:49 AM;\\VBoxSvr\shared_data\raw\windows_shell_bind_tcp.exe.text.data;Copia de seguridad creada;Se ha creado una copia de seguridad del objeto;HEUR:Trojan.Win32.Generic;;Archivo;\\VBoxSvr\shared_data\raw;windows_shell_bind_tcp.exe.text.data;Copia de seguridad creada;Troyano;Alta;Parcial;TFM-VI\V;Usuario activo
Hoy, 5/24/2026 7:46:50 AM;\\VBoxSvr\shared_data\raw\windows_shell_bind_tcp.exe.text.reloc;Copia de seguridad creada;Se ha creado una copia de seguridad del objeto;HEUR:Trojan.Win32.Generic;;Archivo;\\VBoxSvr\shared_data\raw;windows_shell_bind_tcp.exe.text.reloc;Copia de seguridad creada;Troyano;Alta;Parcial;TFM-VI\V;Usuario activo
Hoy, 5/24/2026 7:46:50 AM;\\VBoxSvr\shared_data\raw\windows_powershell_reverse_tcp_ssl.exe.text.rdata;Copia de seguridad creada;Se ha creado una copia de seguridad del objeto;HEUR:Trojan.Win32.Generic;;Archivo;\\VBoxSvr\shared_data\raw;windows_powershell_reverse_tcp_ssl.exe.text.rdata;Copia de seguridad creada;Troyano;Alta;Análisis heurístico;TFM-VI\V;Usuario activo
Hoy, 5/24/2026 7:46:50 AM;\\VBoxSvr\shared_data\raw\windows_shell_hidden_bind_tcp.exe.rdata.data;Copia de seguridad creada;Se ha creado una copia de seguridad del objeto;HEUR:Trojan.Win32.Generic;;Archivo;\\VBoxSvr\shared_data\raw;windows_shell_hidden_bind_tcp.exe.rdata.data;Copia de seguridad creada;Troyano;Alta;Parcial;TFM-VI\V;Usuario activo
Hoy, 5/24/2026 7:46:50 AM;\\VBoxSvr\shared_data\raw\windows_pingback_reverse_tcp.exe.rdata.data;Copia de seguridad creada;Se ha creado una copia de seguridad del objeto;HEUR:Trojan.Win32.Generic;;Archivo;\\VBoxSvr\shared_data\raw;windows_pingback_reverse_tcp.exe.rdata.data;Copia de seguridad creada;Troyano;Alta;Parcial;TFM-VI\V;Usuario activo
Hoy, 5/24/2026 7:46:50 AM;\\VBoxSvr\shared_data\raw\windows_shell_bind_tcp.exe._header_.data;Detectados;Objeto malicioso detectado;HEUR:Trojan.Win32.Shelma.gen;Hash;Archivo;\\VBoxSvr\shared_data\raw;windows_shell_bind_tcp.exe._header_.data;Detectados;Troyano;Alta;Análisis heurístico;TFM-VI\V;Usuario activo
Hoy, 5/24/2026 7:46:51 AM;\\VBoxSvr\shared_data\raw\windows_meterpreter_reverse_https.exe.text.reloc;Detectados;Objeto malicioso detectado;HEUR:Trojan.Win32.Generic;Hash;Archivo;\\VBoxSvr\shared_data\raw;windows_meterpreter_reverse_https.exe.text.reloc;Detectados;Troyano;Alta;Parcial;TFM-VI\V;Usuario activo
Hoy, 5/24/2026 7:46:51 AM;\\VBoxSvr\shared_data\raw\windows_powershell_reverse_tcp_ssl.exe.data.reloc;Detectados;Objeto malicioso detectado;HEUR:Trojan.Win32.Generic;Hash;Archivo;\\VBoxSvr\shared_data\raw;windows_powershell_reverse_tcp_ssl.exe.data.reloc;Detectados;Troyano;Alta;Análisis heurístico;TFM-VI\V;Usuario activo
Hoy, 5/24/2026 7:46:50 AM;\\VBoxSvr\shared_data\raw\windows_shell_bind_tcp.exe._header_.data;Eliminado;Objeto eliminado;HEUR:Trojan.Win32.Shelma.gen;;Archivo;\\VBoxSvr\shared_data\raw;windows_shell_bind_tcp.exe._header_.data;Eliminado;Troyano;Alta;Análisis heurístico;TFM-VI\V;Usuario activo
Hoy, 5/24/2026 7:46:51 AM;\\VBoxSvr\shared_data\raw\windows_meterpreter_reverse_https.exe.text.reloc;Eliminado;Objeto eliminado;HEUR:Trojan.Win32.Generic;;Archivo;\\VBoxSvr\shared_data\raw;windows_meterpreter_reverse_https.exe.text.reloc;Eliminado;Troyano;Alta;Parcial;TFM-VI\V;Usuario activo
Hoy, 5/24/2026 7:46:51 AM;\\VBoxSvr\shared_data\raw\windows_powershell_reverse_tcp_ssl.exe.data.reloc;Eliminado;Objeto eliminado;HEUR:Trojan.Win32.Generic;;Archivo;\\VBoxSvr\shared_data\raw;windows_powershell_reverse_tcp_ssl.exe.data.reloc;Eliminado;Troyano;Alta;Análisis heurístico;TFM-VI\V;Usuario activo
Hoy, 5/24/2026 7:46:50 AM;\\VBoxSvr\shared_data\raw\windows_shell_bind_tcp.exe._header_.data;Copia de seguridad creada;Se ha creado una copia de seguridad del objeto;HEUR:Trojan.Win32.Shelma.gen;;Archivo;\\VBoxSvr\shared_data\raw;windows_shell_bind_tcp.exe._header_.data;Copia de seguridad creada;Troyano;Alta;Análisis heurístico;TFM-VI\V;Usuario activo
Hoy, 5/24/2026 7:46:51 AM;\\VBoxSvr\shared_data\raw\windows_meterpreter_reverse_https.exe.text.reloc;Copia de seguridad creada;Se ha creado una copia de seguridad del objeto;HEUR:Trojan.Win32.Generic;;Archivo;\\VBoxSvr\shared_data\raw;windows_meterpreter_reverse_https.exe.text.reloc;Copia de seguridad creada;Troyano;Alta;Parcial;TFM-VI\V;Usuario activo
Hoy, 5/24/2026 7:46:51 AM;\\VBoxSvr\shared_data\raw\windows_powershell_reverse_tcp_ssl.exe.data.reloc;Copia de seguridad creada;Se ha creado una copia de seguridad del objeto;HEUR:Trojan.Win32.Generic;;Archivo;\\VBoxSvr\shared_data\raw;windows_powershell_reverse_tcp_ssl.exe.data.reloc;Copia de seguridad creada;Troyano;Alta;Análisis heurístico;TFM-VI\V;Usuario activo
Hoy, 5/24/2026 7:46:52 AM;\\VBoxSvr\shared_data\raw\windows_meterpreter_reverse_http.exe.text.reloc;Detectados;Objeto malicioso detectado;HEUR:Trojan.Win32.Generic;Hash;Archivo;\\VBoxSvr\shared_data\raw;windows_meterpreter_reverse_http.exe.text.reloc;Detectados;Troyano;Alta;Parcial;TFM-VI\V;Usuario activo
Hoy, 5/24/2026 7:46:52 AM;\\VBoxSvr\shared_data\raw\windows_meterpreter_reverse_http.exe.text.reloc;Eliminado;Objeto eliminado;HEUR:Trojan.Win32.Generic;;Archivo;\\VBoxSvr\shared_data\raw;windows_meterpreter_reverse_http.exe.text.reloc;Eliminado;Troyano;Alta;Parcial;TFM-VI\V;Usuario activo
Hoy, 5/24/2026 7:46:52 AM;\\VBoxSvr\shared_data\raw\windows_meterpreter_reverse_http.exe.text.reloc;Copia de seguridad creada;Se ha creado una copia de seguridad del objeto;HEUR:Trojan.Win32.Generic;;Archivo;\\VBoxSvr\shared_data\raw;windows_meterpreter_reverse_http.exe.text.reloc;Copia de seguridad creada;Troyano;Alta;Parcial;TFM-VI\V;Usuario activo
Hoy, 5/24/2026 7:46:52 AM;\\VBoxSvr\shared_data\raw\windows_meterpreter_bind_tcp.exe.text.reloc;Detectados;Objeto malicioso detectado;HEUR:Trojan.Win32.Generic;Hash;Archivo;\\VBoxSvr\shared_data\raw;windows_meterpreter_bind_tcp.exe.text.reloc;Detectados;Troyano;Alta;Parcial;TFM-VI\V;Usuario activo
Hoy, 5/24/2026 7:46:52 AM;\\VBoxSvr\shared_data\raw\windows_shell_bind_tcp.exe.rdata.reloc;Detectados;Objeto malicioso detectado;HEUR:Trojan.Win32.Generic;Hash;Archivo;\\VBoxSvr\shared_data\raw;windows_shell_bind_tcp.exe.rdata.reloc;Detectados;Troyano;Alta;Parcial;TFM-VI\V;Usuario activo
Hoy, 5/24/2026 7:46:52 AM;\\VBoxSvr\shared_data\raw\windows_pingback_bind_tcp.exe;Detectados;Objeto malicioso detectado;HEUR:Trojan.Win32.Generic;Hash;Archivo;\\VBoxSvr\shared_data\raw;windows_pingback_bind_tcp.exe;Detectados;Troyano;Alta;Parcial;TFM-VI\V;Usuario activo
Hoy, 5/24/2026 7:46:53 AM;\\VBoxSvr\shared_data\raw\windows_meterpreter_reverse_tcp.exe.text.data.reloc;Detectados;Objeto malicioso detectado;HEUR:Trojan.Win32.Generic;Hash;Archivo;\\VBoxSvr\shared_data\raw;windows_meterpreter_reverse_tcp.exe.text.data.reloc;Detectados;Troyano;Alta;Parcial;TFM-VI\V;Usuario activo
Hoy, 5/24/2026 7:46:52 AM;\\VBoxSvr\shared_data\raw\windows_meterpreter_bind_tcp.exe.text.reloc;Eliminado;Objeto eliminado;HEUR:Trojan.Win32.Generic;;Archivo;\\VBoxSvr\shared_data\raw;windows_meterpreter_bind_tcp.exe.text.reloc;Eliminado;Troyano;Alta;Parcial;TFM-VI\V;Usuario activo
Hoy, 5/24/2026 7:46:52 AM;\\VBoxSvr\shared_data\raw\windows_shell_bind_tcp.exe.rdata.reloc;Eliminado;Objeto eliminado;HEUR:Trojan.Win32.Generic;;Archivo;\\VBoxSvr\shared_data\raw;windows_shell_bind_tcp.exe.rdata.reloc;Eliminado;Troyano;Alta;Parcial;TFM-VI\V;Usuario activo
Hoy, 5/24/2026 7:46:52 AM;\\VBoxSvr\shared_data\raw\windows_pingback_bind_tcp.exe;Eliminado;Objeto eliminado;HEUR:Trojan.Win32.Generic;;Archivo;\\VBoxSvr\shared_data\raw;windows_pingback_bind_tcp.exe;Eliminado;Troyano;Alta;Parcial;TFM-VI\V;Usuario activo
Hoy, 5/24/2026 7:46:53 AM;\\VBoxSvr\shared_data\raw\windows_meterpreter_reverse_tcp.exe.text.data.reloc;Eliminado;Objeto eliminado;HEUR:Trojan.Win32.Generic;;Archivo;\\VBoxSvr\shared_data\raw;windows_meterpreter_reverse_tcp.exe.text.data.reloc;Eliminado;Troyano;Alta;Parcial;TFM-VI\V;Usuario activo
Hoy, 5/24/2026 7:46:52 AM;\\VBoxSvr\shared_data\raw\windows_meterpreter_bind_tcp.exe.text.reloc;Copia de seguridad creada;Se ha creado una copia de seguridad del objeto;HEUR:Trojan.Win32.Generic;;Archivo;\\VBoxSvr\shared_data\raw;windows_meterpreter_bind_tcp.exe.text.reloc;Copia de seguridad creada;Troyano;Alta;Parcial;TFM-VI\V;Usuario activo
Hoy, 5/24/2026 7:46:52 AM;\\VBoxSvr\shared_data\raw\windows_shell_bind_tcp.exe.rdata.reloc;Copia de seguridad creada;Se ha creado una copia de seguridad del objeto;HEUR:Trojan.Win32.Generic;;Archivo;\\VBoxSvr\shared_data\raw;windows_shell_bind_tcp.exe.rdata.reloc;Copia de seguridad creada;Troyano;Alta;Parcial;TFM-VI\V;Usuario activo
Hoy, 5/24/2026 7:46:52 AM;\\VBoxSvr\shared_data\raw\windows_pingback_bind_tcp.exe;Copia de seguridad creada;Se ha creado una copia de seguridad del objeto;HEUR:Trojan.Win32.Generic;;Archivo;\\VBoxSvr\shared_data\raw;windows_pingback_bind_tcp.exe;Copia de seguridad creada;Troyano;Alta;Parcial;TFM-VI\V;Usuario activo
Hoy, 5/24/2026 7:46:53 AM;\\VBoxSvr\shared_data\raw\windows_meterpreter_reverse_tcp.exe.text.data.reloc;Copia de seguridad creada;Se ha creado una copia de seguridad del objeto;HEUR:Trojan.Win32.Generic;;Archivo;\\VBoxSvr\shared_data\raw;windows_meterpreter_reverse_tcp.exe.text.data.reloc;Copia de seguridad creada;Troyano;Alta;Parcial;TFM-VI\V;Usuario activo
Hoy, 5/24/2026 7:46:53 AM;\\VBoxSvr\shared_data\raw\windows_shell_bind_hidden_ipknock_tcp.exe.rdata.reloc;Detectados;Objeto malicioso detectado;HEUR:Trojan.Win32.Generic;Hash;Archivo;\\VBoxSvr\shared_data\raw;windows_shell_bind_hidden_ipknock_tcp.exe.rdata.reloc;Detectados;Troyano;Alta;Parcial;TFM-VI\V;Usuario activo
Hoy, 5/24/2026 7:46:53 AM;\\VBoxSvr\shared_data\raw\windows_powershell_bind_tcp.exe.rdata;Detectados;Objeto malicioso detectado;HEUR:Trojan.Win32.Generic;Hash;Archivo;\\VBoxSvr\shared_data\raw;windows_powershell_bind_tcp.exe.rdata;Detectados;Troyano;Alta;Análisis heurístico;TFM-VI\V;Usuario activo
Hoy, 5/24/2026 7:46:54 AM;\\VBoxSvr\shared_data\raw\windows_encrypted_shell_reverse_tcp.exe.rdata.reloc;Detectados;Objeto malicioso detectado;HEUR:Trojan.Win32.Generic;Hash;Archivo;\\VBoxSvr\shared_data\raw;windows_encrypted_shell_reverse_tcp.exe.rdata.reloc;Detectados;Troyano;Alta;Parcial;TFM-VI\V;Usuario activo
Hoy, 5/24/2026 7:46:54 AM;\\VBoxSvr\shared_data\raw\windows_meterpreter_reverse_http.exe.text.data;Detectados;Objeto malicioso detectado;HEUR:Trojan.Win32.Generic;Hash;Archivo;\\VBoxSvr\shared_data\raw;windows_meterpreter_reverse_http.exe.text.data;Detectados;Troyano;Alta;Parcial;TFM-VI\V;Usuario activo
Hoy, 5/24/2026 7:46:53 AM;\\VBoxSvr\shared_data\raw\windows_shell_bind_hidden_ipknock_tcp.exe.rdata.reloc;Eliminado;Objeto eliminado;HEUR:Trojan.Win32.Generic;;Archivo;\\VBoxSvr\shared_data\raw;windows_shell_bind_hidden_ipknock_tcp.exe.rdata.reloc;Eliminado;Troyano;Alta;Parcial;TFM-VI\V;Usuario activo
Hoy, 5/24/2026 7:46:53 AM;\\VBoxSvr\shared_data\raw\windows_powershell_bind_tcp.exe.rdata;Eliminado;Objeto eliminado;HEUR:Trojan.Win32.Generic;;Archivo;\\VBoxSvr\shared_data\raw;windows_powershell_bind_tcp.exe.rdata;Eliminado;Troyano;Alta;Análisis heurístico;TFM-VI\V;Usuario activo
Hoy, 5/24/2026 7:46:54 AM;\\VBoxSvr\shared_data\raw\windows_encrypted_shell_reverse_tcp.exe.rdata.reloc;Eliminado;Objeto eliminado;HEUR:Trojan.Win32.Generic;;Archivo;\\VBoxSvr\shared_data\raw;windows_encrypted_shell_reverse_tcp.exe.rdata.reloc;Eliminado;Troyano;Alta;Parcial;TFM-VI\V;Usuario activo
Hoy, 5/24/2026 7:46:54 AM;\\VBoxSvr\shared_data\raw\windows_meterpreter_reverse_http.exe.text.data;Eliminado;Objeto eliminado;HEUR:Trojan.Win32.Generic;;Archivo;\\VBoxSvr\shared_data\raw;windows_meterpreter_reverse_http.exe.text.data;Eliminado;Troyano;Alta;Parcial;TFM-VI\V;Usuario activo
Hoy, 5/24/2026 7:46:53 AM;\\VBoxSvr\shared_data\raw\windows_shell_bind_hidden_ipknock_tcp.exe.rdata.reloc;Copia de seguridad creada;Se ha creado una copia de seguridad del objeto;HEUR:Trojan.Win32.Generic;;Archivo;\\VBoxSvr\shared_data\raw;windows_shell_bind_hidden_ipknock_tcp.exe.rdata.reloc;Copia de seguridad creada;Troyano;Alta;Parcial;TFM-VI\V;Usuario activo
Hoy, 5/24/2026 7:46:53 AM;\\VBoxSvr\shared_data\raw\windows_powershell_bind_tcp.exe.rdata;Copia de seguridad creada;Se ha creado una copia de seguridad del objeto;HEUR:Trojan.Win32.Generic;;Archivo;\\VBoxSvr\shared_data\raw;windows_powershell_bind_tcp.exe.rdata;Copia de seguridad creada;Troyano;Alta;Análisis heurístico;TFM-VI\V;Usuario activo
Hoy, 5/24/2026 7:46:54 AM;\\VBoxSvr\shared_data\raw\windows_encrypted_shell_reverse_tcp.exe.rdata.reloc;Copia de seguridad creada;Se ha creado una copia de seguridad del objeto;HEUR:Trojan.Win32.Generic;;Archivo;\\VBoxSvr\shared_data\raw;windows_encrypted_shell_reverse_tcp.exe.rdata.reloc;Copia de seguridad creada;Troyano;Alta;Parcial;TFM-VI\V;Usuario activo
Hoy, 5/24/2026 7:46:54 AM;\\VBoxSvr\shared_data\raw\windows_meterpreter_reverse_http.exe.text.data;Copia de seguridad creada;Se ha creado una copia de seguridad del objeto;HEUR:Trojan.Win32.Generic;;Archivo;\\VBoxSvr\shared_data\raw;windows_meterpreter_reverse_http.exe.text.data;Copia de seguridad creada;Troyano;Alta;Parcial;TFM-VI\V;Usuario activo
Hoy, 5/24/2026 7:46:54 AM;\\VBoxSvr\shared_data\raw\windows_shell_hidden_bind_tcp.exe.data.reloc;Detectados;Objeto malicioso detectado;HEUR:Trojan.Win32.Generic;Hash;Archivo;\\VBoxSvr\shared_data\raw;windows_shell_hidden_bind_tcp.exe.data.reloc;Detectados;Troyano;Alta;Parcial;TFM-VI\V;Usuario activo
Hoy, 5/24/2026 7:46:54 AM;\\VBoxSvr\shared_data\raw\windows_shell_hidden_bind_tcp.exe.reloc;Detectados;Objeto malicioso detectado;HEUR:Trojan.Win32.Generic;Hash;Archivo;\\VBoxSvr\shared_data\raw;windows_shell_hidden_bind_tcp.exe.reloc;Detectados;Troyano;Alta;Parcial;TFM-VI\V;Usuario activo
Hoy, 5/24/2026 7:46:54 AM;\\VBoxSvr\shared_data\raw\windows_powershell_bind_tcp.exe.data.reloc;Detectados;Objeto malicioso detectado;HEUR:Trojan.Win32.Generic;Hash;Archivo;\\VBoxSvr\shared_data\raw;windows_powershell_bind_tcp.exe.data.reloc;Detectados;Troyano;Alta;Análisis heurístico;TFM-VI\V;Usuario activo
Hoy, 5/24/2026 7:46:55 AM;\\VBoxSvr\shared_data\raw\windows_powershell_reverse_tcp_ssl.exe.text;Detectados;Objeto malicioso detectado;HEUR:Trojan.Win32.Generic;Hash;Archivo;\\VBoxSvr\shared_data\raw;windows_powershell_reverse_tcp_ssl.exe.text;Detectados;Troyano;Alta;Análisis heurístico;TFM-VI\V;Usuario activo
Hoy, 5/24/2026 7:46:55 AM;\\VBoxSvr\shared_data\raw\windows_shell_hidden_bind_tcp.exe.text.rdata.reloc;Detectados;Objeto malicioso detectado;HEUR:Trojan.Win32.Generic;Hash;Archivo;\\VBoxSvr\shared_data\raw;windows_shell_hidden_bind_tcp.exe.text.rdata.reloc;Detectados;Troyano;Alta;Parcial;TFM-VI\V;Usuario activo
Hoy, 5/24/2026 7:46:55 AM;\\VBoxSvr\shared_data\raw\windows_shell_bind_hidden_ipknock_tcp.exe.rdata.data.reloc;Detectados;Objeto malicioso detectado;HEUR:Trojan.Win32.Generic;Hash;Archivo;\\VBoxSvr\shared_data\raw;windows_shell_bind_hidden_ipknock_tcp.exe.rdata.data.reloc;Detectados;Troyano;Alta;Parcial;TFM-VI\V;Usuario activo
Hoy, 5/24/2026 7:46:55 AM;\\VBoxSvr\shared_data\raw\windows_powershell_bind_tcp.exe.rdata.reloc;Detectados;Objeto malicioso detectado;HEUR:Trojan.Win32.Generic;Hash;Archivo;\\VBoxSvr\shared_data\raw;windows_powershell_bind_tcp.exe.rdata.reloc;Detectados;Troyano;Alta;Análisis heurístico;TFM-VI\V;Usuario activo
Hoy, 5/24/2026 7:46:54 AM;\\VBoxSvr\shared_data\raw\windows_shell_hidden_bind_tcp.exe.data.reloc;Eliminado;Objeto eliminado;HEUR:Trojan.Win32.Generic;;Archivo;\\VBoxSvr\shared_data\raw;windows_shell_hidden_bind_tcp.exe.data.reloc;Eliminado;Troyano;Alta;Parcial;TFM-VI\V;Usuario activo
Hoy, 5/24/2026 7:46:54 AM;\\VBoxSvr\shared_data\raw\windows_shell_hidden_bind_tcp.exe.reloc;Eliminado;Objeto eliminado;HEUR:Trojan.Win32.Generic;;Archivo;\\VBoxSvr\shared_data\raw;windows_shell_hidden_bind_tcp.exe.reloc;Eliminado;Troyano;Alta;Parcial;TFM-VI\V;Usuario activo
Hoy, 5/24/2026 7:46:54 AM;\\VBoxSvr\shared_data\raw\windows_powershell_bind_tcp.exe.data.reloc;Eliminado;Objeto eliminado;HEUR:Trojan.Win32.Generic;;Archivo;\\VBoxSvr\shared_data\raw;windows_powershell_bind_tcp.exe.data.reloc;Eliminado;Troyano;Alta;Análisis heurístico;TFM-VI\V;Usuario activo
Hoy, 5/24/2026 7:46:55 AM;\\VBoxSvr\shared_data\raw\windows_powershell_reverse_tcp_ssl.exe.text;Eliminado;Objeto eliminado;HEUR:Trojan.Win32.Generic;;Archivo;\\VBoxSvr\shared_data\raw;windows_powershell_reverse_tcp_ssl.exe.text;Eliminado;Troyano;Alta;Análisis heurístico;TFM-VI\V;Usuario activo
Hoy, 5/24/2026 7:46:55 AM;\\VBoxSvr\shared_data\raw\windows_shell_hidden_bind_tcp.exe.text.rdata.reloc;Eliminado;Objeto eliminado;HEUR:Trojan.Win32.Generic;;Archivo;\\VBoxSvr\shared_data\raw;windows_shell_hidden_bind_tcp.exe.text.rdata.reloc;Eliminado;Troyano;Alta;Parcial;TFM-VI\V;Usuario activo
Hoy, 5/24/2026 7:46:55 AM;\\VBoxSvr\shared_data\raw\windows_shell_bind_hidden_ipknock_tcp.exe.rdata.data.reloc;Eliminado;Objeto eliminado;HEUR:Trojan.Win32.Generic;;Archivo;\\VBoxSvr\shared_data\raw;windows_shell_bind_hidden_ipknock_tcp.exe.rdata.data.reloc;Eliminado;Troyano;Alta;Parcial;TFM-VI\V;Usuario activo
Hoy, 5/24/2026 7:46:55 AM;\\VBoxSvr\shared_data\raw\windows_powershell_bind_tcp.exe.rdata.reloc;Eliminado;Objeto eliminado;HEUR:Trojan.Win32.Generic;;Archivo;\\VBoxSvr\shared_data\raw;windows_powershell_bind_tcp.exe.rdata.reloc;Eliminado;Troyano;Alta;Análisis heurístico;TFM-VI\V;Usuario activo
Hoy, 5/24/2026 7:46:54 AM;\\VBoxSvr\shared_data\raw\windows_shell_hidden_bind_tcp.exe.data.reloc;Copia de seguridad creada;Se ha creado una copia de seguridad del objeto;HEUR:Trojan.Win32.Generic;;Archivo;\\VBoxSvr\shared_data\raw;windows_shell_hidden_bind_tcp.exe.data.reloc;Copia de seguridad creada;Troyano;Alta;Parcial;TFM-VI\V;Usuario activo
Hoy, 5/24/2026 7:46:54 AM;\\VBoxSvr\shared_data\raw\windows_shell_hidden_bind_tcp.exe.reloc;Copia de seguridad creada;Se ha creado una copia de seguridad del objeto;HEUR:Trojan.Win32.Generic;;Archivo;\\VBoxSvr\shared_data\raw;windows_shell_hidden_bind_tcp.exe.reloc;Copia de seguridad creada;Troyano;Alta;Parcial;TFM-VI\V;Usuario activo
Hoy, 5/24/2026 7:46:54 AM;\\VBoxSvr\shared_data\raw\windows_powershell_bind_tcp.exe.data.reloc;Copia de seguridad creada;Se ha creado una copia de seguridad del objeto;HEUR:Trojan.Win32.Generic;;Archivo;\\VBoxSvr\shared_data\raw;windows_powershell_bind_tcp.exe.data.reloc;Copia de seguridad creada;Troyano;Alta;Análisis heurístico;TFM-VI\V;Usuario activo
Hoy, 5/24/2026 7:46:55 AM;\\VBoxSvr\shared_data\raw\windows_powershell_reverse_tcp_ssl.exe.text;Copia de seguridad creada;Se ha creado una copia de seguridad del objeto;HEUR:Trojan.Win32.Generic;;Archivo;\\VBoxSvr\shared_data\raw;windows_powershell_reverse_tcp_ssl.exe.text;Copia de seguridad creada;Troyano;Alta;Análisis heurístico;TFM-VI\V;Usuario activo
Hoy, 5/24/2026 7:46:55 AM;\\VBoxSvr\shared_data\raw\windows_shell_hidden_bind_tcp.exe.text.rdata.reloc;Copia de seguridad creada;Se ha creado una copia de seguridad del objeto;HEUR:Trojan.Win32.Generic;;Archivo;\\VBoxSvr\shared_data\raw;windows_shell_hidden_bind_tcp.exe.text.rdata.reloc;Copia de seguridad creada;Troyano;Alta;Parcial;TFM-VI\V;Usuario activo
Hoy, 5/24/2026 7:46:55 AM;\\VBoxSvr\shared_data\raw\windows_shell_bind_hidden_ipknock_tcp.exe.rdata.data.reloc;Copia de seguridad creada;Se ha creado una copia de seguridad del objeto;HEUR:Trojan.Win32.Generic;;Archivo;\\VBoxSvr\shared_data\raw;windows_shell_bind_hidden_ipknock_tcp.exe.rdata.data.reloc;Copia de seguridad creada;Troyano;Alta;Parcial;TFM-VI\V;Usuario activo
Hoy, 5/24/2026 7:46:55 AM;\\VBoxSvr\shared_data\raw\windows_powershell_bind_tcp.exe.rdata.reloc;Copia de seguridad creada;Se ha creado una copia de seguridad del objeto;HEUR:Trojan.Win32.Generic;;Archivo;\\VBoxSvr\shared_data\raw;windows_powershell_bind_tcp.exe.rdata.reloc;Copia de seguridad creada;Troyano;Alta;Análisis heurístico;TFM-VI\V;Usuario activo
Hoy, 5/24/2026 7:46:55 AM;\\VBoxSvr\shared_data\raw\windows_encrypted_shell_reverse_tcp.exe.text.data.reloc;Detectados;Objeto malicioso detectado;HEUR:Trojan.Win32.Generic;Hash;Archivo;\\VBoxSvr\shared_data\raw;windows_encrypted_shell_reverse_tcp.exe.text.data.reloc;Detectados;Troyano;Alta;Parcial;TFM-VI\V;Usuario activo
Hoy, 5/24/2026 7:46:55 AM;\\VBoxSvr\shared_data\raw\windows_shell_reverse_tcp_rc4.exe._header_;Detectados;Objeto malicioso detectado;HEUR:Trojan.Win32.Shella.gen;Hash;Archivo;\\VBoxSvr\shared_data\raw;windows_shell_reverse_tcp_rc4.exe._header_;Detectados;Troyano;Alta;Análisis heurístico;TFM-VI\V;Usuario activo
Hoy, 5/24/2026 7:46:56 AM;\\VBoxSvr\shared_data\raw\windows_meterpreter_reverse_tcp.exe.text.rdata.data;Detectados;Objeto malicioso detectado;HEUR:Trojan.Win32.Generic;Hash;Archivo;\\VBoxSvr\shared_data\raw;windows_meterpreter_reverse_tcp.exe.text.rdata.data;Detectados;Troyano;Alta;Parcial;TFM-VI\V;Usuario activo
Hoy, 5/24/2026 7:46:56 AM;\\VBoxSvr\shared_data\raw\windows_encrypted_shell_reverse_tcp.exe.data.reloc;Detectados;Objeto malicioso detectado;HEUR:Trojan.Win32.Generic;Hash;Archivo;\\VBoxSvr\shared_data\raw;windows_encrypted_shell_reverse_tcp.exe.data.reloc;Detectados;Troyano;Alta;Parcial;TFM-VI\V;Usuario activo
Hoy, 5/24/2026 7:46:55 AM;\\VBoxSvr\shared_data\raw\windows_encrypted_shell_reverse_tcp.exe.text.data.reloc;Eliminado;Objeto eliminado;HEUR:Trojan.Win32.Generic;;Archivo;\\VBoxSvr\shared_data\raw;windows_encrypted_shell_reverse_tcp.exe.text.data.reloc;Eliminado;Troyano;Alta;Parcial;TFM-VI\V;Usuario activo
Hoy, 5/24/2026 7:46:55 AM;\\VBoxSvr\shared_data\raw\windows_shell_reverse_tcp_rc4.exe._header_;Eliminado;Objeto eliminado;HEUR:Trojan.Win32.Shella.gen;;Archivo;\\VBoxSvr\shared_data\raw;windows_shell_reverse_tcp_rc4.exe._header_;Eliminado;Troyano;Alta;Análisis heurístico;TFM-VI\V;Usuario activo
Hoy, 5/24/2026 7:46:56 AM;\\VBoxSvr\shared_data\raw\windows_meterpreter_reverse_tcp.exe.text.rdata.data;Eliminado;Objeto eliminado;HEUR:Trojan.Win32.Generic;;Archivo;\\VBoxSvr\shared_data\raw;windows_meterpreter_reverse_tcp.exe.text.rdata.data;Eliminado;Troyano;Alta;Parcial;TFM-VI\V;Usuario activo
Hoy, 5/24/2026 7:46:56 AM;\\VBoxSvr\shared_data\raw\windows_encrypted_shell_reverse_tcp.exe.data.reloc;Eliminado;Objeto eliminado;HEUR:Trojan.Win32.Generic;;Archivo;\\VBoxSvr\shared_data\raw;windows_encrypted_shell_reverse_tcp.exe.data.reloc;Eliminado;Troyano;Alta;Parcial;TFM-VI\V;Usuario activo
Hoy, 5/24/2026 7:46:55 AM;\\VBoxSvr\shared_data\raw\windows_encrypted_shell_reverse_tcp.exe.text.data.reloc;Copia de seguridad creada;Se ha creado una copia de seguridad del objeto;HEUR:Trojan.Win32.Generic;;Archivo;\\VBoxSvr\shared_data\raw;windows_encrypted_shell_reverse_tcp.exe.text.data.reloc;Copia de seguridad creada;Troyano;Alta;Parcial;TFM-VI\V;Usuario activo
Hoy, 5/24/2026 7:46:55 AM;\\VBoxSvr\shared_data\raw\windows_shell_reverse_tcp_rc4.exe._header_;Copia de seguridad creada;Se ha creado una copia de seguridad del objeto;HEUR:Trojan.Win32.Shella.gen;;Archivo;\\VBoxSvr\shared_data\raw;windows_shell_reverse_tcp_rc4.exe._header_;Copia de seguridad creada;Troyano;Alta;Análisis heurístico;TFM-VI\V;Usuario activo
Hoy, 5/24/2026 7:46:56 AM;\\VBoxSvr\shared_data\raw\windows_meterpreter_reverse_tcp.exe.text.rdata.data;Copia de seguridad creada;Se ha creado una copia de seguridad del objeto;HEUR:Trojan.Win32.Generic;;Archivo;\\VBoxSvr\shared_data\raw;windows_meterpreter_reverse_tcp.exe.text.rdata.data;Copia de seguridad creada;Troyano;Alta;Parcial;TFM-VI\V;Usuario activo
Hoy, 5/24/2026 7:46:56 AM;\\VBoxSvr\shared_data\raw\windows_encrypted_shell_reverse_tcp.exe.data.reloc;Copia de seguridad creada;Se ha creado una copia de seguridad del objeto;HEUR:Trojan.Win32.Generic;;Archivo;\\VBoxSvr\shared_data\raw;windows_encrypted_shell_reverse_tcp.exe.data.reloc;Copia de seguridad creada;Troyano;Alta;Parcial;TFM-VI\V;Usuario activo
Hoy, 5/24/2026 7:46:56 AM;\\VBoxSvr\shared_data\raw\windows_encrypted_shell_reverse_tcp.exe.text.rdata.reloc;Detectados;Objeto malicioso detectado;HEUR:Trojan.Win32.Generic;Hash;Archivo;\\VBoxSvr\shared_data\raw;windows_encrypted_shell_reverse_tcp.exe.text.rdata.reloc;Detectados;Troyano;Alta;Parcial;TFM-VI\V;Usuario activo
Hoy, 5/24/2026 7:46:56 AM;\\VBoxSvr\shared_data\raw\windows_pingback_bind_tcp.exe.text;Detectados;Objeto malicioso detectado;HEUR:Trojan.Win32.Generic;Hash;Archivo;\\VBoxSvr\shared_data\raw;windows_pingback_bind_tcp.exe.text;Detectados;Troyano;Alta;Parcial;TFM-VI\V;Usuario activo
Hoy, 5/24/2026 7:46:57 AM;\\VBoxSvr\shared_data\raw\windows_powershell_reverse_tcp.exe.text.rdata.data.reloc;Detectados;Objeto malicioso detectado;HEUR:Trojan.Win32.Generic;Hash;Archivo;\\VBoxSvr\shared_data\raw;windows_powershell_reverse_tcp.exe.text.rdata.data.reloc;Detectados;Troyano;Alta;Análisis heurístico;TFM-VI\V;Usuario activo
Hoy, 5/24/2026 7:46:57 AM;\\VBoxSvr\shared_data\raw\windows_shell_reverse_tcp_rc4.exe.text.data.reloc;Detectados;Objeto malicioso detectado;HEUR:Trojan.Win32.Generic;Hash;Archivo;\\VBoxSvr\shared_data\raw;windows_shell_reverse_tcp_rc4.exe.text.data.reloc;Detectados;Troyano;Alta;Parcial;TFM-VI\V;Usuario activo
Hoy, 5/24/2026 7:46:56 AM;\\VBoxSvr\shared_data\raw\windows_encrypted_shell_reverse_tcp.exe.text.rdata.reloc;Eliminado;Objeto eliminado;HEUR:Trojan.Win32.Generic;;Archivo;\\VBoxSvr\shared_data\raw;windows_encrypted_shell_reverse_tcp.exe.text.rdata.reloc;Eliminado;Troyano;Alta;Parcial;TFM-VI\V;Usuario activo
Hoy, 5/24/2026 7:46:56 AM;\\VBoxSvr\shared_data\raw\windows_pingback_bind_tcp.exe.text;Eliminado;Objeto eliminado;HEUR:Trojan.Win32.Generic;;Archivo;\\VBoxSvr\shared_data\raw;windows_pingback_bind_tcp.exe.text;Eliminado;Troyano;Alta;Parcial;TFM-VI\V;Usuario activo
Hoy, 5/24/2026 7:46:57 AM;\\VBoxSvr\shared_data\raw\windows_powershell_reverse_tcp.exe.text.rdata.data.reloc;Eliminado;Objeto eliminado;HEUR:Trojan.Win32.Generic;;Archivo;\\VBoxSvr\shared_data\raw;windows_powershell_reverse_tcp.exe.text.rdata.data.reloc;Eliminado;Troyano;Alta;Análisis heurístico;TFM-VI\V;Usuario activo
Hoy, 5/24/2026 7:46:57 AM;\\VBoxSvr\shared_data\raw\windows_shell_reverse_tcp_rc4.exe.text.data.reloc;Eliminado;Objeto eliminado;HEUR:Trojan.Win32.Generic;;Archivo;\\VBoxSvr\shared_data\raw;windows_shell_reverse_tcp_rc4.exe.text.data.reloc;Eliminado;Troyano;Alta;Parcial;TFM-VI\V;Usuario activo
Hoy, 5/24/2026 7:46:56 AM;\\VBoxSvr\shared_data\raw\windows_encrypted_shell_reverse_tcp.exe.text.rdata.reloc;Copia de seguridad creada;Se ha creado una copia de seguridad del objeto;HEUR:Trojan.Win32.Generic;;Archivo;\\VBoxSvr\shared_data\raw;windows_encrypted_shell_reverse_tcp.exe.text.rdata.reloc;Copia de seguridad creada;Troyano;Alta;Parcial;TFM-VI\V;Usuario activo
Hoy, 5/24/2026 7:46:56 AM;\\VBoxSvr\shared_data\raw\windows_pingback_bind_tcp.exe.text;Copia de seguridad creada;Se ha creado una copia de seguridad del objeto;HEUR:Trojan.Win32.Generic;;Archivo;\\VBoxSvr\shared_data\raw;windows_pingback_bind_tcp.exe.text;Copia de seguridad creada;Troyano;Alta;Parcial;TFM-VI\V;Usuario activo
Hoy, 5/24/2026 7:46:57 AM;\\VBoxSvr\shared_data\raw\windows_powershell_reverse_tcp.exe.text.rdata.data.reloc;Copia de seguridad creada;Se ha creado una copia de seguridad del objeto;HEUR:Trojan.Win32.Generic;;Archivo;\\VBoxSvr\shared_data\raw;windows_powershell_reverse_tcp.exe.text.rdata.data.reloc;Copia de seguridad creada;Troyano;Alta;Análisis heurístico;TFM-VI\V;Usuario activo
Hoy, 5/24/2026 7:46:57 AM;\\VBoxSvr\shared_data\raw\windows_shell_reverse_tcp_rc4.exe.text.data.reloc;Copia de seguridad creada;Se ha creado una copia de seguridad del objeto;HEUR:Trojan.Win32.Generic;;Archivo;\\VBoxSvr\shared_data\raw;windows_shell_reverse_tcp_rc4.exe.text.data.reloc;Copia de seguridad creada;Troyano;Alta;Parcial;TFM-VI\V;Usuario activo
Hoy, 5/24/2026 7:46:57 AM;\\VBoxSvr\shared_data\raw\windows_shell_bind_tcp.exe._header_.text.data.reloc;Detectados;Objeto malicioso detectado;HEUR:Trojan.Win32.Shelma.gen;Hash;Archivo;\\VBoxSvr\shared_data\raw;windows_shell_bind_tcp.exe._header_.text.data.reloc;Detectados;Troyano;Alta;Análisis heurístico;TFM-VI\V;Usuario activo
Hoy, 5/24/2026 7:46:58 AM;\\VBoxSvr\shared_data\raw\windows_powershell_reverse_tcp_ssl.exe.text.rdata.data.reloc;Detectados;Objeto malicioso detectado;HEUR:Trojan.Win32.Generic;Hash;Archivo;\\VBoxSvr\shared_data\raw;windows_powershell_reverse_tcp_ssl.exe.text.rdata.data.reloc;Detectados;Troyano;Alta;Análisis heurístico;TFM-VI\V;Usuario activo
Hoy, 5/24/2026 7:46:58 AM;\\VBoxSvr\shared_data\raw\windows_exec.exe.rdata.data.reloc;Detectados;Objeto malicioso detectado;HEUR:Trojan.Win32.Generic;Hash;Archivo;\\VBoxSvr\shared_data\raw;windows_exec.exe.rdata.data.reloc;Detectados;Troyano;Alta;Análisis heurístico;TFM-VI\V;Usuario activo
Hoy, 5/24/2026 7:46:58 AM;\\VBoxSvr\shared_data\raw\windows_shell_reverse_tcp_rc4.exe.rdata.data.reloc;Detectados;Objeto malicioso detectado;HEUR:Trojan.Win32.Generic;Hash;Archivo;\\VBoxSvr\shared_data\raw;windows_shell_reverse_tcp_rc4.exe.rdata.data.reloc;Detectados;Troyano;Alta;Parcial;TFM-VI\V;Usuario activo
Hoy, 5/24/2026 7:46:58 AM;\\VBoxSvr\shared_data\raw\windows_shell_bind_tcp.exe._header_.text.data.reloc;Eliminado;Objeto eliminado;HEUR:Trojan.Win32.Shelma.gen;;Archivo;\\VBoxSvr\shared_data\raw;windows_shell_bind_tcp.exe._header_.text.data.reloc;Eliminado;Troyano;Alta;Análisis heurístico;TFM-VI\V;Usuario activo
Hoy, 5/24/2026 7:46:58 AM;\\VBoxSvr\shared_data\raw\windows_powershell_reverse_tcp_ssl.exe.text.rdata.data.reloc;Eliminado;Objeto eliminado;HEUR:Trojan.Win32.Generic;;Archivo;\\VBoxSvr\shared_data\raw;windows_powershell_reverse_tcp_ssl.exe.text.rdata.data.reloc;Eliminado;Troyano;Alta;Análisis heurístico;TFM-VI\V;Usuario activo
Hoy, 5/24/2026 7:46:58 AM;\\VBoxSvr\shared_data\raw\windows_exec.exe.rdata.data.reloc;Eliminado;Objeto eliminado;HEUR:Trojan.Win32.Generic;;Archivo;\\VBoxSvr\shared_data\raw;windows_exec.exe.rdata.data.reloc;Eliminado;Troyano;Alta;Análisis heurístico;TFM-VI\V;Usuario activo
Hoy, 5/24/2026 7:46:58 AM;\\VBoxSvr\shared_data\raw\windows_shell_reverse_tcp_rc4.exe.rdata.data.reloc;Eliminado;Objeto eliminado;HEUR:Trojan.Win32.Generic;;Archivo;\\VBoxSvr\shared_data\raw;windows_shell_reverse_tcp_rc4.exe.rdata.data.reloc;Eliminado;Troyano;Alta;Parcial;TFM-VI\V;Usuario activo
Hoy, 5/24/2026 7:46:57 AM;\\VBoxSvr\shared_data\raw\windows_shell_bind_tcp.exe._header_.text.data.reloc;Copia de seguridad creada;Se ha creado una copia de seguridad del objeto;HEUR:Trojan.Win32.Shelma.gen;;Archivo;\\VBoxSvr\shared_data\raw;windows_shell_bind_tcp.exe._header_.text.data.reloc;Copia de seguridad creada;Troyano;Alta;Análisis heurístico;TFM-VI\V;Usuario activo
Hoy, 5/24/2026 7:46:58 AM;\\VBoxSvr\shared_data\raw\windows_powershell_reverse_tcp_ssl.exe.text.rdata.data.reloc;Copia de seguridad creada;Se ha creado una copia de seguridad del objeto;HEUR:Trojan.Win32.Generic;;Archivo;\\VBoxSvr\shared_data\raw;windows_powershell_reverse_tcp_ssl.exe.text.rdata.data.reloc;Copia de seguridad creada;Troyano;Alta;Análisis heurístico;TFM-VI\V;Usuario activo
Hoy, 5/24/2026 7:46:58 AM;\\VBoxSvr\shared_data\raw\windows_exec.exe.rdata.data.reloc;Copia de seguridad creada;Se ha creado una copia de seguridad del objeto;HEUR:Trojan.Win32.Generic;;Archivo;\\VBoxSvr\shared_data\raw;windows_exec.exe.rdata.data.reloc;Copia de seguridad creada;Troyano;Alta;Análisis heurístico;TFM-VI\V;Usuario activo
Hoy, 5/24/2026 7:46:58 AM;\\VBoxSvr\shared_data\raw\windows_shell_reverse_tcp_rc4.exe.rdata.data.reloc;Copia de seguridad creada;Se ha creado una copia de seguridad del objeto;HEUR:Trojan.Win32.Generic;;Archivo;\\VBoxSvr\shared_data\raw;windows_shell_reverse_tcp_rc4.exe.rdata.data.reloc;Copia de seguridad creada;Troyano;Alta;Parcial;TFM-VI\V;Usuario activo
Hoy, 5/24/2026 7:46:59 AM;\\VBoxSvr\shared_data\raw\windows_shell_bind_tcp.exe._header_.text.rdata.data;Detectados;Objeto malicioso detectado;HEUR:Trojan.Win32.Shelma.gen;Hash;Archivo;\\VBoxSvr\shared_data\raw;windows_shell_bind_tcp.exe._header_.text.rdata.data;Detectados;Troyano;Alta;Análisis heurístico;TFM-VI\V;Usuario activo
Hoy, 5/24/2026 7:46:59 AM;\\VBoxSvr\shared_data\raw\windows_meterpreter_reverse_tcp.exe.data;Detectados;Objeto malicioso detectado;HEUR:Trojan.Win32.Generic;Hash;Archivo;\\VBoxSvr\shared_data\raw;windows_meterpreter_reverse_tcp.exe.data;Detectados;Troyano;Alta;Parcial;TFM-VI\V;Usuario activo
Hoy, 5/24/2026 7:46:59 AM;\\VBoxSvr\shared_data\raw\windows_shell_bind_tcp.exe._header_.text.rdata.data;Eliminado;Objeto eliminado;HEUR:Trojan.Win32.Shelma.gen;;Archivo;\\VBoxSvr\shared_data\raw;windows_shell_bind_tcp.exe._header_.text.rdata.data;Eliminado;Troyano;Alta;Análisis heurístico;TFM-VI\V;Usuario activo
Hoy, 5/24/2026 7:46:59 AM;\\VBoxSvr\shared_data\raw\windows_meterpreter_reverse_tcp.exe.data;Eliminado;Objeto eliminado;HEUR:Trojan.Win32.Generic;;Archivo;\\VBoxSvr\shared_data\raw;windows_meterpreter_reverse_tcp.exe.data;Eliminado;Troyano;Alta;Parcial;TFM-VI\V;Usuario activo
Hoy, 5/24/2026 7:46:59 AM;\\VBoxSvr\shared_data\raw\windows_shell_bind_tcp.exe._header_.text.rdata.data;Copia de seguridad creada;Se ha creado una copia de seguridad del objeto;HEUR:Trojan.Win32.Shelma.gen;;Archivo;\\VBoxSvr\shared_data\raw;windows_shell_bind_tcp.exe._header_.text.rdata.data;Copia de seguridad creada;Troyano;Alta;Análisis heurístico;TFM-VI\V;Usuario activo
Hoy, 5/24/2026 7:46:59 AM;\\VBoxSvr\shared_data\raw\windows_meterpreter_reverse_tcp.exe.data;Copia de seguridad creada;Se ha creado una copia de seguridad del objeto;HEUR:Trojan.Win32.Generic;;Archivo;\\VBoxSvr\shared_data\raw;windows_meterpreter_reverse_tcp.exe.data;Copia de seguridad creada;Troyano;Alta;Parcial;TFM-VI\V;Usuario activo
Hoy, 5/24/2026 7:46:59 AM;\\VBoxSvr\shared_data\raw\windows_meterpreter_reverse_https.exe.data;Detectados;Objeto malicioso detectado;HEUR:Trojan.Win32.Generic;Hash;Archivo;\\VBoxSvr\shared_data\raw;windows_meterpreter_reverse_https.exe.data;Detectados;Troyano;Alta;Parcial;TFM-VI\V;Usuario activo
Hoy, 5/24/2026 7:47:00 AM;\\VBoxSvr\shared_data\raw\windows_pingback_reverse_tcp.exe.text.rdata;Detectados;Objeto malicioso detectado;HEUR:Trojan.Win32.Generic;Hash;Archivo;\\VBoxSvr\shared_data\raw;windows_pingback_reverse_tcp.exe.text.rdata;Detectados;Troyano;Alta;Parcial;TFM-VI\V;Usuario activo
Hoy, 5/24/2026 7:47:00 AM;\\VBoxSvr\shared_data\raw\windows_shell_reverse_tcp_rc4.exe._header_.text.data.reloc;Detectados;Objeto malicioso detectado;HEUR:Trojan.Win32.Shella.gen;Hash;Archivo;\\VBoxSvr\shared_data\raw;windows_shell_reverse_tcp_rc4.exe._header_.text.data.reloc;Detectados;Troyano;Alta;Análisis heurístico;TFM-VI\V;Usuario activo
Hoy, 5/24/2026 7:46:59 AM;\\VBoxSvr\shared_data\raw\windows_meterpreter_reverse_https.exe.data;Eliminado;Objeto eliminado;HEUR:Trojan.Win32.Generic;;Archivo;\\VBoxSvr\shared_data\raw;windows_meterpreter_reverse_https.exe.data;Eliminado;Troyano;Alta;Parcial;TFM-VI\V;Usuario activo
Hoy, 5/24/2026 7:47:00 AM;\\VBoxSvr\shared_data\raw\windows_pingback_reverse_tcp.exe.text.rdata;Eliminado;Objeto eliminado;HEUR:Trojan.Win32.Generic;;Archivo;\\VBoxSvr\shared_data\raw;windows_pingback_reverse_tcp.exe.text.rdata;Eliminado;Troyano;Alta;Parcial;TFM-VI\V;Usuario activo
Hoy, 5/24/2026 7:47:00 AM;\\VBoxSvr\shared_data\raw\windows_shell_reverse_tcp_rc4.exe._header_.text.data.reloc;Eliminado;Objeto eliminado;HEUR:Trojan.Win32.Shella.gen;;Archivo;\\VBoxSvr\shared_data\raw;windows_shell_reverse_tcp_rc4.exe._header_.text.data.reloc;Eliminado;Troyano;Alta;Análisis heurístico;TFM-VI\V;Usuario activo
Hoy, 5/24/2026 7:46:59 AM;\\VBoxSvr\shared_data\raw\windows_meterpreter_reverse_https.exe.data;Copia de seguridad creada;Se ha creado una copia de seguridad del objeto;HEUR:Trojan.Win32.Generic;;Archivo;\\VBoxSvr\shared_data\raw;windows_meterpreter_reverse_https.exe.data;Copia de seguridad creada;Troyano;Alta;Parcial;TFM-VI\V;Usuario activo
Hoy, 5/24/2026 7:47:00 AM;\\VBoxSvr\shared_data\raw\windows_pingback_reverse_tcp.exe.text.rdata;Copia de seguridad creada;Se ha creado una copia de seguridad del objeto;HEUR:Trojan.Win32.Generic;;Archivo;\\VBoxSvr\shared_data\raw;windows_pingback_reverse_tcp.exe.text.rdata;Copia de seguridad creada;Troyano;Alta;Parcial;TFM-VI\V;Usuario activo
Hoy, 5/24/2026 7:47:00 AM;\\VBoxSvr\shared_data\raw\windows_shell_reverse_tcp_rc4.exe._header_.text.data.reloc;Copia de seguridad creada;Se ha creado una copia de seguridad del objeto;HEUR:Trojan.Win32.Shella.gen;;Archivo;\\VBoxSvr\shared_data\raw;windows_shell_reverse_tcp_rc4.exe._header_.text.data.reloc;Copia de seguridad creada;Troyano;Alta;Análisis heurístico;TFM-VI\V;Usuario activo
Hoy, 5/24/2026 7:47:00 AM;\\VBoxSvr\shared_data\raw\windows_meterpreter_reverse_tcp.exe.text.reloc;Detectados;Objeto malicioso detectado;HEUR:Trojan.Win32.Generic;Hash;Archivo;\\VBoxSvr\shared_data\raw;windows_meterpreter_reverse_tcp.exe.text.reloc;Detectados;Troyano;Alta;Parcial;TFM-VI\V;Usuario activo
Hoy, 5/24/2026 7:47:00 AM;\\VBoxSvr\shared_data\raw\windows_pingback_reverse_tcp.exe.text.rdata.reloc;Detectados;Objeto malicioso detectado;HEUR:Trojan.Win32.Generic;Hash;Archivo;\\VBoxSvr\shared_data\raw;windows_pingback_reverse_tcp.exe.text.rdata.reloc;Detectados;Troyano;Alta;Parcial;TFM-VI\V;Usuario activo
Hoy, 5/24/2026 7:47:01 AM;\\VBoxSvr\shared_data\raw\windows_meterpreter_reverse_http.exe.rdata.data.reloc;Detectados;Objeto malicioso detectado;HEUR:Trojan.Win32.Generic;Hash;Archivo;\\VBoxSvr\shared_data\raw;windows_meterpreter_reverse_http.exe.rdata.data.reloc;Detectados;Troyano;Alta;Parcial;TFM-VI\V;Usuario activo
Hoy, 5/24/2026 7:47:00 AM;\\VBoxSvr\shared_data\raw\windows_meterpreter_reverse_tcp.exe.text.reloc;Eliminado;Objeto eliminado;HEUR:Trojan.Win32.Generic;;Archivo;\\VBoxSvr\shared_data\raw;windows_meterpreter_reverse_tcp.exe.text.reloc;Eliminado;Troyano;Alta;Parcial;TFM-VI\V;Usuario activo
Hoy, 5/24/2026 7:47:00 AM;\\VBoxSvr\shared_data\raw\windows_pingback_reverse_tcp.exe.text.rdata.reloc;Eliminado;Objeto eliminado;HEUR:Trojan.Win32.Generic;;Archivo;\\VBoxSvr\shared_data\raw;windows_pingback_reverse_tcp.exe.text.rdata.reloc;Eliminado;Troyano;Alta;Parcial;TFM-VI\V;Usuario activo
Hoy, 5/24/2026 7:47:01 AM;\\VBoxSvr\shared_data\raw\windows_meterpreter_reverse_http.exe.rdata.data.reloc;Eliminado;Objeto eliminado;HEUR:Trojan.Win32.Generic;;Archivo;\\VBoxSvr\shared_data\raw;windows_meterpreter_reverse_http.exe.rdata.data.reloc;Eliminado;Troyano;Alta;Parcial;TFM-VI\V;Usuario activo
Hoy, 5/24/2026 7:47:00 AM;\\VBoxSvr\shared_data\raw\windows_meterpreter_reverse_tcp.exe.text.reloc;Copia de seguridad creada;Se ha creado una copia de seguridad del objeto;HEUR:Trojan.Win32.Generic;;Archivo;\\VBoxSvr\shared_data\raw;windows_meterpreter_reverse_tcp.exe.text.reloc;Copia de seguridad creada;Troyano;Alta;Parcial;TFM-VI\V;Usuario activo
Hoy, 5/24/2026 7:47:00 AM;\\VBoxSvr\shared_data\raw\windows_pingback_reverse_tcp.exe.text.rdata.reloc;Copia de seguridad creada;Se ha creado una copia de seguridad del objeto;HEUR:Trojan.Win32.Generic;;Archivo;\\VBoxSvr\shared_data\raw;windows_pingback_reverse_tcp.exe.text.rdata.reloc;Copia de seguridad creada;Troyano;Alta;Parcial;TFM-VI\V;Usuario activo
Hoy, 5/24/2026 7:47:01 AM;\\VBoxSvr\shared_data\raw\windows_meterpreter_reverse_http.exe.rdata.data.reloc;Copia de seguridad creada;Se ha creado una copia de seguridad del objeto;HEUR:Trojan.Win32.Generic;;Archivo;\\VBoxSvr\shared_data\raw;windows_meterpreter_reverse_http.exe.rdata.data.reloc;Copia de seguridad creada;Troyano;Alta;Parcial;TFM-VI\V;Usuario activo
Hoy, 5/24/2026 7:47:01 AM;\\VBoxSvr\shared_data\raw\windows_meterpreter_reverse_http.exe.rdata;Detectados;Objeto malicioso detectado;HEUR:Trojan.Win32.Generic;Hash;Archivo;\\VBoxSvr\shared_data\raw;windows_meterpreter_reverse_http.exe.rdata;Detectados;Troyano;Alta;Parcial;TFM-VI\V;Usuario activo
Hoy, 5/24/2026 7:47:02 AM;\\VBoxSvr\shared_data\raw\windows_shell_bind_tcp.exe.reloc;Detectados;Objeto malicioso detectado;HEUR:Trojan.Win32.Generic;Hash;Archivo;\\VBoxSvr\shared_data\raw;windows_shell_bind_tcp.exe.reloc;Detectados;Troyano;Alta;Parcial;TFM-VI\V;Usuario activo
Hoy, 5/24/2026 7:47:01 AM;\\VBoxSvr\shared_data\raw\windows_meterpreter_reverse_http.exe.rdata;Eliminado;Objeto eliminado;HEUR:Trojan.Win32.Generic;;Archivo;\\VBoxSvr\shared_data\raw;windows_meterpreter_reverse_http.exe.rdata;Eliminado;Troyano;Alta;Parcial;TFM-VI\V;Usuario activo
Hoy, 5/24/2026 7:47:02 AM;\\VBoxSvr\shared_data\raw\windows_shell_bind_tcp.exe.reloc;Eliminado;Objeto eliminado;HEUR:Trojan.Win32.Generic;;Archivo;\\VBoxSvr\shared_data\raw;windows_shell_bind_tcp.exe.reloc;Eliminado;Troyano;Alta;Parcial;TFM-VI\V;Usuario activo
Hoy, 5/24/2026 7:47:01 AM;\\VBoxSvr\shared_data\raw\windows_meterpreter_reverse_http.exe.rdata;Copia de seguridad creada;Se ha creado una copia de seguridad del objeto;HEUR:Trojan.Win32.Generic;;Archivo;\\VBoxSvr\shared_data\raw;windows_meterpreter_reverse_http.exe.rdata;Copia de seguridad creada;Troyano;Alta;Parcial;TFM-VI\V;Usuario activo
Hoy, 5/24/2026 7:47:02 AM;\\VBoxSvr\shared_data\raw\windows_shell_bind_tcp.exe.reloc;Copia de seguridad creada;Se ha creado una copia de seguridad del objeto;HEUR:Trojan.Win32.Generic;;Archivo;\\VBoxSvr\shared_data\raw;windows_shell_bind_tcp.exe.reloc;Copia de seguridad creada;Troyano;Alta;Parcial;TFM-VI\V;Usuario activo
Hoy, 5/24/2026 7:47:02 AM;\\VBoxSvr\shared_data\raw\windows_shell_bind_tcp.exe._header_.text.data;Detectados;Objeto malicioso detectado;HEUR:Trojan.Win32.Shelma.gen;Hash;Archivo;\\VBoxSvr\shared_data\raw;windows_shell_bind_tcp.exe._header_.text.data;Detectados;Troyano;Alta;Análisis heurístico;TFM-VI\V;Usuario activo
Hoy, 5/24/2026 7:47:02 AM;\\VBoxSvr\shared_data\raw\windows_shell_bind_tcp.exe._header_.text.data;Copia de seguridad creada;Se ha creado una copia de seguridad del objeto;HEUR:Trojan.Win32.Shelma.gen;;Archivo;\\VBoxSvr\shared_data\raw;windows_shell_bind_tcp.exe._header_.text.data;Copia de seguridad creada;Troyano;Alta;Análisis heurístico;TFM-VI\V;Usuario activo
Hoy, 5/24/2026 7:47:03 AM;\\VBoxSvr\shared_data\raw\windows_powershell_bind_tcp.exe.text;Detectados;Objeto malicioso detectado;HEUR:Trojan.Win32.Generic;Hash;Archivo;\\VBoxSvr\shared_data\raw;windows_powershell_bind_tcp.exe.text;Detectados;Troyano;Alta;Análisis heurístico;TFM-VI\V;Usuario activo
Hoy, 5/24/2026 7:47:02 AM;\\VBoxSvr\shared_data\raw\windows_shell_bind_tcp.exe._header_.text.data;Eliminado;Objeto eliminado;HEUR:Trojan.Win32.Shelma.gen;;Archivo;\\VBoxSvr\shared_data\raw;windows_shell_bind_tcp.exe._header_.text.data;Eliminado;Troyano;Alta;Análisis heurístico;TFM-VI\V;Usuario activo
Hoy, 5/24/2026 7:47:03 AM;\\VBoxSvr\shared_data\raw\windows_powershell_bind_tcp.exe.text;Eliminado;Objeto eliminado;HEUR:Trojan.Win32.Generic;;Archivo;\\VBoxSvr\shared_data\raw;windows_powershell_bind_tcp.exe.text;Eliminado;Troyano;Alta;Análisis heurístico;TFM-VI\V;Usuario activo
Hoy, 5/24/2026 7:47:03 AM;\\VBoxSvr\shared_data\raw\windows_powershell_bind_tcp.exe.text;Copia de seguridad creada;Se ha creado una copia de seguridad del objeto;HEUR:Trojan.Win32.Generic;;Archivo;\\VBoxSvr\shared_data\raw;windows_powershell_bind_tcp.exe.text;Copia de seguridad creada;Troyano;Alta;Análisis heurístico;TFM-VI\V;Usuario activo
Hoy, 5/24/2026 7:47:03 AM;\\VBoxSvr\shared_data\raw\windows_meterpreter_reverse_https.exe.text.data;Detectados;Objeto malicioso detectado;HEUR:Trojan.Win32.Generic;Hash;Archivo;\\VBoxSvr\shared_data\raw;windows_meterpreter_reverse_https.exe.text.data;Detectados;Troyano;Alta;Parcial;TFM-VI\V;Usuario activo
Hoy, 5/24/2026 7:47:04 AM;\\VBoxSvr\shared_data\raw\windows_pingback_reverse_tcp.exe.text.rdata.data;Detectados;Objeto malicioso detectado;HEUR:Trojan.Win32.Generic;Hash;Archivo;\\VBoxSvr\shared_data\raw;windows_pingback_reverse_tcp.exe.text.rdata.data;Detectados;Troyano;Alta;Parcial;TFM-VI\V;Usuario activo
Hoy, 5/24/2026 7:47:04 AM;\\VBoxSvr\shared_data\raw\windows_encrypted_shell_reverse_tcp.exe.rdata.data.reloc;Detectados;Objeto malicioso detectado;HEUR:Trojan.Win32.Generic;Hash;Archivo;\\VBoxSvr\shared_data\raw;windows_encrypted_shell_reverse_tcp.exe.rdata.data.reloc;Detectados;Troyano;Alta;Parcial;TFM-VI\V;Usuario activo
Hoy, 5/24/2026 7:47:04 AM;\\VBoxSvr\shared_data\raw\windows_shell_reverse_tcp_rc4.exe.text.data;Detectados;Objeto malicioso detectado;HEUR:Trojan.Win32.Generic;Hash;Archivo;\\VBoxSvr\shared_data\raw;windows_shell_reverse_tcp_rc4.exe.text.data;Detectados;Troyano;Alta;Parcial;TFM-VI\V;Usuario activo
Hoy, 5/24/2026 7:47:04 AM;\\VBoxSvr\shared_data\raw\windows_exec.exe.text.reloc;Detectados;Objeto malicioso detectado;HEUR:Trojan.Win32.Generic;Hash;Archivo;\\VBoxSvr\shared_data\raw;windows_exec.exe.text.reloc;Detectados;Troyano;Alta;Análisis heurístico;TFM-VI\V;Usuario activo
Hoy, 5/24/2026 7:47:03 AM;\\VBoxSvr\shared_data\raw\windows_meterpreter_reverse_https.exe.text.data;Eliminado;Objeto eliminado;HEUR:Trojan.Win32.Generic;;Archivo;\\VBoxSvr\shared_data\raw;windows_meterpreter_reverse_https.exe.text.data;Eliminado;Troyano;Alta;Parcial;TFM-VI\V;Usuario activo
Hoy, 5/24/2026 7:47:04 AM;\\VBoxSvr\shared_data\raw\windows_pingback_reverse_tcp.exe.text.rdata.data;Eliminado;Objeto eliminado;HEUR:Trojan.Win32.Generic;;Archivo;\\VBoxSvr\shared_data\raw;windows_pingback_reverse_tcp.exe.text.rdata.data;Eliminado;Troyano;Alta;Parcial;TFM-VI\V;Usuario activo
Hoy, 5/24/2026 7:47:04 AM;\\VBoxSvr\shared_data\raw\windows_encrypted_shell_reverse_tcp.exe.rdata.data.reloc;Eliminado;Objeto eliminado;HEUR:Trojan.Win32.Generic;;Archivo;\\VBoxSvr\shared_data\raw;windows_encrypted_shell_reverse_tcp.exe.rdata.data.reloc;Eliminado;Troyano;Alta;Parcial;TFM-VI\V;Usuario activo
Hoy, 5/24/2026 7:47:04 AM;\\VBoxSvr\shared_data\raw\windows_shell_reverse_tcp_rc4.exe.text.data;Eliminado;Objeto eliminado;HEUR:Trojan.Win32.Generic;;Archivo;\\VBoxSvr\shared_data\raw;windows_shell_reverse_tcp_rc4.exe.text.data;Eliminado;Troyano;Alta;Parcial;TFM-VI\V;Usuario activo
Hoy, 5/24/2026 7:47:04 AM;\\VBoxSvr\shared_data\raw\windows_exec.exe.text.reloc;Eliminado;Objeto eliminado;HEUR:Trojan.Win32.Generic;;Archivo;\\VBoxSvr\shared_data\raw;windows_exec.exe.text.reloc;Eliminado;Troyano;Alta;Análisis heurístico;TFM-VI\V;Usuario activo
Hoy, 5/24/2026 7:47:03 AM;\\VBoxSvr\shared_data\raw\windows_meterpreter_reverse_https.exe.text.data;Copia de seguridad creada;Se ha creado una copia de seguridad del objeto;HEUR:Trojan.Win32.Generic;;Archivo;\\VBoxSvr\shared_data\raw;windows_meterpreter_reverse_https.exe.text.data;Copia de seguridad creada;Troyano;Alta;Parcial;TFM-VI\V;Usuario activo
Hoy, 5/24/2026 7:47:04 AM;\\VBoxSvr\shared_data\raw\windows_pingback_reverse_tcp.exe.text.rdata.data;Copia de seguridad creada;Se ha creado una copia de seguridad del objeto;HEUR:Trojan.Win32.Generic;;Archivo;\\VBoxSvr\shared_data\raw;windows_pingback_reverse_tcp.exe.text.rdata.data;Copia de seguridad creada;Troyano;Alta;Parcial;TFM-VI\V;Usuario activo
Hoy, 5/24/2026 7:47:04 AM;\\VBoxSvr\shared_data\raw\windows_encrypted_shell_reverse_tcp.exe.rdata.data.reloc;Copia de seguridad creada;Se ha creado una copia de seguridad del objeto;HEUR:Trojan.Win32.Generic;;Archivo;\\VBoxSvr\shared_data\raw;windows_encrypted_shell_reverse_tcp.exe.rdata.data.reloc;Copia de seguridad creada;Troyano;Alta;Parcial;TFM-VI\V;Usuario activo
Hoy, 5/24/2026 7:47:04 AM;\\VBoxSvr\shared_data\raw\windows_shell_reverse_tcp_rc4.exe.text.data;Copia de seguridad creada;Se ha creado una copia de seguridad del objeto;HEUR:Trojan.Win32.Generic;;Archivo;\\VBoxSvr\shared_data\raw;windows_shell_reverse_tcp_rc4.exe.text.data;Copia de seguridad creada;Troyano;Alta;Parcial;TFM-VI\V;Usuario activo
Hoy, 5/24/2026 7:47:04 AM;\\VBoxSvr\shared_data\raw\windows_exec.exe.text.reloc;Copia de seguridad creada;Se ha creado una copia de seguridad del objeto;HEUR:Trojan.Win32.Generic;;Archivo;\\VBoxSvr\shared_data\raw;windows_exec.exe.text.reloc;Copia de seguridad creada;Troyano;Alta;Análisis heurístico;TFM-VI\V;Usuario activo
Hoy, 5/24/2026 7:47:04 AM;\\VBoxSvr\shared_data\raw\windows_powershell_reverse_tcp_ssl.exe.text.reloc;Detectados;Objeto malicioso detectado;HEUR:Trojan.Win32.Generic;Hash;Archivo;\\VBoxSvr\shared_data\raw;windows_powershell_reverse_tcp_ssl.exe.text.reloc;Detectados;Troyano;Alta;Análisis heurístico;TFM-VI\V;Usuario activo
Hoy, 5/24/2026 7:47:05 AM;\\VBoxSvr\shared_data\raw\windows_meterpreter_reverse_http.exe.text.rdata.data;Detectados;Objeto malicioso detectado;HEUR:Trojan.Win32.Generic;Hash;Archivo;\\VBoxSvr\shared_data\raw;windows_meterpreter_reverse_http.exe.text.rdata.data;Detectados;Troyano;Alta;Parcial;TFM-VI\V;Usuario activo
Hoy, 5/24/2026 7:47:04 AM;\\VBoxSvr\shared_data\raw\windows_powershell_reverse_tcp_ssl.exe.text.reloc;Eliminado;Objeto eliminado;HEUR:Trojan.Win32.Generic;;Archivo;\\VBoxSvr\shared_data\raw;windows_powershell_reverse_tcp_ssl.exe.text.reloc;Eliminado;Troyano;Alta;Análisis heurístico;TFM-VI\V;Usuario activo
Hoy, 5/24/2026 7:47:05 AM;\\VBoxSvr\shared_data\raw\windows_meterpreter_reverse_http.exe.text.rdata.data;Eliminado;Objeto eliminado;HEUR:Trojan.Win32.Generic;;Archivo;\\VBoxSvr\shared_data\raw;windows_meterpreter_reverse_http.exe.text.rdata.data;Eliminado;Troyano;Alta;Parcial;TFM-VI\V;Usuario activo
Hoy, 5/24/2026 7:47:04 AM;\\VBoxSvr\shared_data\raw\windows_powershell_reverse_tcp_ssl.exe.text.reloc;Copia de seguridad creada;Se ha creado una copia de seguridad del objeto;HEUR:Trojan.Win32.Generic;;Archivo;\\VBoxSvr\shared_data\raw;windows_powershell_reverse_tcp_ssl.exe.text.reloc;Copia de seguridad creada;Troyano;Alta;Análisis heurístico;TFM-VI\V;Usuario activo
Hoy, 5/24/2026 7:47:05 AM;\\VBoxSvr\shared_data\raw\windows_meterpreter_reverse_http.exe.text.rdata.data;Copia de seguridad creada;Se ha creado una copia de seguridad del objeto;HEUR:Trojan.Win32.Generic;;Archivo;\\VBoxSvr\shared_data\raw;windows_meterpreter_reverse_http.exe.text.rdata.data;Copia de seguridad creada;Troyano;Alta;Parcial;TFM-VI\V;Usuario activo
Hoy, 5/24/2026 7:47:05 AM;\\VBoxSvr\shared_data\raw\windows_powershell_reverse_tcp.exe.text.rdata.data;Detectados;Objeto malicioso detectado;HEUR:Trojan.Win32.Generic;Hash;Archivo;\\VBoxSvr\shared_data\raw;windows_powershell_reverse_tcp.exe.text.rdata.data;Detectados;Troyano;Alta;Análisis heurístico;TFM-VI\V;Usuario activo
Hoy, 5/24/2026 7:47:05 AM;\\VBoxSvr\shared_data\raw\windows_shell_bind_hidden_ipknock_tcp.exe.text.data.reloc;Detectados;Objeto malicioso detectado;HEUR:Trojan.Win32.Generic;Hash;Archivo;\\VBoxSvr\shared_data\raw;windows_shell_bind_hidden_ipknock_tcp.exe.text.data.reloc;Detectados;Troyano;Alta;Parcial;TFM-VI\V;Usuario activo
Hoy, 5/24/2026 7:47:06 AM;\\VBoxSvr\shared_data\raw\windows_pingback_bind_tcp.exe.data;Detectados;Objeto malicioso detectado;HEUR:Trojan.Win32.Generic;Hash;Archivo;\\VBoxSvr\shared_data\raw;windows_pingback_bind_tcp.exe.data;Detectados;Troyano;Alta;Parcial;TFM-VI\V;Usuario activo
Hoy, 5/24/2026 7:47:05 AM;\\VBoxSvr\shared_data\raw\windows_powershell_reverse_tcp.exe.text.rdata.data;Eliminado;Objeto eliminado;HEUR:Trojan.Win32.Generic;;Archivo;\\VBoxSvr\shared_data\raw;windows_powershell_reverse_tcp.exe.text.rdata.data;Eliminado;Troyano;Alta;Análisis heurístico;TFM-VI\V;Usuario activo
Hoy, 5/24/2026 7:47:05 AM;\\VBoxSvr\shared_data\raw\windows_shell_bind_hidden_ipknock_tcp.exe.text.data.reloc;Eliminado;Objeto eliminado;HEUR:Trojan.Win32.Generic;;Archivo;\\VBoxSvr\shared_data\raw;windows_shell_bind_hidden_ipknock_tcp.exe.text.data.reloc;Eliminado;Troyano;Alta;Parcial;TFM-VI\V;Usuario activo
Hoy, 5/24/2026 7:47:05 AM;\\VBoxSvr\shared_data\raw\windows_powershell_reverse_tcp.exe.text.rdata.data;Copia de seguridad creada;Se ha creado una copia de seguridad del objeto;HEUR:Trojan.Win32.Generic;;Archivo;\\VBoxSvr\shared_data\raw;windows_powershell_reverse_tcp.exe.text.rdata.data;Copia de seguridad creada;Troyano;Alta;Análisis heurístico;TFM-VI\V;Usuario activo
Hoy, 5/24/2026 7:47:05 AM;\\VBoxSvr\shared_data\raw\windows_shell_bind_hidden_ipknock_tcp.exe.text.data.reloc;Copia de seguridad creada;Se ha creado una copia de seguridad del objeto;HEUR:Trojan.Win32.Generic;;Archivo;\\VBoxSvr\shared_data\raw;windows_shell_bind_hidden_ipknock_tcp.exe.text.data.reloc;Copia de seguridad creada;Troyano;Alta;Parcial;TFM-VI\V;Usuario activo
Hoy, 5/24/2026 7:47:06 AM;\\VBoxSvr\shared_data\raw\windows_pingback_bind_tcp.exe.data;Copia de seguridad creada;Se ha creado una copia de seguridad del objeto;HEUR:Trojan.Win32.Generic;;Archivo;\\VBoxSvr\shared_data\raw;windows_pingback_bind_tcp.exe.data;Copia de seguridad creada;Troyano;Alta;Parcial;TFM-VI\V;Usuario activo
Hoy, 5/24/2026 7:47:06 AM;\\VBoxSvr\shared_data\raw\windows_powershell_reverse_tcp.exe.text.rdata.reloc;Detectados;Objeto malicioso detectado;HEUR:Trojan.Win32.Generic;Hash;Archivo;\\VBoxSvr\shared_data\raw;windows_powershell_reverse_tcp.exe.text.rdata.reloc;Detectados;Troyano;Alta;Análisis heurístico;TFM-VI\V;Usuario activo
Hoy, 5/24/2026 7:47:06 AM;\\VBoxSvr\shared_data\raw\windows_shell_bind_tcp.exe.rdata;Detectados;Objeto malicioso detectado;HEUR:Trojan.Win32.Generic;Hash;Archivo;\\VBoxSvr\shared_data\raw;windows_shell_bind_tcp.exe.rdata;Detectados;Troyano;Alta;Parcial;TFM-VI\V;Usuario activo
Hoy, 5/24/2026 7:47:06 AM;\\VBoxSvr\shared_data\raw\windows_pingback_bind_tcp.exe.data;Eliminado;Objeto eliminado;HEUR:Trojan.Win32.Generic;;Archivo;\\VBoxSvr\shared_data\raw;windows_pingback_bind_tcp.exe.data;Eliminado;Troyano;Alta;Parcial;TFM-VI\V;Usuario activo
Hoy, 5/24/2026 7:47:06 AM;\\VBoxSvr\shared_data\raw\windows_powershell_reverse_tcp.exe.text.rdata.reloc;Eliminado;Objeto eliminado;HEUR:Trojan.Win32.Generic;;Archivo;\\VBoxSvr\shared_data\raw;windows_powershell_reverse_tcp.exe.text.rdata.reloc;Eliminado;Troyano;Alta;Análisis heurístico;TFM-VI\V;Usuario activo
Hoy, 5/24/2026 7:47:06 AM;\\VBoxSvr\shared_data\raw\windows_shell_bind_tcp.exe.rdata;Eliminado;Objeto eliminado;HEUR:Trojan.Win32.Generic;;Archivo;\\VBoxSvr\shared_data\raw;windows_shell_bind_tcp.exe.rdata;Eliminado;Troyano;Alta;Parcial;TFM-VI\V;Usuario activo
Hoy, 5/24/2026 7:47:06 AM;\\VBoxSvr\shared_data\raw\windows_powershell_reverse_tcp.exe.text.rdata.reloc;Copia de seguridad creada;Se ha creado una copia de seguridad del objeto;HEUR:Trojan.Win32.Generic;;Archivo;\\VBoxSvr\shared_data\raw;windows_powershell_reverse_tcp.exe.text.rdata.reloc;Copia de seguridad creada;Troyano;Alta;Análisis heurístico;TFM-VI\V;Usuario activo
Hoy, 5/24/2026 7:47:06 AM;\\VBoxSvr\shared_data\raw\windows_shell_bind_tcp.exe.rdata;Copia de seguridad creada;Se ha creado una copia de seguridad del objeto;HEUR:Trojan.Win32.Generic;;Archivo;\\VBoxSvr\shared_data\raw;windows_shell_bind_tcp.exe.rdata;Copia de seguridad creada;Troyano;Alta;Parcial;TFM-VI\V;Usuario activo
Hoy, 5/24/2026 7:47:06 AM;\\VBoxSvr\shared_data\raw\windows_meterpreter_bind_tcp.exe.rdata.reloc;Detectados;Objeto malicioso detectado;HEUR:Trojan.Win32.Generic;Hash;Archivo;\\VBoxSvr\shared_data\raw;windows_meterpreter_bind_tcp.exe.rdata.reloc;Detectados;Troyano;Alta;Parcial;TFM-VI\V;Usuario activo
Hoy, 5/24/2026 7:47:07 AM;\\VBoxSvr\shared_data\raw\windows_powershell_reverse_tcp.exe.data.reloc;Detectados;Objeto malicioso detectado;HEUR:Trojan.Win32.Generic;Hash;Archivo;\\VBoxSvr\shared_data\raw;windows_powershell_reverse_tcp.exe.data.reloc;Detectados;Troyano;Alta;Análisis heurístico;TFM-VI\V;Usuario activo
Hoy, 5/24/2026 7:47:07 AM;\\VBoxSvr\shared_data\raw\windows_meterpreter_reverse_tcp.exe.text.data;Detectados;Objeto malicioso detectado;HEUR:Trojan.Win32.Generic;Hash;Archivo;\\VBoxSvr\shared_data\raw;windows_meterpreter_reverse_tcp.exe.text.data;Detectados;Troyano;Alta;Parcial;TFM-VI\V;Usuario activo
Hoy, 5/24/2026 7:47:06 AM;\\VBoxSvr\shared_data\raw\windows_meterpreter_bind_tcp.exe.rdata.reloc;Eliminado;Objeto eliminado;HEUR:Trojan.Win32.Generic;;Archivo;\\VBoxSvr\shared_data\raw;windows_meterpreter_bind_tcp.exe.rdata.reloc;Eliminado;Troyano;Alta;Parcial;TFM-VI\V;Usuario activo
Hoy, 5/24/2026 7:47:07 AM;\\VBoxSvr\shared_data\raw\windows_powershell_reverse_tcp.exe.data.reloc;Eliminado;Objeto eliminado;HEUR:Trojan.Win32.Generic;;Archivo;\\VBoxSvr\shared_data\raw;windows_powershell_reverse_tcp.exe.data.reloc;Eliminado;Troyano;Alta;Análisis heurístico;TFM-VI\V;Usuario activo
Hoy, 5/24/2026 7:47:07 AM;\\VBoxSvr\shared_data\raw\windows_meterpreter_reverse_tcp.exe.text.data;Eliminado;Objeto eliminado;HEUR:Trojan.Win32.Generic;;Archivo;\\VBoxSvr\shared_data\raw;windows_meterpreter_reverse_tcp.exe.text.data;Eliminado;Troyano;Alta;Parcial;TFM-VI\V;Usuario activo
Hoy, 5/24/2026 7:47:06 AM;\\VBoxSvr\shared_data\raw\windows_meterpreter_bind_tcp.exe.rdata.reloc;Copia de seguridad creada;Se ha creado una copia de seguridad del objeto;HEUR:Trojan.Win32.Generic;;Archivo;\\VBoxSvr\shared_data\raw;windows_meterpreter_bind_tcp.exe.rdata.reloc;Copia de seguridad creada;Troyano;Alta;Parcial;TFM-VI\V;Usuario activo
Hoy, 5/24/2026 7:47:07 AM;\\VBoxSvr\shared_data\raw\windows_powershell_reverse_tcp.exe.data.reloc;Copia de seguridad creada;Se ha creado una copia de seguridad del objeto;HEUR:Trojan.Win32.Generic;;Archivo;\\VBoxSvr\shared_data\raw;windows_powershell_reverse_tcp.exe.data.reloc;Copia de seguridad creada;Troyano;Alta;Análisis heurístico;TFM-VI\V;Usuario activo
Hoy, 5/24/2026 7:47:07 AM;\\VBoxSvr\shared_data\raw\windows_meterpreter_reverse_tcp.exe.text.data;Copia de seguridad creada;Se ha creado una copia de seguridad del objeto;HEUR:Trojan.Win32.Generic;;Archivo;\\VBoxSvr\shared_data\raw;windows_meterpreter_reverse_tcp.exe.text.data;Copia de seguridad creada;Troyano;Alta;Parcial;TFM-VI\V;Usuario activo
Hoy, 5/24/2026 7:47:07 AM;\\VBoxSvr\shared_data\raw\windows_shell_reverse_tcp_rc4.exe.text.rdata.data.reloc;Detectados;Objeto malicioso detectado;HEUR:Trojan.Win32.Generic;Hash;Archivo;\\VBoxSvr\shared_data\raw;windows_shell_reverse_tcp_rc4.exe.text.rdata.data.reloc;Detectados;Troyano;Alta;Parcial;TFM-VI\V;Usuario activo
Hoy, 5/24/2026 7:47:08 AM;\\VBoxSvr\shared_data\raw\windows_meterpreter_bind_tcp.exe.text.data;Detectados;Objeto malicioso detectado;HEUR:Trojan.Win32.Generic;Hash;Archivo;\\VBoxSvr\shared_data\raw;windows_meterpreter_bind_tcp.exe.text.data;Detectados;Troyano;Alta;Parcial;TFM-VI\V;Usuario activo
Hoy, 5/24/2026 7:47:08 AM;\\VBoxSvr\shared_data\raw\windows_shell_hidden_bind_tcp.exe.text.data.reloc;Detectados;Objeto malicioso detectado;HEUR:Trojan.Win32.Generic;Hash;Archivo;\\VBoxSvr\shared_data\raw;windows_shell_hidden_bind_tcp.exe.text.data.reloc;Detectados;Troyano;Alta;Parcial;TFM-VI\V;Usuario activo
Hoy, 5/24/2026 7:47:07 AM;\\VBoxSvr\shared_data\raw\windows_shell_reverse_tcp_rc4.exe.text.rdata.data.reloc;Eliminado;Objeto eliminado;HEUR:Trojan.Win32.Generic;;Archivo;\\VBoxSvr\shared_data\raw;windows_shell_reverse_tcp_rc4.exe.text.rdata.data.reloc;Eliminado;Troyano;Alta;Parcial;TFM-VI\V;Usuario activo
Hoy, 5/24/2026 7:47:08 AM;\\VBoxSvr\shared_data\raw\windows_meterpreter_bind_tcp.exe.text.data;Eliminado;Objeto eliminado;HEUR:Trojan.Win32.Generic;;Archivo;\\VBoxSvr\shared_data\raw;windows_meterpreter_bind_tcp.exe.text.data;Eliminado;Troyano;Alta;Parcial;TFM-VI\V;Usuario activo
Hoy, 5/24/2026 7:47:08 AM;\\VBoxSvr\shared_data\raw\windows_shell_hidden_bind_tcp.exe.text.data.reloc;Eliminado;Objeto eliminado;HEUR:Trojan.Win32.Generic;;Archivo;\\VBoxSvr\shared_data\raw;windows_shell_hidden_bind_tcp.exe.text.data.reloc;Eliminado;Troyano;Alta;Parcial;TFM-VI\V;Usuario activo
Hoy, 5/24/2026 7:47:07 AM;\\VBoxSvr\shared_data\raw\windows_shell_reverse_tcp_rc4.exe.text.rdata.data.reloc;Copia de seguridad creada;Se ha creado una copia de seguridad del objeto;HEUR:Trojan.Win32.Generic;;Archivo;\\VBoxSvr\shared_data\raw;windows_shell_reverse_tcp_rc4.exe.text.rdata.data.reloc;Copia de seguridad creada;Troyano;Alta;Parcial;TFM-VI\V;Usuario activo
Hoy, 5/24/2026 7:47:08 AM;\\VBoxSvr\shared_data\raw\windows_meterpreter_bind_tcp.exe.text.data;Copia de seguridad creada;Se ha creado una copia de seguridad del objeto;HEUR:Trojan.Win32.Generic;;Archivo;\\VBoxSvr\shared_data\raw;windows_meterpreter_bind_tcp.exe.text.data;Copia de seguridad creada;Troyano;Alta;Parcial;TFM-VI\V;Usuario activo
Hoy, 5/24/2026 7:47:08 AM;\\VBoxSvr\shared_data\raw\windows_shell_hidden_bind_tcp.exe.text.data.reloc;Copia de seguridad creada;Se ha creado una copia de seguridad del objeto;HEUR:Trojan.Win32.Generic;;Archivo;\\VBoxSvr\shared_data\raw;windows_shell_hidden_bind_tcp.exe.text.data.reloc;Copia de seguridad creada;Troyano;Alta;Parcial;TFM-VI\V;Usuario activo
Hoy, 5/24/2026 7:47:08 AM;\\VBoxSvr\shared_data\raw\windows_shell_bind_tcp.exe._header_.text.rdata;Detectados;Objeto malicioso detectado;HEUR:Trojan.Win32.Shelma.gen;Hash;Archivo;\\VBoxSvr\shared_data\raw;windows_shell_bind_tcp.exe._header_.text.rdata;Detectados;Troyano;Alta;Análisis heurístico;TFM-VI\V;Usuario activo
Hoy, 5/24/2026 7:47:09 AM;\\VBoxSvr\shared_data\raw\windows_meterpreter_reverse_http.exe.reloc;Detectados;Objeto malicioso detectado;HEUR:Trojan.Win32.Generic;Hash;Archivo;\\VBoxSvr\shared_data\raw;windows_meterpreter_reverse_http.exe.reloc;Detectados;Troyano;Alta;Parcial;TFM-VI\V;Usuario activo
Hoy, 5/24/2026 7:47:09 AM;\\VBoxSvr\shared_data\raw\windows_shell_reverse_tcp_rc4.exe._header_.text.rdata.reloc;Detectados;Objeto malicioso detectado;HEUR:Trojan.Win32.Shella.gen;Hash;Archivo;\\VBoxSvr\shared_data\raw;windows_shell_reverse_tcp_rc4.exe._header_.text.rdata.reloc;Detectados;Troyano;Alta;Análisis heurístico;TFM-VI\V;Usuario activo
Hoy, 5/24/2026 7:47:09 AM;\\VBoxSvr\shared_data\raw\windows_pingback_reverse_tcp.exe.rdata;Detectados;Objeto malicioso detectado;HEUR:Trojan.Win32.Generic;Hash;Archivo;\\VBoxSvr\shared_data\raw;windows_pingback_reverse_tcp.exe.rdata;Detectados;Troyano;Alta;Parcial;TFM-VI\V;Usuario activo
Hoy, 5/24/2026 7:47:08 AM;\\VBoxSvr\shared_data\raw\windows_shell_bind_tcp.exe._header_.text.rdata;Eliminado;Objeto eliminado;HEUR:Trojan.Win32.Shelma.gen;;Archivo;\\VBoxSvr\shared_data\raw;windows_shell_bind_tcp.exe._header_.text.rdata;Eliminado;Troyano;Alta;Análisis heurístico;TFM-VI\V;Usuario activo
Hoy, 5/24/2026 7:47:09 AM;\\VBoxSvr\shared_data\raw\windows_meterpreter_reverse_http.exe.reloc;Eliminado;Objeto eliminado;HEUR:Trojan.Win32.Generic;;Archivo;\\VBoxSvr\shared_data\raw;windows_meterpreter_reverse_http.exe.reloc;Eliminado;Troyano;Alta;Parcial;TFM-VI\V;Usuario activo
Hoy, 5/24/2026 7:47:09 AM;\\VBoxSvr\shared_data\raw\windows_shell_reverse_tcp_rc4.exe._header_.text.rdata.reloc;Eliminado;Objeto eliminado;HEUR:Trojan.Win32.Shella.gen;;Archivo;\\VBoxSvr\shared_data\raw;windows_shell_reverse_tcp_rc4.exe._header_.text.rdata.reloc;Eliminado;Troyano;Alta;Análisis heurístico;TFM-VI\V;Usuario activo
Hoy, 5/24/2026 7:47:09 AM;\\VBoxSvr\shared_data\raw\windows_pingback_reverse_tcp.exe.rdata;Eliminado;Objeto eliminado;HEUR:Trojan.Win32.Generic;;Archivo;\\VBoxSvr\shared_data\raw;windows_pingback_reverse_tcp.exe.rdata;Eliminado;Troyano;Alta;Parcial;TFM-VI\V;Usuario activo
Hoy, 5/24/2026 7:47:08 AM;\\VBoxSvr\shared_data\raw\windows_shell_bind_tcp.exe._header_.text.rdata;Copia de seguridad creada;Se ha creado una copia de seguridad del objeto;HEUR:Trojan.Win32.Shelma.gen;;Archivo;\\VBoxSvr\shared_data\raw;windows_shell_bind_tcp.exe._header_.text.rdata;Copia de seguridad creada;Troyano;Alta;Análisis heurístico;TFM-VI\V;Usuario activo
Hoy, 5/24/2026 7:47:09 AM;\\VBoxSvr\shared_data\raw\windows_meterpreter_reverse_http.exe.reloc;Copia de seguridad creada;Se ha creado una copia de seguridad del objeto;HEUR:Trojan.Win32.Generic;;Archivo;\\VBoxSvr\shared_data\raw;windows_meterpreter_reverse_http.exe.reloc;Copia de seguridad creada;Troyano;Alta;Parcial;TFM-VI\V;Usuario activo
Hoy, 5/24/2026 7:47:09 AM;\\VBoxSvr\shared_data\raw\windows_shell_reverse_tcp_rc4.exe._header_.text.rdata.reloc;Copia de seguridad creada;Se ha creado una copia de seguridad del objeto;HEUR:Trojan.Win32.Shella.gen;;Archivo;\\VBoxSvr\shared_data\raw;windows_shell_reverse_tcp_rc4.exe._header_.text.rdata.reloc;Copia de seguridad creada;Troyano;Alta;Análisis heurístico;TFM-VI\V;Usuario activo
Hoy, 5/24/2026 7:47:09 AM;\\VBoxSvr\shared_data\raw\windows_pingback_reverse_tcp.exe.rdata;Copia de seguridad creada;Se ha creado una copia de seguridad del objeto;HEUR:Trojan.Win32.Generic;;Archivo;\\VBoxSvr\shared_data\raw;windows_pingback_reverse_tcp.exe.rdata;Copia de seguridad creada;Troyano;Alta;Parcial;TFM-VI\V;Usuario activo
Hoy, 5/24/2026 7:47:09 AM;\\VBoxSvr\shared_data\raw\windows_powershell_reverse_tcp.exe.reloc;Detectados;Objeto malicioso detectado;HEUR:Trojan.Win32.Generic;Hash;Archivo;\\VBoxSvr\shared_data\raw;windows_powershell_reverse_tcp.exe.reloc;Detectados;Troyano;Alta;Análisis heurístico;TFM-VI\V;Usuario activo
Hoy, 5/24/2026 7:47:10 AM;\\VBoxSvr\shared_data\raw\windows_powershell_reverse_tcp.exe.rdata;Detectados;Objeto malicioso detectado;HEUR:Trojan.Win32.Generic;Hash;Archivo;\\VBoxSvr\shared_data\raw;windows_powershell_reverse_tcp.exe.rdata;Detectados;Troyano;Alta;Análisis heurístico;TFM-VI\V;Usuario activo
Hoy, 5/24/2026 7:47:10 AM;\\VBoxSvr\shared_data\raw\windows_pingback_bind_tcp.exe.rdata.data;Detectados;Objeto malicioso detectado;HEUR:Trojan.Win32.Generic;Hash;Archivo;\\VBoxSvr\shared_data\raw;windows_pingback_bind_tcp.exe.rdata.data;Detectados;Troyano;Alta;Parcial;TFM-VI\V;Usuario activo
Hoy, 5/24/2026 7:47:10 AM;\\VBoxSvr\shared_data\raw\windows_shell_reverse_tcp_rc4.exe.rdata.data;Detectados;Objeto malicioso detectado;HEUR:Trojan.Win32.Generic;Hash;Archivo;\\VBoxSvr\shared_data\raw;windows_shell_reverse_tcp_rc4.exe.rdata.data;Detectados;Troyano;Alta;Parcial;TFM-VI\V;Usuario activo
Hoy, 5/24/2026 7:47:10 AM;\\VBoxSvr\shared_data\raw\windows_exec.exe.text.rdata.data;Detectados;Objeto malicioso detectado;HEUR:Trojan.Win32.Generic;Hash;Archivo;\\VBoxSvr\shared_data\raw;windows_exec.exe.text.rdata.data;Detectados;Troyano;Alta;Análisis heurístico;TFM-VI\V;Usuario activo
Hoy, 5/24/2026 7:47:10 AM;\\VBoxSvr\shared_data\raw\windows_shell_reverse_tcp_rc4.exe.text;Detectados;Objeto malicioso detectado;HEUR:Trojan.Win32.Generic;Hash;Archivo;\\VBoxSvr\shared_data\raw;windows_shell_reverse_tcp_rc4.exe.text;Detectados;Troyano;Alta;Parcial;TFM-VI\V;Usuario activo
Hoy, 5/24/2026 7:47:10 AM;\\VBoxSvr\shared_data\raw\windows_exec.exe.text.data;Detectados;Objeto malicioso detectado;HEUR:Trojan.Win32.Generic;Hash;Archivo;\\VBoxSvr\shared_data\raw;windows_exec.exe.text.data;Detectados;Troyano;Alta;Análisis heurístico;TFM-VI\V;Usuario activo
Hoy, 5/24/2026 7:47:09 AM;\\VBoxSvr\shared_data\raw\windows_powershell_reverse_tcp.exe.reloc;Eliminado;Objeto eliminado;HEUR:Trojan.Win32.Generic;;Archivo;\\VBoxSvr\shared_data\raw;windows_powershell_reverse_tcp.exe.reloc;Eliminado;Troyano;Alta;Análisis heurístico;TFM-VI\V;Usuario activo
Hoy, 5/24/2026 7:47:10 AM;\\VBoxSvr\shared_data\raw\windows_powershell_reverse_tcp.exe.rdata;Eliminado;Objeto eliminado;HEUR:Trojan.Win32.Generic;;Archivo;\\VBoxSvr\shared_data\raw;windows_powershell_reverse_tcp.exe.rdata;Eliminado;Troyano;Alta;Análisis heurístico;TFM-VI\V;Usuario activo
Hoy, 5/24/2026 7:47:10 AM;\\VBoxSvr\shared_data\raw\windows_pingback_bind_tcp.exe.rdata.data;Eliminado;Objeto eliminado;HEUR:Trojan.Win32.Generic;;Archivo;\\VBoxSvr\shared_data\raw;windows_pingback_bind_tcp.exe.rdata.data;Eliminado;Troyano;Alta;Parcial;TFM-VI\V;Usuario activo
Hoy, 5/24/2026 7:47:10 AM;\\VBoxSvr\shared_data\raw\windows_shell_reverse_tcp_rc4.exe.rdata.data;Eliminado;Objeto eliminado;HEUR:Trojan.Win32.Generic;;Archivo;\\VBoxSvr\shared_data\raw;windows_shell_reverse_tcp_rc4.exe.rdata.data;Eliminado;Troyano;Alta;Parcial;TFM-VI\V;Usuario activo
Hoy, 5/24/2026 7:47:10 AM;\\VBoxSvr\shared_data\raw\windows_exec.exe.text.rdata.data;Eliminado;Objeto eliminado;HEUR:Trojan.Win32.Generic;;Archivo;\\VBoxSvr\shared_data\raw;windows_exec.exe.text.rdata.data;Eliminado;Troyano;Alta;Análisis heurístico;TFM-VI\V;Usuario activo
Hoy, 5/24/2026 7:47:10 AM;\\VBoxSvr\shared_data\raw\windows_shell_reverse_tcp_rc4.exe.text;Eliminado;Objeto eliminado;HEUR:Trojan.Win32.Generic;;Archivo;\\VBoxSvr\shared_data\raw;windows_shell_reverse_tcp_rc4.exe.text;Eliminado;Troyano;Alta;Parcial;TFM-VI\V;Usuario activo
Hoy, 5/24/2026 7:47:10 AM;\\VBoxSvr\shared_data\raw\windows_exec.exe.text.data;Eliminado;Objeto eliminado;HEUR:Trojan.Win32.Generic;;Archivo;\\VBoxSvr\shared_data\raw;windows_exec.exe.text.data;Eliminado;Troyano;Alta;Análisis heurístico;TFM-VI\V;Usuario activo
Hoy, 5/24/2026 7:47:09 AM;\\VBoxSvr\shared_data\raw\windows_powershell_reverse_tcp.exe.reloc;Copia de seguridad creada;Se ha creado una copia de seguridad del objeto;HEUR:Trojan.Win32.Generic;;Archivo;\\VBoxSvr\shared_data\raw;windows_powershell_reverse_tcp.exe.reloc;Copia de seguridad creada;Troyano;Alta;Análisis heurístico;TFM-VI\V;Usuario activo
Hoy, 5/24/2026 7:47:10 AM;\\VBoxSvr\shared_data\raw\windows_powershell_reverse_tcp.exe.rdata;Copia de seguridad creada;Se ha creado una copia de seguridad del objeto;HEUR:Trojan.Win32.Generic;;Archivo;\\VBoxSvr\shared_data\raw;windows_powershell_reverse_tcp.exe.rdata;Copia de seguridad creada;Troyano;Alta;Análisis heurístico;TFM-VI\V;Usuario activo
Hoy, 5/24/2026 7:47:10 AM;\\VBoxSvr\shared_data\raw\windows_pingback_bind_tcp.exe.rdata.data;Copia de seguridad creada;Se ha creado una copia de seguridad del objeto;HEUR:Trojan.Win32.Generic;;Archivo;\\VBoxSvr\shared_data\raw;windows_pingback_bind_tcp.exe.rdata.data;Copia de seguridad creada;Troyano;Alta;Parcial;TFM-VI\V;Usuario activo
Hoy, 5/24/2026 7:47:10 AM;\\VBoxSvr\shared_data\raw\windows_shell_reverse_tcp_rc4.exe.rdata.data;Copia de seguridad creada;Se ha creado una copia de seguridad del objeto;HEUR:Trojan.Win32.Generic;;Archivo;\\VBoxSvr\shared_data\raw;windows_shell_reverse_tcp_rc4.exe.rdata.data;Copia de seguridad creada;Troyano;Alta;Parcial;TFM-VI\V;Usuario activo
Hoy, 5/24/2026 7:47:10 AM;\\VBoxSvr\shared_data\raw\windows_exec.exe.text.rdata.data;Copia de seguridad creada;Se ha creado una copia de seguridad del objeto;HEUR:Trojan.Win32.Generic;;Archivo;\\VBoxSvr\shared_data\raw;windows_exec.exe.text.rdata.data;Copia de seguridad creada;Troyano;Alta;Análisis heurístico;TFM-VI\V;Usuario activo
Hoy, 5/24/2026 7:47:10 AM;\\VBoxSvr\shared_data\raw\windows_shell_reverse_tcp_rc4.exe.text;Copia de seguridad creada;Se ha creado una copia de seguridad del objeto;HEUR:Trojan.Win32.Generic;;Archivo;\\VBoxSvr\shared_data\raw;windows_shell_reverse_tcp_rc4.exe.text;Copia de seguridad creada;Troyano;Alta;Parcial;TFM-VI\V;Usuario activo
Hoy, 5/24/2026 7:47:10 AM;\\VBoxSvr\shared_data\raw\windows_exec.exe.text.data;Copia de seguridad creada;Se ha creado una copia de seguridad del objeto;HEUR:Trojan.Win32.Generic;;Archivo;\\VBoxSvr\shared_data\raw;windows_exec.exe.text.data;Copia de seguridad creada;Troyano;Alta;Análisis heurístico;TFM-VI\V;Usuario activo
Hoy, 5/24/2026 7:47:10 AM;\\VBoxSvr\shared_data\raw\windows_shell_reverse_tcp_rc4.exe._header_.rdata.reloc;Detectados;Objeto malicioso detectado;HEUR:Trojan.Win32.Shella.gen;Hash;Archivo;\\VBoxSvr\shared_data\raw;windows_shell_reverse_tcp_rc4.exe._header_.rdata.reloc;Detectados;Troyano;Alta;Análisis heurístico;TFM-VI\V;Usuario activo
Hoy, 5/24/2026 7:47:11 AM;\\VBoxSvr\shared_data\raw\windows_encrypted_shell_reverse_tcp.exe.text.rdata;Detectados;Objeto malicioso detectado;HEUR:Trojan.Win32.Generic;Hash;Archivo;\\VBoxSvr\shared_data\raw;windows_encrypted_shell_reverse_tcp.exe.text.rdata;Detectados;Troyano;Alta;Parcial;TFM-VI\V;Usuario activo
Hoy, 5/24/2026 7:47:11 AM;\\VBoxSvr\shared_data\raw\windows_powershell_bind_tcp.exe.text.rdata.reloc;Detectados;Objeto malicioso detectado;HEUR:Trojan.Win32.Generic;Hash;Archivo;\\VBoxSvr\shared_data\raw;windows_powershell_bind_tcp.exe.text.rdata.reloc;Detectados;Troyano;Alta;Análisis heurístico;TFM-VI\V;Usuario activo
Hoy, 5/24/2026 7:47:11 AM;\\VBoxSvr\shared_data\raw\windows_powershell_reverse_tcp_ssl.exe.rdata.data;Detectados;Objeto malicioso detectado;HEUR:Trojan.Win32.Generic;Hash;Archivo;\\VBoxSvr\shared_data\raw;windows_powershell_reverse_tcp_ssl.exe.rdata.data;Detectados;Troyano;Alta;Análisis heurístico;TFM-VI\V;Usuario activo
Hoy, 5/24/2026 7:47:11 AM;\\VBoxSvr\shared_data\raw\windows_pingback_bind_tcp.exe.reloc;Detectados;Objeto malicioso detectado;HEUR:Trojan.Win32.Generic;Hash;Archivo;\\VBoxSvr\shared_data\raw;windows_pingback_bind_tcp.exe.reloc;Detectados;Troyano;Alta;Parcial;TFM-VI\V;Usuario activo
Hoy, 5/24/2026 7:47:10 AM;\\VBoxSvr\shared_data\raw\windows_shell_reverse_tcp_rc4.exe._header_.rdata.reloc;Eliminado;Objeto eliminado;HEUR:Trojan.Win32.Shella.gen;;Archivo;\\VBoxSvr\shared_data\raw;windows_shell_reverse_tcp_rc4.exe._header_.rdata.reloc;Eliminado;Troyano;Alta;Análisis heurístico;TFM-VI\V;Usuario activo
Hoy, 5/24/2026 7:47:11 AM;\\VBoxSvr\shared_data\raw\windows_encrypted_shell_reverse_tcp.exe.text.rdata;Eliminado;Objeto eliminado;HEUR:Trojan.Win32.Generic;;Archivo;\\VBoxSvr\shared_data\raw;windows_encrypted_shell_reverse_tcp.exe.text.rdata;Eliminado;Troyano;Alta;Parcial;TFM-VI\V;Usuario activo
Hoy, 5/24/2026 7:47:11 AM;\\VBoxSvr\shared_data\raw\windows_powershell_bind_tcp.exe.text.rdata.reloc;Eliminado;Objeto eliminado;HEUR:Trojan.Win32.Generic;;Archivo;\\VBoxSvr\shared_data\raw;windows_powershell_bind_tcp.exe.text.rdata.reloc;Eliminado;Troyano;Alta;Análisis heurístico;TFM-VI\V;Usuario activo
Hoy, 5/24/2026 7:47:11 AM;\\VBoxSvr\shared_data\raw\windows_powershell_reverse_tcp_ssl.exe.rdata.data;Eliminado;Objeto eliminado;HEUR:Trojan.Win32.Generic;;Archivo;\\VBoxSvr\shared_data\raw;windows_powershell_reverse_tcp_ssl.exe.rdata.data;Eliminado;Troyano;Alta;Análisis heurístico;TFM-VI\V;Usuario activo
Hoy, 5/24/2026 7:47:11 AM;\\VBoxSvr\shared_data\raw\windows_pingback_bind_tcp.exe.reloc;Eliminado;Objeto eliminado;HEUR:Trojan.Win32.Generic;;Archivo;\\VBoxSvr\shared_data\raw;windows_pingback_bind_tcp.exe.reloc;Eliminado;Troyano;Alta;Parcial;TFM-VI\V;Usuario activo
Hoy, 5/24/2026 7:47:10 AM;\\VBoxSvr\shared_data\raw\windows_shell_reverse_tcp_rc4.exe._header_.rdata.reloc;Copia de seguridad creada;Se ha creado una copia de seguridad del objeto;HEUR:Trojan.Win32.Shella.gen;;Archivo;\\VBoxSvr\shared_data\raw;windows_shell_reverse_tcp_rc4.exe._header_.rdata.reloc;Copia de seguridad creada;Troyano;Alta;Análisis heurístico;TFM-VI\V;Usuario activo
Hoy, 5/24/2026 7:47:11 AM;\\VBoxSvr\shared_data\raw\windows_encrypted_shell_reverse_tcp.exe.text.rdata;Copia de seguridad creada;Se ha creado una copia de seguridad del objeto;HEUR:Trojan.Win32.Generic;;Archivo;\\VBoxSvr\shared_data\raw;windows_encrypted_shell_reverse_tcp.exe.text.rdata;Copia de seguridad creada;Troyano;Alta;Parcial;TFM-VI\V;Usuario activo
Hoy, 5/24/2026 7:47:11 AM;\\VBoxSvr\shared_data\raw\windows_powershell_bind_tcp.exe.text.rdata.reloc;Copia de seguridad creada;Se ha creado una copia de seguridad del objeto;HEUR:Trojan.Win32.Generic;;Archivo;\\VBoxSvr\shared_data\raw;windows_powershell_bind_tcp.exe.text.rdata.reloc;Copia de seguridad creada;Troyano;Alta;Análisis heurístico;TFM-VI\V;Usuario activo
Hoy, 5/24/2026 7:47:11 AM;\\VBoxSvr\shared_data\raw\windows_powershell_reverse_tcp_ssl.exe.rdata.data;Copia de seguridad creada;Se ha creado una copia de seguridad del objeto;HEUR:Trojan.Win32.Generic;;Archivo;\\VBoxSvr\shared_data\raw;windows_powershell_reverse_tcp_ssl.exe.rdata.data;Copia de seguridad creada;Troyano;Alta;Análisis heurístico;TFM-VI\V;Usuario activo
Hoy, 5/24/2026 7:47:11 AM;\\VBoxSvr\shared_data\raw\windows_pingback_bind_tcp.exe.reloc;Copia de seguridad creada;Se ha creado una copia de seguridad del objeto;HEUR:Trojan.Win32.Generic;;Archivo;\\VBoxSvr\shared_data\raw;windows_pingback_bind_tcp.exe.reloc;Copia de seguridad creada;Troyano;Alta;Parcial;TFM-VI\V;Usuario activo
Hoy, 5/24/2026 7:47:11 AM;\\VBoxSvr\shared_data\raw\windows_pingback_reverse_tcp.exe.data;Detectados;Objeto malicioso detectado;HEUR:Trojan.Win32.Generic;Hash;Archivo;\\VBoxSvr\shared_data\raw;windows_pingback_reverse_tcp.exe.data;Detectados;Troyano;Alta;Parcial;TFM-VI\V;Usuario activo
Hoy, 5/24/2026 7:47:12 AM;\\VBoxSvr\shared_data\raw\windows_powershell_reverse_tcp.exe;Detectados;Objeto malicioso detectado;HEUR:Trojan.Win32.Generic;Hash;Archivo;\\VBoxSvr\shared_data\raw;windows_powershell_reverse_tcp.exe;Detectados;Troyano;Alta;Análisis heurístico;TFM-VI\V;Usuario activo
Hoy, 5/24/2026 7:47:12 AM;\\VBoxSvr\shared_data\raw\windows_shell_bind_hidden_ipknock_tcp.exe.data.reloc;Detectados;Objeto malicioso detectado;HEUR:Trojan.Win32.Generic;Hash;Archivo;\\VBoxSvr\shared_data\raw;windows_shell_bind_hidden_ipknock_tcp.exe.data.reloc;Detectados;Troyano;Alta;Parcial;TFM-VI\V;Usuario activo
Hoy, 5/24/2026 7:47:12 AM;\\VBoxSvr\shared_data\raw\windows_meterpreter_bind_tcp.exe.rdata;Detectados;Objeto malicioso detectado;HEUR:Trojan.Win32.Generic;Hash;Archivo;\\VBoxSvr\shared_data\raw;windows_meterpreter_bind_tcp.exe.rdata;Detectados;Troyano;Alta;Parcial;TFM-VI\V;Usuario activo
Hoy, 5/24/2026 7:47:11 AM;\\VBoxSvr\shared_data\raw\windows_pingback_reverse_tcp.exe.data;Eliminado;Objeto eliminado;HEUR:Trojan.Win32.Generic;;Archivo;\\VBoxSvr\shared_data\raw;windows_pingback_reverse_tcp.exe.data;Eliminado;Troyano;Alta;Parcial;TFM-VI\V;Usuario activo
Hoy, 5/24/2026 7:47:12 AM;\\VBoxSvr\shared_data\raw\windows_powershell_reverse_tcp.exe;Eliminado;Objeto eliminado;HEUR:Trojan.Win32.Generic;;Archivo;\\VBoxSvr\shared_data\raw;windows_powershell_reverse_tcp.exe;Eliminado;Troyano;Alta;Análisis heurístico;TFM-VI\V;Usuario activo
Hoy, 5/24/2026 7:47:12 AM;\\VBoxSvr\shared_data\raw\windows_shell_bind_hidden_ipknock_tcp.exe.data.reloc;Eliminado;Objeto eliminado;HEUR:Trojan.Win32.Generic;;Archivo;\\VBoxSvr\shared_data\raw;windows_shell_bind_hidden_ipknock_tcp.exe.data.reloc;Eliminado;Troyano;Alta;Parcial;TFM-VI\V;Usuario activo
Hoy, 5/24/2026 7:47:12 AM;\\VBoxSvr\shared_data\raw\windows_meterpreter_bind_tcp.exe.rdata;Eliminado;Objeto eliminado;HEUR:Trojan.Win32.Generic;;Archivo;\\VBoxSvr\shared_data\raw;windows_meterpreter_bind_tcp.exe.rdata;Eliminado;Troyano;Alta;Parcial;TFM-VI\V;Usuario activo
Hoy, 5/24/2026 7:47:11 AM;\\VBoxSvr\shared_data\raw\windows_pingback_reverse_tcp.exe.data;Copia de seguridad creada;Se ha creado una copia de seguridad del objeto;HEUR:Trojan.Win32.Generic;;Archivo;\\VBoxSvr\shared_data\raw;windows_pingback_reverse_tcp.exe.data;Copia de seguridad creada;Troyano;Alta;Parcial;TFM-VI\V;Usuario activo
Hoy, 5/24/2026 7:47:12 AM;\\VBoxSvr\shared_data\raw\windows_powershell_reverse_tcp.exe;Copia de seguridad creada;Se ha creado una copia de seguridad del objeto;HEUR:Trojan.Win32.Generic;;Archivo;\\VBoxSvr\shared_data\raw;windows_powershell_reverse_tcp.exe;Copia de seguridad creada;Troyano;Alta;Análisis heurístico;TFM-VI\V;Usuario activo
Hoy, 5/24/2026 7:47:12 AM;\\VBoxSvr\shared_data\raw\windows_shell_bind_hidden_ipknock_tcp.exe.data.reloc;Copia de seguridad creada;Se ha creado una copia de seguridad del objeto;HEUR:Trojan.Win32.Generic;;Archivo;\\VBoxSvr\shared_data\raw;windows_shell_bind_hidden_ipknock_tcp.exe.data.reloc;Copia de seguridad creada;Troyano;Alta;Parcial;TFM-VI\V;Usuario activo
Hoy, 5/24/2026 7:47:12 AM;\\VBoxSvr\shared_data\raw\windows_meterpreter_bind_tcp.exe.rdata;Copia de seguridad creada;Se ha creado una copia de seguridad del objeto;HEUR:Trojan.Win32.Generic;;Archivo;\\VBoxSvr\shared_data\raw;windows_meterpreter_bind_tcp.exe.rdata;Copia de seguridad creada;Troyano;Alta;Parcial;TFM-VI\V;Usuario activo
Hoy, 5/24/2026 7:47:13 AM;\\VBoxSvr\shared_data\raw\windows_meterpreter_bind_tcp.exe.text.rdata.data.reloc;Detectados;Objeto malicioso detectado;HEUR:Trojan.Win32.Generic;Hash;Archivo;\\VBoxSvr\shared_data\raw;windows_meterpreter_bind_tcp.exe.text.rdata.data.reloc;Detectados;Troyano;Alta;Parcial;TFM-VI\V;Usuario activo
Hoy, 5/24/2026 7:47:13 AM;\\VBoxSvr\shared_data\raw\windows_powershell_bind_tcp.exe;Detectados;Objeto malicioso detectado;HEUR:Trojan.Win32.Generic;Hash;Archivo;\\VBoxSvr\shared_data\raw;windows_powershell_bind_tcp.exe;Detectados;Troyano;Alta;Análisis heurístico;TFM-VI\V;Usuario activo
Hoy, 5/24/2026 7:47:13 AM;\\VBoxSvr\shared_data\raw\windows_powershell_reverse_tcp.exe.data;Detectados;Objeto malicioso detectado;HEUR:Trojan.Win32.Generic;Hash;Archivo;\\VBoxSvr\shared_data\raw;windows_powershell_reverse_tcp.exe.data;Detectados;Troyano;Alta;Análisis heurístico;TFM-VI\V;Usuario activo
Hoy, 5/24/2026 7:47:13 AM;\\VBoxSvr\shared_data\raw\windows_meterpreter_bind_tcp.exe.text.rdata.data.reloc;Eliminado;Objeto eliminado;HEUR:Trojan.Win32.Generic;;Archivo;\\VBoxSvr\shared_data\raw;windows_meterpreter_bind_tcp.exe.text.rdata.data.reloc;Eliminado;Troyano;Alta;Parcial;TFM-VI\V;Usuario activo
Hoy, 5/24/2026 7:47:13 AM;\\VBoxSvr\shared_data\raw\windows_powershell_bind_tcp.exe;Eliminado;Objeto eliminado;HEUR:Trojan.Win32.Generic;;Archivo;\\VBoxSvr\shared_data\raw;windows_powershell_bind_tcp.exe;Eliminado;Troyano;Alta;Análisis heurístico;TFM-VI\V;Usuario activo
Hoy, 5/24/2026 7:47:13 AM;\\VBoxSvr\shared_data\raw\windows_powershell_reverse_tcp.exe.data;Eliminado;Objeto eliminado;HEUR:Trojan.Win32.Generic;;Archivo;\\VBoxSvr\shared_data\raw;windows_powershell_reverse_tcp.exe.data;Eliminado;Troyano;Alta;Análisis heurístico;TFM-VI\V;Usuario activo
Hoy, 5/24/2026 7:47:13 AM;\\VBoxSvr\shared_data\raw\windows_meterpreter_bind_tcp.exe.text.rdata.data.reloc;Copia de seguridad creada;Se ha creado una copia de seguridad del objeto;HEUR:Trojan.Win32.Generic;;Archivo;\\VBoxSvr\shared_data\raw;windows_meterpreter_bind_tcp.exe.text.rdata.data.reloc;Copia de seguridad creada;Troyano;Alta;Parcial;TFM-VI\V;Usuario activo
Hoy, 5/24/2026 7:47:13 AM;\\VBoxSvr\shared_data\raw\windows_powershell_bind_tcp.exe;Copia de seguridad creada;Se ha creado una copia de seguridad del objeto;HEUR:Trojan.Win32.Generic;;Archivo;\\VBoxSvr\shared_data\raw;windows_powershell_bind_tcp.exe;Copia de seguridad creada;Troyano;Alta;Análisis heurístico;TFM-VI\V;Usuario activo
Hoy, 5/24/2026 7:47:13 AM;\\VBoxSvr\shared_data\raw\windows_powershell_reverse_tcp.exe.data;Copia de seguridad creada;Se ha creado una copia de seguridad del objeto;HEUR:Trojan.Win32.Generic;;Archivo;\\VBoxSvr\shared_data\raw;windows_powershell_reverse_tcp.exe.data;Copia de seguridad creada;Troyano;Alta;Análisis heurístico;TFM-VI\V;Usuario activo
Hoy, 5/24/2026 7:47:13 AM;\\VBoxSvr\shared_data\raw\windows_shell_bind_tcp.exe._header_.text.reloc;Detectados;Objeto malicioso detectado;HEUR:Trojan.Win32.Shelma.gen;Hash;Archivo;\\VBoxSvr\shared_data\raw;windows_shell_bind_tcp.exe._header_.text.reloc;Detectados;Troyano;Alta;Análisis heurístico;TFM-VI\V;Usuario activo
Hoy, 5/24/2026 7:47:14 AM;\\VBoxSvr\shared_data\raw\windows_meterpreter_reverse_tcp.exe.text.rdata.reloc;Detectados;Objeto malicioso detectado;HEUR:Trojan.Win32.Generic;Hash;Archivo;\\VBoxSvr\shared_data\raw;windows_meterpreter_reverse_tcp.exe.text.rdata.reloc;Detectados;Troyano;Alta;Parcial;TFM-VI\V;Usuario activo
Hoy, 5/24/2026 7:47:13 AM;\\VBoxSvr\shared_data\raw\windows_shell_bind_tcp.exe._header_.text.reloc;Eliminado;Objeto eliminado;HEUR:Trojan.Win32.Shelma.gen;;Archivo;\\VBoxSvr\shared_data\raw;windows_shell_bind_tcp.exe._header_.text.reloc;Eliminado;Troyano;Alta;Análisis heurístico;TFM-VI\V;Usuario activo
Hoy, 5/24/2026 7:47:14 AM;\\VBoxSvr\shared_data\raw\windows_meterpreter_reverse_tcp.exe.text.rdata.reloc;Eliminado;Objeto eliminado;HEUR:Trojan.Win32.Generic;;Archivo;\\VBoxSvr\shared_data\raw;windows_meterpreter_reverse_tcp.exe.text.rdata.reloc;Eliminado;Troyano;Alta;Parcial;TFM-VI\V;Usuario activo
Hoy, 5/24/2026 7:47:13 AM;\\VBoxSvr\shared_data\raw\windows_shell_bind_tcp.exe._header_.text.reloc;Copia de seguridad creada;Se ha creado una copia de seguridad del objeto;HEUR:Trojan.Win32.Shelma.gen;;Archivo;\\VBoxSvr\shared_data\raw;windows_shell_bind_tcp.exe._header_.text.reloc;Copia de seguridad creada;Troyano;Alta;Análisis heurístico;TFM-VI\V;Usuario activo
Hoy, 5/24/2026 7:47:14 AM;\\VBoxSvr\shared_data\raw\windows_meterpreter_reverse_tcp.exe.text.rdata.reloc;Copia de seguridad creada;Se ha creado una copia de seguridad del objeto;HEUR:Trojan.Win32.Generic;;Archivo;\\VBoxSvr\shared_data\raw;windows_meterpreter_reverse_tcp.exe.text.rdata.reloc;Copia de seguridad creada;Troyano;Alta;Parcial;TFM-VI\V;Usuario activo
Hoy, 5/24/2026 7:47:14 AM;\\VBoxSvr\shared_data\raw\windows_shell_reverse_tcp_rc4.exe._header_.text;Detectados;Objeto malicioso detectado;HEUR:Trojan.Win32.Shella.gen;Hash;Archivo;\\VBoxSvr\shared_data\raw;windows_shell_reverse_tcp_rc4.exe._header_.text;Detectados;Troyano;Alta;Análisis heurístico;TFM-VI\V;Usuario activo
Hoy, 5/24/2026 7:47:14 AM;\\VBoxSvr\shared_data\raw\windows_exec.exe.data.reloc;Detectados;Objeto malicioso detectado;HEUR:Trojan.Win32.Generic;Hash;Archivo;\\VBoxSvr\shared_data\raw;windows_exec.exe.data.reloc;Detectados;Troyano;Alta;Análisis heurístico;TFM-VI\V;Usuario activo
Hoy, 5/24/2026 7:47:14 AM;\\VBoxSvr\shared_data\raw\windows_shell_reverse_tcp_rc4.exe._header_.text;Eliminado;Objeto eliminado;HEUR:Trojan.Win32.Shella.gen;;Archivo;\\VBoxSvr\shared_data\raw;windows_shell_reverse_tcp_rc4.exe._header_.text;Eliminado;Troyano;Alta;Análisis heurístico;TFM-VI\V;Usuario activo
Hoy, 5/24/2026 7:47:14 AM;\\VBoxSvr\shared_data\raw\windows_exec.exe.data.reloc;Eliminado;Objeto eliminado;HEUR:Trojan.Win32.Generic;;Archivo;\\VBoxSvr\shared_data\raw;windows_exec.exe.data.reloc;Eliminado;Troyano;Alta;Análisis heurístico;TFM-VI\V;Usuario activo
Hoy, 5/24/2026 7:47:14 AM;\\VBoxSvr\shared_data\raw\windows_shell_reverse_tcp_rc4.exe._header_.text;Copia de seguridad creada;Se ha creado una copia de seguridad del objeto;HEUR:Trojan.Win32.Shella.gen;;Archivo;\\VBoxSvr\shared_data\raw;windows_shell_reverse_tcp_rc4.exe._header_.text;Copia de seguridad creada;Troyano;Alta;Análisis heurístico;TFM-VI\V;Usuario activo
Hoy, 5/24/2026 7:47:14 AM;\\VBoxSvr\shared_data\raw\windows_exec.exe.data.reloc;Copia de seguridad creada;Se ha creado una copia de seguridad del objeto;HEUR:Trojan.Win32.Generic;;Archivo;\\VBoxSvr\shared_data\raw;windows_exec.exe.data.reloc;Copia de seguridad creada;Troyano;Alta;Análisis heurístico;TFM-VI\V;Usuario activo
Hoy, 5/24/2026 7:47:14 AM;\\VBoxSvr\shared_data\raw\windows_shell_bind_tcp.exe.data.reloc;Detectados;Objeto malicioso detectado;HEUR:Trojan.Win32.Generic;Hash;Archivo;\\VBoxSvr\shared_data\raw;windows_shell_bind_tcp.exe.data.reloc;Detectados;Troyano;Alta;Parcial;TFM-VI\V;Usuario activo
Hoy, 5/24/2026 7:47:14 AM;\\VBoxSvr\shared_data\raw\windows_shell_hidden_bind_tcp.exe.rdata.data.reloc;Detectados;Objeto malicioso detectado;HEUR:Trojan.Win32.Generic;Hash;Archivo;\\VBoxSvr\shared_data\raw;windows_shell_hidden_bind_tcp.exe.rdata.data.reloc;Detectados;Troyano;Alta;Parcial;TFM-VI\V;Usuario activo
Hoy, 5/24/2026 7:47:15 AM;\\VBoxSvr\shared_data\raw\windows_pingback_bind_tcp.exe.text.rdata.reloc;Detectados;Objeto malicioso detectado;HEUR:Trojan.Win32.Generic;Hash;Archivo;\\VBoxSvr\shared_data\raw;windows_pingback_bind_tcp.exe.text.rdata.reloc;Detectados;Troyano;Alta;Parcial;TFM-VI\V;Usuario activo
Hoy, 5/24/2026 7:47:15 AM;\\VBoxSvr\shared_data\raw\windows_meterpreter_reverse_http.exe;Detectados;Objeto malicioso detectado;HEUR:Trojan.Win32.Generic;Hash;Archivo;\\VBoxSvr\shared_data\raw;windows_meterpreter_reverse_http.exe;Detectados;Troyano;Alta;Parcial;TFM-VI\V;Usuario activo
Hoy, 5/24/2026 7:47:15 AM;\\VBoxSvr\shared_data\raw\windows_encrypted_shell_reverse_tcp.exe.data;Detectados;Objeto malicioso detectado;HEUR:Trojan.Win32.Generic;Hash;Archivo;\\VBoxSvr\shared_data\raw;windows_encrypted_shell_reverse_tcp.exe.data;Detectados;Troyano;Alta;Parcial;TFM-VI\V;Usuario activo
Hoy, 5/24/2026 7:47:14 AM;\\VBoxSvr\shared_data\raw\windows_shell_bind_tcp.exe.data.reloc;Eliminado;Objeto eliminado;HEUR:Trojan.Win32.Generic;;Archivo;\\VBoxSvr\shared_data\raw;windows_shell_bind_tcp.exe.data.reloc;Eliminado;Troyano;Alta;Parcial;TFM-VI\V;Usuario activo
Hoy, 5/24/2026 7:47:14 AM;\\VBoxSvr\shared_data\raw\windows_shell_hidden_bind_tcp.exe.rdata.data.reloc;Eliminado;Objeto eliminado;HEUR:Trojan.Win32.Generic;;Archivo;\\VBoxSvr\shared_data\raw;windows_shell_hidden_bind_tcp.exe.rdata.data.reloc;Eliminado;Troyano;Alta;Parcial;TFM-VI\V;Usuario activo
Hoy, 5/24/2026 7:47:15 AM;\\VBoxSvr\shared_data\raw\windows_pingback_bind_tcp.exe.text.rdata.reloc;Eliminado;Objeto eliminado;HEUR:Trojan.Win32.Generic;;Archivo;\\VBoxSvr\shared_data\raw;windows_pingback_bind_tcp.exe.text.rdata.reloc;Eliminado;Troyano;Alta;Parcial;TFM-VI\V;Usuario activo
Hoy, 5/24/2026 7:47:15 AM;\\VBoxSvr\shared_data\raw\windows_meterpreter_reverse_http.exe;Eliminado;Objeto eliminado;HEUR:Trojan.Win32.Generic;;Archivo;\\VBoxSvr\shared_data\raw;windows_meterpreter_reverse_http.exe;Eliminado;Troyano;Alta;Parcial;TFM-VI\V;Usuario activo
Hoy, 5/24/2026 7:47:15 AM;\\VBoxSvr\shared_data\raw\windows_encrypted_shell_reverse_tcp.exe.data;Eliminado;Objeto eliminado;HEUR:Trojan.Win32.Generic;;Archivo;\\VBoxSvr\shared_data\raw;windows_encrypted_shell_reverse_tcp.exe.data;Eliminado;Troyano;Alta;Parcial;TFM-VI\V;Usuario activo
Hoy, 5/24/2026 7:47:14 AM;\\VBoxSvr\shared_data\raw\windows_shell_bind_tcp.exe.data.reloc;Copia de seguridad creada;Se ha creado una copia de seguridad del objeto;HEUR:Trojan.Win32.Generic;;Archivo;\\VBoxSvr\shared_data\raw;windows_shell_bind_tcp.exe.data.reloc;Copia de seguridad creada;Troyano;Alta;Parcial;TFM-VI\V;Usuario activo
Hoy, 5/24/2026 7:47:14 AM;\\VBoxSvr\shared_data\raw\windows_shell_hidden_bind_tcp.exe.rdata.data.reloc;Copia de seguridad creada;Se ha creado una copia de seguridad del objeto;HEUR:Trojan.Win32.Generic;;Archivo;\\VBoxSvr\shared_data\raw;windows_shell_hidden_bind_tcp.exe.rdata.data.reloc;Copia de seguridad creada;Troyano;Alta;Parcial;TFM-VI\V;Usuario activo
Hoy, 5/24/2026 7:47:15 AM;\\VBoxSvr\shared_data\raw\windows_pingback_bind_tcp.exe.text.rdata.reloc;Copia de seguridad creada;Se ha creado una copia de seguridad del objeto;HEUR:Trojan.Win32.Generic;;Archivo;\\VBoxSvr\shared_data\raw;windows_pingback_bind_tcp.exe.text.rdata.reloc;Copia de seguridad creada;Troyano;Alta;Parcial;TFM-VI\V;Usuario activo
Hoy, 5/24/2026 7:47:15 AM;\\VBoxSvr\shared_data\raw\windows_meterpreter_reverse_http.exe;Copia de seguridad creada;Se ha creado una copia de seguridad del objeto;HEUR:Trojan.Win32.Generic;;Archivo;\\VBoxSvr\shared_data\raw;windows_meterpreter_reverse_http.exe;Copia de seguridad creada;Troyano;Alta;Parcial;TFM-VI\V;Usuario activo
Hoy, 5/24/2026 7:47:15 AM;\\VBoxSvr\shared_data\raw\windows_encrypted_shell_reverse_tcp.exe.data;Copia de seguridad creada;Se ha creado una copia de seguridad del objeto;HEUR:Trojan.Win32.Generic;;Archivo;\\VBoxSvr\shared_data\raw;windows_encrypted_shell_reverse_tcp.exe.data;Copia de seguridad creada;Troyano;Alta;Parcial;TFM-VI\V;Usuario activo
Hoy, 5/24/2026 7:47:16 AM;\\VBoxSvr\shared_data\raw\windows_meterpreter_reverse_http.exe.data;Detectados;Objeto malicioso detectado;HEUR:Trojan.Win32.Generic;Hash;Archivo;\\VBoxSvr\shared_data\raw;windows_meterpreter_reverse_http.exe.data;Detectados;Troyano;Alta;Parcial;TFM-VI\V;Usuario activo
Hoy, 5/24/2026 7:47:16 AM;\\VBoxSvr\shared_data\raw\windows_meterpreter_reverse_https.exe.text.rdata;Detectados;Objeto malicioso detectado;HEUR:Trojan.Win32.Generic;Hash;Archivo;\\VBoxSvr\shared_data\raw;windows_meterpreter_reverse_https.exe.text.rdata;Detectados;Troyano;Alta;Parcial;TFM-VI\V;Usuario activo
Hoy, 5/24/2026 7:47:16 AM;\\VBoxSvr\shared_data\raw\windows_meterpreter_reverse_http.exe.data;Eliminado;Objeto eliminado;HEUR:Trojan.Win32.Generic;;Archivo;\\VBoxSvr\shared_data\raw;windows_meterpreter_reverse_http.exe.data;Eliminado;Troyano;Alta;Parcial;TFM-VI\V;Usuario activo
Hoy, 5/24/2026 7:47:16 AM;\\VBoxSvr\shared_data\raw\windows_meterpreter_reverse_https.exe.text.rdata;Eliminado;Objeto eliminado;HEUR:Trojan.Win32.Generic;;Archivo;\\VBoxSvr\shared_data\raw;windows_meterpreter_reverse_https.exe.text.rdata;Eliminado;Troyano;Alta;Parcial;TFM-VI\V;Usuario activo
Hoy, 5/24/2026 7:47:16 AM;\\VBoxSvr\shared_data\raw\windows_meterpreter_reverse_http.exe.data;Copia de seguridad creada;Se ha creado una copia de seguridad del objeto;HEUR:Trojan.Win32.Generic;;Archivo;\\VBoxSvr\shared_data\raw;windows_meterpreter_reverse_http.exe.data;Copia de seguridad creada;Troyano;Alta;Parcial;TFM-VI\V;Usuario activo
Hoy, 5/24/2026 7:47:16 AM;\\VBoxSvr\shared_data\raw\windows_meterpreter_reverse_https.exe.text.rdata;Copia de seguridad creada;Se ha creado una copia de seguridad del objeto;HEUR:Trojan.Win32.Generic;;Archivo;\\VBoxSvr\shared_data\raw;windows_meterpreter_reverse_https.exe.text.rdata;Copia de seguridad creada;Troyano;Alta;Parcial;TFM-VI\V;Usuario activo
Hoy, 5/24/2026 7:47:16 AM;\\VBoxSvr\shared_data\raw\windows_pingback_reverse_tcp.exe.text.rdata.data.reloc;Detectados;Objeto malicioso detectado;HEUR:Trojan.Win32.Generic;Hash;Archivo;\\VBoxSvr\shared_data\raw;windows_pingback_reverse_tcp.exe.text.rdata.data.reloc;Detectados;Troyano;Alta;Parcial;TFM-VI\V;Usuario activo
Hoy, 5/24/2026 7:47:17 AM;\\VBoxSvr\shared_data\raw\windows_meterpreter_reverse_tcp.exe;Detectados;Objeto malicioso detectado;HEUR:Trojan.Win32.Generic;Hash;Archivo;\\VBoxSvr\shared_data\raw;windows_meterpreter_reverse_tcp.exe;Detectados;Troyano;Alta;Parcial;TFM-VI\V;Usuario activo
Hoy, 5/24/2026 7:47:17 AM;\\VBoxSvr\shared_data\raw\windows_pingback_bind_tcp.exe.text.rdata.data.reloc;Detectados;Objeto malicioso detectado;HEUR:Trojan.Win32.Generic;Hash;Archivo;\\VBoxSvr\shared_data\raw;windows_pingback_bind_tcp.exe.text.rdata.data.reloc;Detectados;Troyano;Alta;Parcial;TFM-VI\V;Usuario activo
Hoy, 5/24/2026 7:47:16 AM;\\VBoxSvr\shared_data\raw\windows_pingback_reverse_tcp.exe.text.rdata.data.reloc;Eliminado;Objeto eliminado;HEUR:Trojan.Win32.Generic;;Archivo;\\VBoxSvr\shared_data\raw;windows_pingback_reverse_tcp.exe.text.rdata.data.reloc;Eliminado;Troyano;Alta;Parcial;TFM-VI\V;Usuario activo
Hoy, 5/24/2026 7:47:17 AM;\\VBoxSvr\shared_data\raw\windows_meterpreter_reverse_tcp.exe;Eliminado;Objeto eliminado;HEUR:Trojan.Win32.Generic;;Archivo;\\VBoxSvr\shared_data\raw;windows_meterpreter_reverse_tcp.exe;Eliminado;Troyano;Alta;Parcial;TFM-VI\V;Usuario activo
Hoy, 5/24/2026 7:47:17 AM;\\VBoxSvr\shared_data\raw\windows_pingback_bind_tcp.exe.text.rdata.data.reloc;Eliminado;Objeto eliminado;HEUR:Trojan.Win32.Generic;;Archivo;\\VBoxSvr\shared_data\raw;windows_pingback_bind_tcp.exe.text.rdata.data.reloc;Eliminado;Troyano;Alta;Parcial;TFM-VI\V;Usuario activo
Hoy, 5/24/2026 7:47:16 AM;\\VBoxSvr\shared_data\raw\windows_pingback_reverse_tcp.exe.text.rdata.data.reloc;Copia de seguridad creada;Se ha creado una copia de seguridad del objeto;HEUR:Trojan.Win32.Generic;;Archivo;\\VBoxSvr\shared_data\raw;windows_pingback_reverse_tcp.exe.text.rdata.data.reloc;Copia de seguridad creada;Troyano;Alta;Parcial;TFM-VI\V;Usuario activo
Hoy, 5/24/2026 7:47:17 AM;\\VBoxSvr\shared_data\raw\windows_meterpreter_reverse_tcp.exe;Copia de seguridad creada;Se ha creado una copia de seguridad del objeto;HEUR:Trojan.Win32.Generic;;Archivo;\\VBoxSvr\shared_data\raw;windows_meterpreter_reverse_tcp.exe;Copia de seguridad creada;Troyano;Alta;Parcial;TFM-VI\V;Usuario activo
Hoy, 5/24/2026 7:47:17 AM;\\VBoxSvr\shared_data\raw\windows_pingback_bind_tcp.exe.text.rdata.data.reloc;Copia de seguridad creada;Se ha creado una copia de seguridad del objeto;HEUR:Trojan.Win32.Generic;;Archivo;\\VBoxSvr\shared_data\raw;windows_pingback_bind_tcp.exe.text.rdata.data.reloc;Copia de seguridad creada;Troyano;Alta;Parcial;TFM-VI\V;Usuario activo
Hoy, 5/24/2026 7:47:18 AM;\\VBoxSvr\shared_data\raw\windows_shell_bind_hidden_ipknock_tcp.exe.data;Detectados;Objeto malicioso detectado;HEUR:Trojan.Win32.Generic;Hash;Archivo;\\VBoxSvr\shared_data\raw;windows_shell_bind_hidden_ipknock_tcp.exe.data;Detectados;Troyano;Alta;Parcial;TFM-VI\V;Usuario activo
Hoy, 5/24/2026 7:47:18 AM;\\VBoxSvr\shared_data\raw\windows_meterpreter_bind_tcp.exe.text;Detectados;Objeto malicioso detectado;HEUR:Trojan.Win32.Generic;Hash;Archivo;\\VBoxSvr\shared_data\raw;windows_meterpreter_bind_tcp.exe.text;Detectados;Troyano;Alta;Parcial;TFM-VI\V;Usuario activo
Hoy, 5/24/2026 7:47:18 AM;\\VBoxSvr\shared_data\raw\windows_exec.exe.rdata;Detectados;Objeto malicioso detectado;HEUR:Trojan.Win32.Generic;Hash;Archivo;\\VBoxSvr\shared_data\raw;windows_exec.exe.rdata;Detectados;Troyano;Alta;Análisis heurístico;TFM-VI\V;Usuario activo
Hoy, 5/24/2026 7:47:18 AM;\\VBoxSvr\shared_data\raw\windows_pingback_reverse_tcp.exe.rdata.reloc;Detectados;Objeto malicioso detectado;HEUR:Trojan.Win32.Generic;Hash;Archivo;\\VBoxSvr\shared_data\raw;windows_pingback_reverse_tcp.exe.rdata.reloc;Detectados;Troyano;Alta;Parcial;TFM-VI\V;Usuario activo
Hoy, 5/24/2026 7:47:18 AM;\\VBoxSvr\shared_data\raw\windows_shell_bind_hidden_ipknock_tcp.exe.data;Eliminado;Objeto eliminado;HEUR:Trojan.Win32.Generic;;Archivo;\\VBoxSvr\shared_data\raw;windows_shell_bind_hidden_ipknock_tcp.exe.data;Eliminado;Troyano;Alta;Parcial;TFM-VI\V;Usuario activo
Hoy, 5/24/2026 7:47:18 AM;\\VBoxSvr\shared_data\raw\windows_meterpreter_bind_tcp.exe.text;Eliminado;Objeto eliminado;HEUR:Trojan.Win32.Generic;;Archivo;\\VBoxSvr\shared_data\raw;windows_meterpreter_bind_tcp.exe.text;Eliminado;Troyano;Alta;Parcial;TFM-VI\V;Usuario activo
Hoy, 5/24/2026 7:47:18 AM;\\VBoxSvr\shared_data\raw\windows_exec.exe.rdata;Eliminado;Objeto eliminado;HEUR:Trojan.Win32.Generic;;Archivo;\\VBoxSvr\shared_data\raw;windows_exec.exe.rdata;Eliminado;Troyano;Alta;Análisis heurístico;TFM-VI\V;Usuario activo
Hoy, 5/24/2026 7:47:18 AM;\\VBoxSvr\shared_data\raw\windows_shell_bind_hidden_ipknock_tcp.exe.data;Copia de seguridad creada;Se ha creado una copia de seguridad del objeto;HEUR:Trojan.Win32.Generic;;Archivo;\\VBoxSvr\shared_data\raw;windows_shell_bind_hidden_ipknock_tcp.exe.data;Copia de seguridad creada;Troyano;Alta;Parcial;TFM-VI\V;Usuario activo
Hoy, 5/24/2026 7:47:18 AM;\\VBoxSvr\shared_data\raw\windows_meterpreter_bind_tcp.exe.text;Copia de seguridad creada;Se ha creado una copia de seguridad del objeto;HEUR:Trojan.Win32.Generic;;Archivo;\\VBoxSvr\shared_data\raw;windows_meterpreter_bind_tcp.exe.text;Copia de seguridad creada;Troyano;Alta;Parcial;TFM-VI\V;Usuario activo
Hoy, 5/24/2026 7:47:18 AM;\\VBoxSvr\shared_data\raw\windows_exec.exe.rdata;Copia de seguridad creada;Se ha creado una copia de seguridad del objeto;HEUR:Trojan.Win32.Generic;;Archivo;\\VBoxSvr\shared_data\raw;windows_exec.exe.rdata;Copia de seguridad creada;Troyano;Alta;Análisis heurístico;TFM-VI\V;Usuario activo
Hoy, 5/24/2026 7:47:18 AM;\\VBoxSvr\shared_data\raw\windows_pingback_reverse_tcp.exe.rdata.reloc;Copia de seguridad creada;Se ha creado una copia de seguridad del objeto;HEUR:Trojan.Win32.Generic;;Archivo;\\VBoxSvr\shared_data\raw;windows_pingback_reverse_tcp.exe.rdata.reloc;Copia de seguridad creada;Troyano;Alta;Parcial;TFM-VI\V;Usuario activo
Hoy, 5/24/2026 7:47:19 AM;\\VBoxSvr\shared_data\raw\windows_meterpreter_reverse_http.exe.text;Detectados;Objeto malicioso detectado;HEUR:Trojan.Win32.Generic;Hash;Archivo;\\VBoxSvr\shared_data\raw;windows_meterpreter_reverse_http.exe.text;Detectados;Troyano;Alta;Parcial;TFM-VI\V;Usuario activo
Hoy, 5/24/2026 7:47:19 AM;\\VBoxSvr\shared_data\raw\windows_shell_hidden_bind_tcp.exe.rdata;Detectados;Objeto malicioso detectado;HEUR:Trojan.Win32.Generic;Hash;Archivo;\\VBoxSvr\shared_data\raw;windows_shell_hidden_bind_tcp.exe.rdata;Detectados;Troyano;Alta;Parcial;TFM-VI\V;Usuario activo
Hoy, 5/24/2026 7:47:19 AM;\\VBoxSvr\shared_data\raw\windows_meterpreter_bind_tcp.exe.text.data.reloc;Detectados;Objeto malicioso detectado;HEUR:Trojan.Win32.Generic;Hash;Archivo;\\VBoxSvr\shared_data\raw;windows_meterpreter_bind_tcp.exe.text.data.reloc;Detectados;Troyano;Alta;Parcial;TFM-VI\V;Usuario activo
Hoy, 5/24/2026 7:47:18 AM;\\VBoxSvr\shared_data\raw\windows_pingback_reverse_tcp.exe.rdata.reloc;Eliminado;Objeto eliminado;HEUR:Trojan.Win32.Generic;;Archivo;\\VBoxSvr\shared_data\raw;windows_pingback_reverse_tcp.exe.rdata.reloc;Eliminado;Troyano;Alta;Parcial;TFM-VI\V;Usuario activo
Hoy, 5/24/2026 7:47:19 AM;\\VBoxSvr\shared_data\raw\windows_meterpreter_reverse_http.exe.text;Eliminado;Objeto eliminado;HEUR:Trojan.Win32.Generic;;Archivo;\\VBoxSvr\shared_data\raw;windows_meterpreter_reverse_http.exe.text;Eliminado;Troyano;Alta;Parcial;TFM-VI\V;Usuario activo
Hoy, 5/24/2026 7:47:19 AM;\\VBoxSvr\shared_data\raw\windows_shell_hidden_bind_tcp.exe.rdata;Eliminado;Objeto eliminado;HEUR:Trojan.Win32.Generic;;Archivo;\\VBoxSvr\shared_data\raw;windows_shell_hidden_bind_tcp.exe.rdata;Eliminado;Troyano;Alta;Parcial;TFM-VI\V;Usuario activo
Hoy, 5/24/2026 7:47:19 AM;\\VBoxSvr\shared_data\raw\windows_meterpreter_bind_tcp.exe.text.data.reloc;Eliminado;Objeto eliminado;HEUR:Trojan.Win32.Generic;;Archivo;\\VBoxSvr\shared_data\raw;windows_meterpreter_bind_tcp.exe.text.data.reloc;Eliminado;Troyano;Alta;Parcial;TFM-VI\V;Usuario activo
Hoy, 5/24/2026 7:47:19 AM;\\VBoxSvr\shared_data\raw\windows_meterpreter_reverse_http.exe.text;Copia de seguridad creada;Se ha creado una copia de seguridad del objeto;HEUR:Trojan.Win32.Generic;;Archivo;\\VBoxSvr\shared_data\raw;windows_meterpreter_reverse_http.exe.text;Copia de seguridad creada;Troyano;Alta;Parcial;TFM-VI\V;Usuario activo
Hoy, 5/24/2026 7:47:19 AM;\\VBoxSvr\shared_data\raw\windows_shell_hidden_bind_tcp.exe.rdata;Copia de seguridad creada;Se ha creado una copia de seguridad del objeto;HEUR:Trojan.Win32.Generic;;Archivo;\\VBoxSvr\shared_data\raw;windows_shell_hidden_bind_tcp.exe.rdata;Copia de seguridad creada;Troyano;Alta;Parcial;TFM-VI\V;Usuario activo
Hoy, 5/24/2026 7:47:19 AM;\\VBoxSvr\shared_data\raw\windows_meterpreter_bind_tcp.exe.text.data.reloc;Copia de seguridad creada;Se ha creado una copia de seguridad del objeto;HEUR:Trojan.Win32.Generic;;Archivo;\\VBoxSvr\shared_data\raw;windows_meterpreter_bind_tcp.exe.text.data.reloc;Copia de seguridad creada;Troyano;Alta;Parcial;TFM-VI\V;Usuario activo
Hoy, 5/24/2026 7:47:19 AM;\\VBoxSvr\shared_data\raw\windows_shell_bind_tcp.exe._header_.rdata;Detectados;Objeto malicioso detectado;HEUR:Trojan.Win32.Shelma.gen;Hash;Archivo;\\VBoxSvr\shared_data\raw;windows_shell_bind_tcp.exe._header_.rdata;Detectados;Troyano;Alta;Análisis heurístico;TFM-VI\V;Usuario activo
Hoy, 5/24/2026 7:47:20 AM;\\VBoxSvr\shared_data\raw\windows_encrypted_shell_reverse_tcp.exe.text;Detectados;Objeto malicioso detectado;HEUR:Trojan.Win32.Generic;Hash;Archivo;\\VBoxSvr\shared_data\raw;windows_encrypted_shell_reverse_tcp.exe.text;Detectados;Troyano;Alta;Parcial;TFM-VI\V;Usuario activo
Hoy, 5/24/2026 7:47:20 AM;\\VBoxSvr\shared_data\raw\windows_powershell_bind_tcp.exe.rdata.data.reloc;Detectados;Objeto malicioso detectado;HEUR:Trojan.Win32.Generic;Hash;Archivo;\\VBoxSvr\shared_data\raw;windows_powershell_bind_tcp.exe.rdata.data.reloc;Detectados;Troyano;Alta;Análisis heurístico;TFM-VI\V;Usuario activo
Hoy, 5/24/2026 7:47:20 AM;\\VBoxSvr\shared_data\raw\windows_powershell_reverse_tcp_ssl.exe;Detectados;Objeto malicioso detectado;HEUR:Trojan.Win32.Generic;Hash;Archivo;\\VBoxSvr\shared_data\raw;windows_powershell_reverse_tcp_ssl.exe;Detectados;Troyano;Alta;Análisis heurístico;TFM-VI\V;Usuario activo
Hoy, 5/24/2026 7:47:20 AM;\\VBoxSvr\shared_data\raw\windows_pingback_bind_tcp.exe.rdata.data.reloc;Detectados;Objeto malicioso detectado;HEUR:Trojan.Win32.Generic;Hash;Archivo;\\VBoxSvr\shared_data\raw;windows_pingback_bind_tcp.exe.rdata.data.reloc;Detectados;Troyano;Alta;Parcial;TFM-VI\V;Usuario activo
Hoy, 5/24/2026 7:47:20 AM;\\VBoxSvr\shared_data\raw\windows_powershell_bind_tcp.exe.text.rdata;Detectados;Objeto malicioso detectado;HEUR:Trojan.Win32.Generic;Hash;Archivo;\\VBoxSvr\shared_data\raw;windows_powershell_bind_tcp.exe.text.rdata;Detectados;Troyano;Alta;Análisis heurístico;TFM-VI\V;Usuario activo
Hoy, 5/24/2026 7:47:20 AM;\\VBoxSvr\shared_data\raw\windows_shell_bind_hidden_ipknock_tcp.exe.text.rdata.reloc;Detectados;Objeto malicioso detectado;HEUR:Trojan.Win32.Generic;Hash;Archivo;\\VBoxSvr\shared_data\raw;windows_shell_bind_hidden_ipknock_tcp.exe.text.rdata.reloc;Detectados;Troyano;Alta;Parcial;TFM-VI\V;Usuario activo
Hoy, 5/24/2026 7:47:19 AM;\\VBoxSvr\shared_data\raw\windows_shell_bind_tcp.exe._header_.rdata;Eliminado;Objeto eliminado;HEUR:Trojan.Win32.Shelma.gen;;Archivo;\\VBoxSvr\shared_data\raw;windows_shell_bind_tcp.exe._header_.rdata;Eliminado;Troyano;Alta;Análisis heurístico;TFM-VI\V;Usuario activo
Hoy, 5/24/2026 7:47:20 AM;\\VBoxSvr\shared_data\raw\windows_encrypted_shell_reverse_tcp.exe.text;Eliminado;Objeto eliminado;HEUR:Trojan.Win32.Generic;;Archivo;\\VBoxSvr\shared_data\raw;windows_encrypted_shell_reverse_tcp.exe.text;Eliminado;Troyano;Alta;Parcial;TFM-VI\V;Usuario activo
Hoy, 5/24/2026 7:47:20 AM;\\VBoxSvr\shared_data\raw\windows_powershell_bind_tcp.exe.rdata.data.reloc;Eliminado;Objeto eliminado;HEUR:Trojan.Win32.Generic;;Archivo;\\VBoxSvr\shared_data\raw;windows_powershell_bind_tcp.exe.rdata.data.reloc;Eliminado;Troyano;Alta;Análisis heurístico;TFM-VI\V;Usuario activo
Hoy, 5/24/2026 7:47:20 AM;\\VBoxSvr\shared_data\raw\windows_powershell_reverse_tcp_ssl.exe;Eliminado;Objeto eliminado;HEUR:Trojan.Win32.Generic;;Archivo;\\VBoxSvr\shared_data\raw;windows_powershell_reverse_tcp_ssl.exe;Eliminado;Troyano;Alta;Análisis heurístico;TFM-VI\V;Usuario activo
Hoy, 5/24/2026 7:47:20 AM;\\VBoxSvr\shared_data\raw\windows_pingback_bind_tcp.exe.rdata.data.reloc;Eliminado;Objeto eliminado;HEUR:Trojan.Win32.Generic;;Archivo;\\VBoxSvr\shared_data\raw;windows_pingback_bind_tcp.exe.rdata.data.reloc;Eliminado;Troyano;Alta;Parcial;TFM-VI\V;Usuario activo
Hoy, 5/24/2026 7:47:20 AM;\\VBoxSvr\shared_data\raw\windows_powershell_bind_tcp.exe.text.rdata;Eliminado;Objeto eliminado;HEUR:Trojan.Win32.Generic;;Archivo;\\VBoxSvr\shared_data\raw;windows_powershell_bind_tcp.exe.text.rdata;Eliminado;Troyano;Alta;Análisis heurístico;TFM-VI\V;Usuario activo
Hoy, 5/24/2026 7:47:20 AM;\\VBoxSvr\shared_data\raw\windows_shell_bind_hidden_ipknock_tcp.exe.text.rdata.reloc;Eliminado;Objeto eliminado;HEUR:Trojan.Win32.Generic;;Archivo;\\VBoxSvr\shared_data\raw;windows_shell_bind_hidden_ipknock_tcp.exe.text.rdata.reloc;Eliminado;Troyano;Alta;Parcial;TFM-VI\V;Usuario activo
Hoy, 5/24/2026 7:47:19 AM;\\VBoxSvr\shared_data\raw\windows_shell_bind_tcp.exe._header_.rdata;Copia de seguridad creada;Se ha creado una copia de seguridad del objeto;HEUR:Trojan.Win32.Shelma.gen;;Archivo;\\VBoxSvr\shared_data\raw;windows_shell_bind_tcp.exe._header_.rdata;Copia de seguridad creada;Troyano;Alta;Análisis heurístico;TFM-VI\V;Usuario activo
Hoy, 5/24/2026 7:47:20 AM;\\VBoxSvr\shared_data\raw\windows_encrypted_shell_reverse_tcp.exe.text;Copia de seguridad creada;Se ha creado una copia de seguridad del objeto;HEUR:Trojan.Win32.Generic;;Archivo;\\VBoxSvr\shared_data\raw;windows_encrypted_shell_reverse_tcp.exe.text;Copia de seguridad creada;Troyano;Alta;Parcial;TFM-VI\V;Usuario activo
Hoy, 5/24/2026 7:47:20 AM;\\VBoxSvr\shared_data\raw\windows_powershell_bind_tcp.exe.rdata.data.reloc;Copia de seguridad creada;Se ha creado una copia de seguridad del objeto;HEUR:Trojan.Win32.Generic;;Archivo;\\VBoxSvr\shared_data\raw;windows_powershell_bind_tcp.exe.rdata.data.reloc;Copia de seguridad creada;Troyano;Alta;Análisis heurístico;TFM-VI\V;Usuario activo
Hoy, 5/24/2026 7:47:20 AM;\\VBoxSvr\shared_data\raw\windows_powershell_reverse_tcp_ssl.exe;Copia de seguridad creada;Se ha creado una copia de seguridad del objeto;HEUR:Trojan.Win32.Generic;;Archivo;\\VBoxSvr\shared_data\raw;windows_powershell_reverse_tcp_ssl.exe;Copia de seguridad creada;Troyano;Alta;Análisis heurístico;TFM-VI\V;Usuario activo
Hoy, 5/24/2026 7:47:20 AM;\\VBoxSvr\shared_data\raw\windows_pingback_bind_tcp.exe.rdata.data.reloc;Copia de seguridad creada;Se ha creado una copia de seguridad del objeto;HEUR:Trojan.Win32.Generic;;Archivo;\\VBoxSvr\shared_data\raw;windows_pingback_bind_tcp.exe.rdata.data.reloc;Copia de seguridad creada;Troyano;Alta;Parcial;TFM-VI\V;Usuario activo
Hoy, 5/24/2026 7:47:20 AM;\\VBoxSvr\shared_data\raw\windows_powershell_bind_tcp.exe.text.rdata;Copia de seguridad creada;Se ha creado una copia de seguridad del objeto;HEUR:Trojan.Win32.Generic;;Archivo;\\VBoxSvr\shared_data\raw;windows_powershell_bind_tcp.exe.text.rdata;Copia de seguridad creada;Troyano;Alta;Análisis heurístico;TFM-VI\V;Usuario activo
Hoy, 5/24/2026 7:47:20 AM;\\VBoxSvr\shared_data\raw\windows_shell_bind_hidden_ipknock_tcp.exe.text.rdata.reloc;Copia de seguridad creada;Se ha creado una copia de seguridad del objeto;HEUR:Trojan.Win32.Generic;;Archivo;\\VBoxSvr\shared_data\raw;windows_shell_bind_hidden_ipknock_tcp.exe.text.rdata.reloc;Copia de seguridad creada;Troyano;Alta;Parcial;TFM-VI\V;Usuario activo
Hoy, 5/24/2026 7:47:21 AM;\\VBoxSvr\shared_data\raw\windows_meterpreter_bind_tcp.exe.rdata.data;Detectados;Objeto malicioso detectado;HEUR:Trojan.Win32.Generic;Hash;Archivo;\\VBoxSvr\shared_data\raw;windows_meterpreter_bind_tcp.exe.rdata.data;Detectados;Troyano;Alta;Parcial;TFM-VI\V;Usuario activo
Hoy, 5/24/2026 7:47:21 AM;\\VBoxSvr\shared_data\raw\windows_shell_bind_hidden_ipknock_tcp.exe.text.reloc;Detectados;Objeto malicioso detectado;HEUR:Trojan.Win32.Generic;Hash;Archivo;\\VBoxSvr\shared_data\raw;windows_shell_bind_hidden_ipknock_tcp.exe.text.reloc;Detectados;Troyano;Alta;Parcial;TFM-VI\V;Usuario activo
Hoy, 5/24/2026 7:47:21 AM;\\VBoxSvr\shared_data\raw\windows_exec.exe.text.rdata.data.reloc;Detectados;Objeto malicioso detectado;HEUR:Trojan.Win32.Generic;Hash;Archivo;\\VBoxSvr\shared_data\raw;windows_exec.exe.text.rdata.data.reloc;Detectados;Troyano;Alta;Análisis heurístico;TFM-VI\V;Usuario activo
Hoy, 5/24/2026 7:47:21 AM;\\VBoxSvr\shared_data\raw\windows_shell_reverse_tcp_rc4.exe.text.rdata.data;Detectados;Objeto malicioso detectado;HEUR:Trojan.Win32.Generic;Hash;Archivo;\\VBoxSvr\shared_data\raw;windows_shell_reverse_tcp_rc4.exe.text.rdata.data;Detectados;Troyano;Alta;Parcial;TFM-VI\V;Usuario activo
Hoy, 5/24/2026 7:47:21 AM;\\VBoxSvr\shared_data\raw\windows_pingback_bind_tcp.exe.text.data.reloc;Detectados;Objeto malicioso detectado;HEUR:Trojan.Win32.Generic;Hash;Archivo;\\VBoxSvr\shared_data\raw;windows_pingback_bind_tcp.exe.text.data.reloc;Detectados;Troyano;Alta;Parcial;TFM-VI\V;Usuario activo
Hoy, 5/24/2026 7:47:21 AM;\\VBoxSvr\shared_data\raw\windows_meterpreter_bind_tcp.exe.rdata.data;Eliminado;Objeto eliminado;HEUR:Trojan.Win32.Generic;;Archivo;\\VBoxSvr\shared_data\raw;windows_meterpreter_bind_tcp.exe.rdata.data;Eliminado;Troyano;Alta;Parcial;TFM-VI\V;Usuario activo
Hoy, 5/24/2026 7:47:21 AM;\\VBoxSvr\shared_data\raw\windows_shell_bind_hidden_ipknock_tcp.exe.text.reloc;Eliminado;Objeto eliminado;HEUR:Trojan.Win32.Generic;;Archivo;\\VBoxSvr\shared_data\raw;windows_shell_bind_hidden_ipknock_tcp.exe.text.reloc;Eliminado;Troyano;Alta;Parcial;TFM-VI\V;Usuario activo
Hoy, 5/24/2026 7:47:21 AM;\\VBoxSvr\shared_data\raw\windows_exec.exe.text.rdata.data.reloc;Eliminado;Objeto eliminado;HEUR:Trojan.Win32.Generic;;Archivo;\\VBoxSvr\shared_data\raw;windows_exec.exe.text.rdata.data.reloc;Eliminado;Troyano;Alta;Análisis heurístico;TFM-VI\V;Usuario activo
Hoy, 5/24/2026 7:47:21 AM;\\VBoxSvr\shared_data\raw\windows_shell_reverse_tcp_rc4.exe.text.rdata.data;Eliminado;Objeto eliminado;HEUR:Trojan.Win32.Generic;;Archivo;\\VBoxSvr\shared_data\raw;windows_shell_reverse_tcp_rc4.exe.text.rdata.data;Eliminado;Troyano;Alta;Parcial;TFM-VI\V;Usuario activo
Hoy, 5/24/2026 7:47:21 AM;\\VBoxSvr\shared_data\raw\windows_pingback_bind_tcp.exe.text.data.reloc;Eliminado;Objeto eliminado;HEUR:Trojan.Win32.Generic;;Archivo;\\VBoxSvr\shared_data\raw;windows_pingback_bind_tcp.exe.text.data.reloc;Eliminado;Troyano;Alta;Parcial;TFM-VI\V;Usuario activo
Hoy, 5/24/2026 7:47:21 AM;\\VBoxSvr\shared_data\raw\windows_meterpreter_bind_tcp.exe.rdata.data;Copia de seguridad creada;Se ha creado una copia de seguridad del objeto;HEUR:Trojan.Win32.Generic;;Archivo;\\VBoxSvr\shared_data\raw;windows_meterpreter_bind_tcp.exe.rdata.data;Copia de seguridad creada;Troyano;Alta;Parcial;TFM-VI\V;Usuario activo
Hoy, 5/24/2026 7:47:21 AM;\\VBoxSvr\shared_data\raw\windows_shell_bind_hidden_ipknock_tcp.exe.text.reloc;Copia de seguridad creada;Se ha creado una copia de seguridad del objeto;HEUR:Trojan.Win32.Generic;;Archivo;\\VBoxSvr\shared_data\raw;windows_shell_bind_hidden_ipknock_tcp.exe.text.reloc;Copia de seguridad creada;Troyano;Alta;Parcial;TFM-VI\V;Usuario activo
Hoy, 5/24/2026 7:47:21 AM;\\VBoxSvr\shared_data\raw\windows_exec.exe.text.rdata.data.reloc;Copia de seguridad creada;Se ha creado una copia de seguridad del objeto;HEUR:Trojan.Win32.Generic;;Archivo;\\VBoxSvr\shared_data\raw;windows_exec.exe.text.rdata.data.reloc;Copia de seguridad creada;Troyano;Alta;Análisis heurístico;TFM-VI\V;Usuario activo
Hoy, 5/24/2026 7:47:21 AM;\\VBoxSvr\shared_data\raw\windows_shell_reverse_tcp_rc4.exe.text.rdata.data;Copia de seguridad creada;Se ha creado una copia de seguridad del objeto;HEUR:Trojan.Win32.Generic;;Archivo;\\VBoxSvr\shared_data\raw;windows_shell_reverse_tcp_rc4.exe.text.rdata.data;Copia de seguridad creada;Troyano;Alta;Parcial;TFM-VI\V;Usuario activo
Hoy, 5/24/2026 7:47:21 AM;\\VBoxSvr\shared_data\raw\windows_pingback_bind_tcp.exe.text.data.reloc;Copia de seguridad creada;Se ha creado una copia de seguridad del objeto;HEUR:Trojan.Win32.Generic;;Archivo;\\VBoxSvr\shared_data\raw;windows_pingback_bind_tcp.exe.text.data.reloc;Copia de seguridad creada;Troyano;Alta;Parcial;TFM-VI\V;Usuario activo
Hoy, 5/24/2026 7:47:21 AM;\\VBoxSvr\shared_data\raw\windows_encrypted_shell_reverse_tcp.exe.rdata.data;Detectados;Objeto malicioso detectado;HEUR:Trojan.Win32.Generic;Hash;Archivo;\\VBoxSvr\shared_data\raw;windows_encrypted_shell_reverse_tcp.exe.rdata.data;Detectados;Troyano;Alta;Parcial;TFM-VI\V;Usuario activo
Hoy, 5/24/2026 7:47:22 AM;\\VBoxSvr\shared_data\raw\windows_meterpreter_reverse_tcp.exe.text;Detectados;Objeto malicioso detectado;HEUR:Trojan.Win32.Generic;Hash;Archivo;\\VBoxSvr\shared_data\raw;windows_meterpreter_reverse_tcp.exe.text;Detectados;Troyano;Alta;Parcial;TFM-VI\V;Usuario activo
Hoy, 5/24/2026 7:47:21 AM;\\VBoxSvr\shared_data\raw\windows_encrypted_shell_reverse_tcp.exe.rdata.data;Eliminado;Objeto eliminado;HEUR:Trojan.Win32.Generic;;Archivo;\\VBoxSvr\shared_data\raw;windows_encrypted_shell_reverse_tcp.exe.rdata.data;Eliminado;Troyano;Alta;Parcial;TFM-VI\V;Usuario activo
Hoy, 5/24/2026 7:47:22 AM;\\VBoxSvr\shared_data\raw\windows_meterpreter_reverse_tcp.exe.text;Eliminado;Objeto eliminado;HEUR:Trojan.Win32.Generic;;Archivo;\\VBoxSvr\shared_data\raw;windows_meterpreter_reverse_tcp.exe.text;Eliminado;Troyano;Alta;Parcial;TFM-VI\V;Usuario activo
Hoy, 5/24/2026 7:47:21 AM;\\VBoxSvr\shared_data\raw\windows_encrypted_shell_reverse_tcp.exe.rdata.data;Copia de seguridad creada;Se ha creado una copia de seguridad del objeto;HEUR:Trojan.Win32.Generic;;Archivo;\\VBoxSvr\shared_data\raw;windows_encrypted_shell_reverse_tcp.exe.rdata.data;Copia de seguridad creada;Troyano;Alta;Parcial;TFM-VI\V;Usuario activo
Hoy, 5/24/2026 7:47:22 AM;\\VBoxSvr\shared_data\raw\windows_meterpreter_reverse_tcp.exe.text;Copia de seguridad creada;Se ha creado una copia de seguridad del objeto;HEUR:Trojan.Win32.Generic;;Archivo;\\VBoxSvr\shared_data\raw;windows_meterpreter_reverse_tcp.exe.text;Copia de seguridad creada;Troyano;Alta;Parcial;TFM-VI\V;Usuario activo
Hoy, 5/24/2026 7:47:23 AM;\\VBoxSvr\shared_data\raw\windows_meterpreter_reverse_http.exe.text.data.reloc;Detectados;Objeto malicioso detectado;HEUR:Trojan.Win32.Generic;Hash;Archivo;\\VBoxSvr\shared_data\raw;windows_meterpreter_reverse_http.exe.text.data.reloc;Detectados;Troyano;Alta;Parcial;TFM-VI\V;Usuario activo
Hoy, 5/24/2026 7:47:23 AM;\\VBoxSvr\shared_data\raw\windows_powershell_reverse_tcp.exe.rdata.data.reloc;Detectados;Objeto malicioso detectado;HEUR:Trojan.Win32.Generic;Hash;Archivo;\\VBoxSvr\shared_data\raw;windows_powershell_reverse_tcp.exe.rdata.data.reloc;Detectados;Troyano;Alta;Análisis heurístico;TFM-VI\V;Usuario activo
Hoy, 5/24/2026 7:47:23 AM;\\VBoxSvr\shared_data\raw\windows_powershell_reverse_tcp_ssl.exe.text.data;Detectados;Objeto malicioso detectado;HEUR:Trojan.Win32.Generic;Hash;Archivo;\\VBoxSvr\shared_data\raw;windows_powershell_reverse_tcp_ssl.exe.text.data;Detectados;Troyano;Alta;Análisis heurístico;TFM-VI\V;Usuario activo
Hoy, 5/24/2026 7:47:23 AM;\\VBoxSvr\shared_data\raw\windows_meterpreter_reverse_http.exe.text.data.reloc;Eliminado;Objeto eliminado;HEUR:Trojan.Win32.Generic;;Archivo;\\VBoxSvr\shared_data\raw;windows_meterpreter_reverse_http.exe.text.data.reloc;Eliminado;Troyano;Alta;Parcial;TFM-VI\V;Usuario activo
Hoy, 5/24/2026 7:47:23 AM;\\VBoxSvr\shared_data\raw\windows_powershell_reverse_tcp.exe.rdata.data.reloc;Eliminado;Objeto eliminado;HEUR:Trojan.Win32.Generic;;Archivo;\\VBoxSvr\shared_data\raw;windows_powershell_reverse_tcp.exe.rdata.data.reloc;Eliminado;Troyano;Alta;Análisis heurístico;TFM-VI\V;Usuario activo
Hoy, 5/24/2026 7:47:23 AM;\\VBoxSvr\shared_data\raw\windows_powershell_reverse_tcp_ssl.exe.text.data;Eliminado;Objeto eliminado;HEUR:Trojan.Win32.Generic;;Archivo;\\VBoxSvr\shared_data\raw;windows_powershell_reverse_tcp_ssl.exe.text.data;Eliminado;Troyano;Alta;Análisis heurístico;TFM-VI\V;Usuario activo
Hoy, 5/24/2026 7:47:23 AM;\\VBoxSvr\shared_data\raw\windows_meterpreter_reverse_http.exe.text.data.reloc;Copia de seguridad creada;Se ha creado una copia de seguridad del objeto;HEUR:Trojan.Win32.Generic;;Archivo;\\VBoxSvr\shared_data\raw;windows_meterpreter_reverse_http.exe.text.data.reloc;Copia de seguridad creada;Troyano;Alta;Parcial;TFM-VI\V;Usuario activo
Hoy, 5/24/2026 7:47:23 AM;\\VBoxSvr\shared_data\raw\windows_powershell_reverse_tcp.exe.rdata.data.reloc;Copia de seguridad creada;Se ha creado una copia de seguridad del objeto;HEUR:Trojan.Win32.Generic;;Archivo;\\VBoxSvr\shared_data\raw;windows_powershell_reverse_tcp.exe.rdata.data.reloc;Copia de seguridad creada;Troyano;Alta;Análisis heurístico;TFM-VI\V;Usuario activo
Hoy, 5/24/2026 7:47:23 AM;\\VBoxSvr\shared_data\raw\windows_powershell_reverse_tcp_ssl.exe.text.data;Copia de seguridad creada;Se ha creado una copia de seguridad del objeto;HEUR:Trojan.Win32.Generic;;Archivo;\\VBoxSvr\shared_data\raw;windows_powershell_reverse_tcp_ssl.exe.text.data;Copia de seguridad creada;Troyano;Alta;Análisis heurístico;TFM-VI\V;Usuario activo
Hoy, 5/24/2026 7:47:24 AM;\\VBoxSvr\shared_data\raw\windows_meterpreter_reverse_tcp.exe.text.rdata.data.reloc;Detectados;Objeto malicioso detectado;HEUR:Trojan.Win32.Generic;Hash;Archivo;\\VBoxSvr\shared_data\raw;windows_meterpreter_reverse_tcp.exe.text.rdata.data.reloc;Detectados;Troyano;Alta;Parcial;TFM-VI\V;Usuario activo
Hoy, 5/24/2026 7:47:24 AM;\\VBoxSvr\shared_data\raw\windows_meterpreter_reverse_https.exe.rdata;Detectados;Objeto malicioso detectado;HEUR:Trojan.Win32.Generic;Hash;Archivo;\\VBoxSvr\shared_data\raw;windows_meterpreter_reverse_https.exe.rdata;Detectados;Troyano;Alta;Parcial;TFM-VI\V;Usuario activo
Hoy, 5/24/2026 7:47:24 AM;\\VBoxSvr\shared_data\raw\windows_meterpreter_reverse_tcp.exe.text.rdata.data.reloc;Eliminado;Objeto eliminado;HEUR:Trojan.Win32.Generic;;Archivo;\\VBoxSvr\shared_data\raw;windows_meterpreter_reverse_tcp.exe.text.rdata.data.reloc;Eliminado;Troyano;Alta;Parcial;TFM-VI\V;Usuario activo
Hoy, 5/24/2026 7:47:24 AM;\\VBoxSvr\shared_data\raw\windows_meterpreter_reverse_https.exe.rdata;Eliminado;Objeto eliminado;HEUR:Trojan.Win32.Generic;;Archivo;\\VBoxSvr\shared_data\raw;windows_meterpreter_reverse_https.exe.rdata;Eliminado;Troyano;Alta;Parcial;TFM-VI\V;Usuario activo
Hoy, 5/24/2026 7:47:24 AM;\\VBoxSvr\shared_data\raw\windows_meterpreter_reverse_tcp.exe.text.rdata.data.reloc;Copia de seguridad creada;Se ha creado una copia de seguridad del objeto;HEUR:Trojan.Win32.Generic;;Archivo;\\VBoxSvr\shared_data\raw;windows_meterpreter_reverse_tcp.exe.text.rdata.data.reloc;Copia de seguridad creada;Troyano;Alta;Parcial;TFM-VI\V;Usuario activo
Hoy, 5/24/2026 7:47:24 AM;\\VBoxSvr\shared_data\raw\windows_meterpreter_reverse_https.exe.rdata;Copia de seguridad creada;Se ha creado una copia de seguridad del objeto;HEUR:Trojan.Win32.Generic;;Archivo;\\VBoxSvr\shared_data\raw;windows_meterpreter_reverse_https.exe.rdata;Copia de seguridad creada;Troyano;Alta;Parcial;TFM-VI\V;Usuario activo
Hoy, 5/24/2026 7:47:25 AM;\\VBoxSvr\shared_data\raw\windows_meterpreter_reverse_tcp.exe.rdata.data.reloc;Detectados;Objeto malicioso detectado;HEUR:Trojan.Win32.Generic;Hash;Archivo;\\VBoxSvr\shared_data\raw;windows_meterpreter_reverse_tcp.exe.rdata.data.reloc;Detectados;Troyano;Alta;Parcial;TFM-VI\V;Usuario activo
Hoy, 5/24/2026 7:47:25 AM;\\VBoxSvr\shared_data\raw\windows_shell_reverse_tcp_rc4.exe._header_.rdata.data.reloc;Detectados;Objeto malicioso detectado;HEUR:Trojan.Win32.Shella.gen;Hash;Archivo;\\VBoxSvr\shared_data\raw;windows_shell_reverse_tcp_rc4.exe._header_.rdata.data.reloc;Detectados;Troyano;Alta;Análisis heurístico;TFM-VI\V;Usuario activo
Hoy, 5/24/2026 7:47:25 AM;\\VBoxSvr\shared_data\raw\windows_shell_reverse_tcp_rc4.exe._header_.rdata;Detectados;Objeto malicioso detectado;HEUR:Trojan.Win32.Shella.gen;Hash;Archivo;\\VBoxSvr\shared_data\raw;windows_shell_reverse_tcp_rc4.exe._header_.rdata;Detectados;Troyano;Alta;Análisis heurístico;TFM-VI\V;Usuario activo
Hoy, 5/24/2026 7:47:25 AM;\\VBoxSvr\shared_data\raw\windows_powershell_reverse_tcp_ssl.exe.rdata;Detectados;Objeto malicioso detectado;HEUR:Trojan.Win32.Generic;Hash;Archivo;\\VBoxSvr\shared_data\raw;windows_powershell_reverse_tcp_ssl.exe.rdata;Detectados;Troyano;Alta;Análisis heurístico;TFM-VI\V;Usuario activo
Hoy, 5/24/2026 7:47:25 AM;\\VBoxSvr\shared_data\raw\windows_powershell_reverse_tcp.exe.text.data.reloc;Detectados;Objeto malicioso detectado;HEUR:Trojan.Win32.Generic;Hash;Archivo;\\VBoxSvr\shared_data\raw;windows_powershell_reverse_tcp.exe.text.data.reloc;Detectados;Troyano;Alta;Análisis heurístico;TFM-VI\V;Usuario activo
Hoy, 5/24/2026 7:47:25 AM;\\VBoxSvr\shared_data\raw\windows_meterpreter_reverse_tcp.exe.rdata.data.reloc;Eliminado;Objeto eliminado;HEUR:Trojan.Win32.Generic;;Archivo;\\VBoxSvr\shared_data\raw;windows_meterpreter_reverse_tcp.exe.rdata.data.reloc;Eliminado;Troyano;Alta;Parcial;TFM-VI\V;Usuario activo
Hoy, 5/24/2026 7:47:25 AM;\\VBoxSvr\shared_data\raw\windows_shell_reverse_tcp_rc4.exe._header_.rdata.data.reloc;Eliminado;Objeto eliminado;HEUR:Trojan.Win32.Shella.gen;;Archivo;\\VBoxSvr\shared_data\raw;windows_shell_reverse_tcp_rc4.exe._header_.rdata.data.reloc;Eliminado;Troyano;Alta;Análisis heurístico;TFM-VI\V;Usuario activo
Hoy, 5/24/2026 7:47:25 AM;\\VBoxSvr\shared_data\raw\windows_shell_reverse_tcp_rc4.exe._header_.rdata;Eliminado;Objeto eliminado;HEUR:Trojan.Win32.Shella.gen;;Archivo;\\VBoxSvr\shared_data\raw;windows_shell_reverse_tcp_rc4.exe._header_.rdata;Eliminado;Troyano;Alta;Análisis heurístico;TFM-VI\V;Usuario activo
Hoy, 5/24/2026 7:47:25 AM;\\VBoxSvr\shared_data\raw\windows_powershell_reverse_tcp_ssl.exe.rdata;Eliminado;Objeto eliminado;HEUR:Trojan.Win32.Generic;;Archivo;\\VBoxSvr\shared_data\raw;windows_powershell_reverse_tcp_ssl.exe.rdata;Eliminado;Troyano;Alta;Análisis heurístico;TFM-VI\V;Usuario activo
Hoy, 5/24/2026 7:47:25 AM;\\VBoxSvr\shared_data\raw\windows_powershell_reverse_tcp.exe.text.data.reloc;Eliminado;Objeto eliminado;HEUR:Trojan.Win32.Generic;;Archivo;\\VBoxSvr\shared_data\raw;windows_powershell_reverse_tcp.exe.text.data.reloc;Eliminado;Troyano;Alta;Análisis heurístico;TFM-VI\V;Usuario activo
Hoy, 5/24/2026 7:47:25 AM;\\VBoxSvr\shared_data\raw\windows_meterpreter_reverse_tcp.exe.rdata.data.reloc;Copia de seguridad creada;Se ha creado una copia de seguridad del objeto;HEUR:Trojan.Win32.Generic;;Archivo;\\VBoxSvr\shared_data\raw;windows_meterpreter_reverse_tcp.exe.rdata.data.reloc;Copia de seguridad creada;Troyano;Alta;Parcial;TFM-VI\V;Usuario activo
Hoy, 5/24/2026 7:47:25 AM;\\VBoxSvr\shared_data\raw\windows_shell_reverse_tcp_rc4.exe._header_.rdata.data.reloc;Copia de seguridad creada;Se ha creado una copia de seguridad del objeto;HEUR:Trojan.Win32.Shella.gen;;Archivo;\\VBoxSvr\shared_data\raw;windows_shell_reverse_tcp_rc4.exe._header_.rdata.data.reloc;Copia de seguridad creada;Troyano;Alta;Análisis heurístico;TFM-VI\V;Usuario activo
Hoy, 5/24/2026 7:47:25 AM;\\VBoxSvr\shared_data\raw\windows_shell_reverse_tcp_rc4.exe._header_.rdata;Copia de seguridad creada;Se ha creado una copia de seguridad del objeto;HEUR:Trojan.Win32.Shella.gen;;Archivo;\\VBoxSvr\shared_data\raw;windows_shell_reverse_tcp_rc4.exe._header_.rdata;Copia de seguridad creada;Troyano;Alta;Análisis heurístico;TFM-VI\V;Usuario activo
Hoy, 5/24/2026 7:47:25 AM;\\VBoxSvr\shared_data\raw\windows_powershell_reverse_tcp_ssl.exe.rdata;Copia de seguridad creada;Se ha creado una copia de seguridad del objeto;HEUR:Trojan.Win32.Generic;;Archivo;\\VBoxSvr\shared_data\raw;windows_powershell_reverse_tcp_ssl.exe.rdata;Copia de seguridad creada;Troyano;Alta;Análisis heurístico;TFM-VI\V;Usuario activo
Hoy, 5/24/2026 7:47:25 AM;\\VBoxSvr\shared_data\raw\windows_powershell_reverse_tcp.exe.text.data.reloc;Copia de seguridad creada;Se ha creado una copia de seguridad del objeto;HEUR:Trojan.Win32.Generic;;Archivo;\\VBoxSvr\shared_data\raw;windows_powershell_reverse_tcp.exe.text.data.reloc;Copia de seguridad creada;Troyano;Alta;Análisis heurístico;TFM-VI\V;Usuario activo
Hoy, 5/24/2026 7:47:25 AM;\\VBoxSvr\shared_data\raw\windows_shell_bind_hidden_ipknock_tcp.exe.text.rdata.data.reloc;Detectados;Objeto malicioso detectado;HEUR:Trojan.Win32.Generic;Hash;Archivo;\\VBoxSvr\shared_data\raw;windows_shell_bind_hidden_ipknock_tcp.exe.text.rdata.data.reloc;Detectados;Troyano;Alta;Parcial;TFM-VI\V;Usuario activo
Hoy, 5/24/2026 7:47:26 AM;\\VBoxSvr\shared_data\raw\windows_powershell_bind_tcp.exe.text.data;Detectados;Objeto malicioso detectado;HEUR:Trojan.Win32.Generic;Hash;Archivo;\\VBoxSvr\shared_data\raw;windows_powershell_bind_tcp.exe.text.data;Detectados;Troyano;Alta;Análisis heurístico;TFM-VI\V;Usuario activo
Hoy, 5/24/2026 7:47:26 AM;\\VBoxSvr\shared_data\raw\windows_exec.exe.text.rdata;Detectados;Objeto malicioso detectado;HEUR:Trojan.Win32.Generic;Hash;Archivo;\\VBoxSvr\shared_data\raw;windows_exec.exe.text.rdata;Detectados;Troyano;Alta;Análisis heurístico;TFM-VI\V;Usuario activo
Hoy, 5/24/2026 7:47:26 AM;\\VBoxSvr\shared_data\raw\windows_powershell_bind_tcp.exe.text.data.reloc;Detectados;Objeto malicioso detectado;HEUR:Trojan.Win32.Generic;Hash;Archivo;\\VBoxSvr\shared_data\raw;windows_powershell_bind_tcp.exe.text.data.reloc;Detectados;Troyano;Alta;Análisis heurístico;TFM-VI\V;Usuario activo
Hoy, 5/24/2026 7:47:26 AM;\\VBoxSvr\shared_data\raw\windows_shell_bind_tcp.exe._header_.rdata.data;Detectados;Objeto malicioso detectado;HEUR:Trojan.Win32.Shelma.gen;Hash;Archivo;\\VBoxSvr\shared_data\raw;windows_shell_bind_tcp.exe._header_.rdata.data;Detectados;Troyano;Alta;Análisis heurístico;TFM-VI\V;Usuario activo
Hoy, 5/24/2026 7:47:26 AM;\\VBoxSvr\shared_data\raw\windows_shell_bind_hidden_ipknock_tcp.exe.text.rdata.data.reloc;Eliminado;Objeto eliminado;HEUR:Trojan.Win32.Generic;;Archivo;\\VBoxSvr\shared_data\raw;windows_shell_bind_hidden_ipknock_tcp.exe.text.rdata.data.reloc;Eliminado;Troyano;Alta;Parcial;TFM-VI\V;Usuario activo
Hoy, 5/24/2026 7:47:26 AM;\\VBoxSvr\shared_data\raw\windows_powershell_bind_tcp.exe.text.data;Eliminado;Objeto eliminado;HEUR:Trojan.Win32.Generic;;Archivo;\\VBoxSvr\shared_data\raw;windows_powershell_bind_tcp.exe.text.data;Eliminado;Troyano;Alta;Análisis heurístico;TFM-VI\V;Usuario activo
Hoy, 5/24/2026 7:47:26 AM;\\VBoxSvr\shared_data\raw\windows_exec.exe.text.rdata;Eliminado;Objeto eliminado;HEUR:Trojan.Win32.Generic;;Archivo;\\VBoxSvr\shared_data\raw;windows_exec.exe.text.rdata;Eliminado;Troyano;Alta;Análisis heurístico;TFM-VI\V;Usuario activo
Hoy, 5/24/2026 7:47:26 AM;\\VBoxSvr\shared_data\raw\windows_powershell_bind_tcp.exe.text.data.reloc;Eliminado;Objeto eliminado;HEUR:Trojan.Win32.Generic;;Archivo;\\VBoxSvr\shared_data\raw;windows_powershell_bind_tcp.exe.text.data.reloc;Eliminado;Troyano;Alta;Análisis heurístico;TFM-VI\V;Usuario activo
Hoy, 5/24/2026 7:47:26 AM;\\VBoxSvr\shared_data\raw\windows_shell_bind_tcp.exe._header_.rdata.data;Eliminado;Objeto eliminado;HEUR:Trojan.Win32.Shelma.gen;;Archivo;\\VBoxSvr\shared_data\raw;windows_shell_bind_tcp.exe._header_.rdata.data;Eliminado;Troyano;Alta;Análisis heurístico;TFM-VI\V;Usuario activo
Hoy, 5/24/2026 7:47:25 AM;\\VBoxSvr\shared_data\raw\windows_shell_bind_hidden_ipknock_tcp.exe.text.rdata.data.reloc;Copia de seguridad creada;Se ha creado una copia de seguridad del objeto;HEUR:Trojan.Win32.Generic;;Archivo;\\VBoxSvr\shared_data\raw;windows_shell_bind_hidden_ipknock_tcp.exe.text.rdata.data.reloc;Copia de seguridad creada;Troyano;Alta;Parcial;TFM-VI\V;Usuario activo
Hoy, 5/24/2026 7:47:26 AM;\\VBoxSvr\shared_data\raw\windows_powershell_bind_tcp.exe.text.data;Copia de seguridad creada;Se ha creado una copia de seguridad del objeto;HEUR:Trojan.Win32.Generic;;Archivo;\\VBoxSvr\shared_data\raw;windows_powershell_bind_tcp.exe.text.data;Copia de seguridad creada;Troyano;Alta;Análisis heurístico;TFM-VI\V;Usuario activo
Hoy, 5/24/2026 7:47:26 AM;\\VBoxSvr\shared_data\raw\windows_exec.exe.text.rdata;Copia de seguridad creada;Se ha creado una copia de seguridad del objeto;HEUR:Trojan.Win32.Generic;;Archivo;\\VBoxSvr\shared_data\raw;windows_exec.exe.text.rdata;Copia de seguridad creada;Troyano;Alta;Análisis heurístico;TFM-VI\V;Usuario activo
Hoy, 5/24/2026 7:47:26 AM;\\VBoxSvr\shared_data\raw\windows_powershell_bind_tcp.exe.text.data.reloc;Copia de seguridad creada;Se ha creado una copia de seguridad del objeto;HEUR:Trojan.Win32.Generic;;Archivo;\\VBoxSvr\shared_data\raw;windows_powershell_bind_tcp.exe.text.data.reloc;Copia de seguridad creada;Troyano;Alta;Análisis heurístico;TFM-VI\V;Usuario activo
Hoy, 5/24/2026 7:47:26 AM;\\VBoxSvr\shared_data\raw\windows_shell_bind_tcp.exe._header_.rdata.data;Copia de seguridad creada;Se ha creado una copia de seguridad del objeto;HEUR:Trojan.Win32.Shelma.gen;;Archivo;\\VBoxSvr\shared_data\raw;windows_shell_bind_tcp.exe._header_.rdata.data;Copia de seguridad creada;Troyano;Alta;Análisis heurístico;TFM-VI\V;Usuario activo
Hoy, 5/24/2026 7:47:27 AM;\\VBoxSvr\shared_data\raw\windows_meterpreter_reverse_http.exe.rdata.data;Detectados;Objeto malicioso detectado;HEUR:Trojan.Win32.Generic;Hash;Archivo;\\VBoxSvr\shared_data\raw;windows_meterpreter_reverse_http.exe.rdata.data;Detectados;Troyano;Alta;Parcial;TFM-VI\V;Usuario activo
Hoy, 5/24/2026 7:47:27 AM;\\VBoxSvr\shared_data\raw\windows_powershell_bind_tcp.exe.reloc;Detectados;Objeto malicioso detectado;HEUR:Trojan.Win32.Generic;Hash;Archivo;\\VBoxSvr\shared_data\raw;windows_powershell_bind_tcp.exe.reloc;Detectados;Troyano;Alta;Análisis heurístico;TFM-VI\V;Usuario activo
Hoy, 5/24/2026 7:47:27 AM;\\VBoxSvr\shared_data\raw\windows_shell_bind_tcp.exe.text.rdata.reloc;Detectados;Objeto malicioso detectado;HEUR:Trojan.Win32.Generic;Hash;Archivo;\\VBoxSvr\shared_data\raw;windows_shell_bind_tcp.exe.text.rdata.reloc;Detectados;Troyano;Alta;Parcial;TFM-VI\V;Usuario activo
Hoy, 5/24/2026 7:47:27 AM;\\VBoxSvr\shared_data\raw\windows_shell_reverse_tcp_rc4.exe.data.reloc;Detectados;Objeto malicioso detectado;HEUR:Trojan.Win32.Generic;Hash;Archivo;\\VBoxSvr\shared_data\raw;windows_shell_reverse_tcp_rc4.exe.data.reloc;Detectados;Troyano;Alta;Parcial;TFM-VI\V;Usuario activo
Hoy, 5/24/2026 7:47:27 AM;\\VBoxSvr\shared_data\raw\windows_meterpreter_reverse_http.exe.rdata.data;Eliminado;Objeto eliminado;HEUR:Trojan.Win32.Generic;;Archivo;\\VBoxSvr\shared_data\raw;windows_meterpreter_reverse_http.exe.rdata.data;Eliminado;Troyano;Alta;Parcial;TFM-VI\V;Usuario activo
Hoy, 5/24/2026 7:47:27 AM;\\VBoxSvr\shared_data\raw\windows_powershell_bind_tcp.exe.reloc;Eliminado;Objeto eliminado;HEUR:Trojan.Win32.Generic;;Archivo;\\VBoxSvr\shared_data\raw;windows_powershell_bind_tcp.exe.reloc;Eliminado;Troyano;Alta;Análisis heurístico;TFM-VI\V;Usuario activo
Hoy, 5/24/2026 7:47:27 AM;\\VBoxSvr\shared_data\raw\windows_shell_bind_tcp.exe.text.rdata.reloc;Eliminado;Objeto eliminado;HEUR:Trojan.Win32.Generic;;Archivo;\\VBoxSvr\shared_data\raw;windows_shell_bind_tcp.exe.text.rdata.reloc;Eliminado;Troyano;Alta;Parcial;TFM-VI\V;Usuario activo
Hoy, 5/24/2026 7:47:27 AM;\\VBoxSvr\shared_data\raw\windows_shell_reverse_tcp_rc4.exe.data.reloc;Eliminado;Objeto eliminado;HEUR:Trojan.Win32.Generic;;Archivo;\\VBoxSvr\shared_data\raw;windows_shell_reverse_tcp_rc4.exe.data.reloc;Eliminado;Troyano;Alta;Parcial;TFM-VI\V;Usuario activo
Hoy, 5/24/2026 7:47:27 AM;\\VBoxSvr\shared_data\raw\windows_meterpreter_reverse_http.exe.rdata.data;Copia de seguridad creada;Se ha creado una copia de seguridad del objeto;HEUR:Trojan.Win32.Generic;;Archivo;\\VBoxSvr\shared_data\raw;windows_meterpreter_reverse_http.exe.rdata.data;Copia de seguridad creada;Troyano;Alta;Parcial;TFM-VI\V;Usuario activo
Hoy, 5/24/2026 7:47:27 AM;\\VBoxSvr\shared_data\raw\windows_powershell_bind_tcp.exe.reloc;Copia de seguridad creada;Se ha creado una copia de seguridad del objeto;HEUR:Trojan.Win32.Generic;;Archivo;\\VBoxSvr\shared_data\raw;windows_powershell_bind_tcp.exe.reloc;Copia de seguridad creada;Troyano;Alta;Análisis heurístico;TFM-VI\V;Usuario activo
Hoy, 5/24/2026 7:47:27 AM;\\VBoxSvr\shared_data\raw\windows_shell_bind_tcp.exe.text.rdata.reloc;Copia de seguridad creada;Se ha creado una copia de seguridad del objeto;HEUR:Trojan.Win32.Generic;;Archivo;\\VBoxSvr\shared_data\raw;windows_shell_bind_tcp.exe.text.rdata.reloc;Copia de seguridad creada;Troyano;Alta;Parcial;TFM-VI\V;Usuario activo
Hoy, 5/24/2026 7:47:27 AM;\\VBoxSvr\shared_data\raw\windows_shell_reverse_tcp_rc4.exe.data.reloc;Copia de seguridad creada;Se ha creado una copia de seguridad del objeto;HEUR:Trojan.Win32.Generic;;Archivo;\\VBoxSvr\shared_data\raw;windows_shell_reverse_tcp_rc4.exe.data.reloc;Copia de seguridad creada;Troyano;Alta;Parcial;TFM-VI\V;Usuario activo
Hoy, 5/24/2026 7:47:28 AM;\\VBoxSvr\shared_data\raw\windows_shell_bind_tcp.exe.rdata.data.reloc;Detectados;Objeto malicioso detectado;HEUR:Trojan.Win32.Generic;Hash;Archivo;\\VBoxSvr\shared_data\raw;windows_shell_bind_tcp.exe.rdata.data.reloc;Detectados;Troyano;Alta;Parcial;TFM-VI\V;Usuario activo
Hoy, 5/24/2026 7:47:28 AM;\\VBoxSvr\shared_data\raw\windows_shell_reverse_tcp_rc4.exe.text.rdata.reloc;Detectados;Objeto malicioso detectado;HEUR:Trojan.Win32.Generic;Hash;Archivo;\\VBoxSvr\shared_data\raw;windows_shell_reverse_tcp_rc4.exe.text.rdata.reloc;Detectados;Troyano;Alta;Parcial;TFM-VI\V;Usuario activo
Hoy, 5/24/2026 7:47:28 AM;\\VBoxSvr\shared_data\raw\windows_encrypted_shell_reverse_tcp.exe.text.data;Detectados;Objeto malicioso detectado;HEUR:Trojan.Win32.Generic;Hash;Archivo;\\VBoxSvr\shared_data\raw;windows_encrypted_shell_reverse_tcp.exe.text.data;Detectados;Troyano;Alta;Parcial;TFM-VI\V;Usuario activo
Hoy, 5/24/2026 7:47:28 AM;\\VBoxSvr\shared_data\raw\windows_shell_bind_tcp.exe.rdata.data.reloc;Eliminado;Objeto eliminado;HEUR:Trojan.Win32.Generic;;Archivo;\\VBoxSvr\shared_data\raw;windows_shell_bind_tcp.exe.rdata.data.reloc;Eliminado;Troyano;Alta;Parcial;TFM-VI\V;Usuario activo
Hoy, 5/24/2026 7:47:28 AM;\\VBoxSvr\shared_data\raw\windows_shell_reverse_tcp_rc4.exe.text.rdata.reloc;Eliminado;Objeto eliminado;HEUR:Trojan.Win32.Generic;;Archivo;\\VBoxSvr\shared_data\raw;windows_shell_reverse_tcp_rc4.exe.text.rdata.reloc;Eliminado;Troyano;Alta;Parcial;TFM-VI\V;Usuario activo
Hoy, 5/24/2026 7:47:28 AM;\\VBoxSvr\shared_data\raw\windows_encrypted_shell_reverse_tcp.exe.text.data;Eliminado;Objeto eliminado;HEUR:Trojan.Win32.Generic;;Archivo;\\VBoxSvr\shared_data\raw;windows_encrypted_shell_reverse_tcp.exe.text.data;Eliminado;Troyano;Alta;Parcial;TFM-VI\V;Usuario activo
Hoy, 5/24/2026 7:47:28 AM;\\VBoxSvr\shared_data\raw\windows_shell_bind_tcp.exe.rdata.data.reloc;Copia de seguridad creada;Se ha creado una copia de seguridad del objeto;HEUR:Trojan.Win32.Generic;;Archivo;\\VBoxSvr\shared_data\raw;windows_shell_bind_tcp.exe.rdata.data.reloc;Copia de seguridad creada;Troyano;Alta;Parcial;TFM-VI\V;Usuario activo
Hoy, 5/24/2026 7:47:28 AM;\\VBoxSvr\shared_data\raw\windows_shell_reverse_tcp_rc4.exe.text.rdata.reloc;Copia de seguridad creada;Se ha creado una copia de seguridad del objeto;HEUR:Trojan.Win32.Generic;;Archivo;\\VBoxSvr\shared_data\raw;windows_shell_reverse_tcp_rc4.exe.text.rdata.reloc;Copia de seguridad creada;Troyano;Alta;Parcial;TFM-VI\V;Usuario activo
Hoy, 5/24/2026 7:47:28 AM;\\VBoxSvr\shared_data\raw\windows_encrypted_shell_reverse_tcp.exe.text.data;Copia de seguridad creada;Se ha creado una copia de seguridad del objeto;HEUR:Trojan.Win32.Generic;;Archivo;\\VBoxSvr\shared_data\raw;windows_encrypted_shell_reverse_tcp.exe.text.data;Copia de seguridad creada;Troyano;Alta;Parcial;TFM-VI\V;Usuario activo
Hoy, 5/24/2026 7:47:29 AM;\\VBoxSvr\shared_data\raw\windows_meterpreter_reverse_https.exe.text.data.reloc;Detectados;Objeto malicioso detectado;HEUR:Trojan.Win32.Generic;Hash;Archivo;\\VBoxSvr\shared_data\raw;windows_meterpreter_reverse_https.exe.text.data.reloc;Detectados;Troyano;Alta;Parcial;TFM-VI\V;Usuario activo
Hoy, 5/24/2026 7:47:29 AM;\\VBoxSvr\shared_data\raw\windows_meterpreter_reverse_tcp.exe.rdata.data;Detectados;Objeto malicioso detectado;HEUR:Trojan.Win32.Generic;Hash;Archivo;\\VBoxSvr\shared_data\raw;windows_meterpreter_reverse_tcp.exe.rdata.data;Detectados;Troyano;Alta;Parcial;TFM-VI\V;Usuario activo
Hoy, 5/24/2026 7:47:29 AM;\\VBoxSvr\shared_data\raw\windows_meterpreter_reverse_https.exe.text.data.reloc;Eliminado;Objeto eliminado;HEUR:Trojan.Win32.Generic;;Archivo;\\VBoxSvr\shared_data\raw;windows_meterpreter_reverse_https.exe.text.data.reloc;Eliminado;Troyano;Alta;Parcial;TFM-VI\V;Usuario activo
Hoy, 5/24/2026 7:47:29 AM;\\VBoxSvr\shared_data\raw\windows_meterpreter_reverse_tcp.exe.rdata.data;Eliminado;Objeto eliminado;HEUR:Trojan.Win32.Generic;;Archivo;\\VBoxSvr\shared_data\raw;windows_meterpreter_reverse_tcp.exe.rdata.data;Eliminado;Troyano;Alta;Parcial;TFM-VI\V;Usuario activo
Hoy, 5/24/2026 7:47:29 AM;\\VBoxSvr\shared_data\raw\windows_meterpreter_reverse_https.exe.text.data.reloc;Copia de seguridad creada;Se ha creado una copia de seguridad del objeto;HEUR:Trojan.Win32.Generic;;Archivo;\\VBoxSvr\shared_data\raw;windows_meterpreter_reverse_https.exe.text.data.reloc;Copia de seguridad creada;Troyano;Alta;Parcial;TFM-VI\V;Usuario activo
Hoy, 5/24/2026 7:47:29 AM;\\VBoxSvr\shared_data\raw\windows_meterpreter_reverse_tcp.exe.rdata.data;Copia de seguridad creada;Se ha creado una copia de seguridad del objeto;HEUR:Trojan.Win32.Generic;;Archivo;\\VBoxSvr\shared_data\raw;windows_meterpreter_reverse_tcp.exe.rdata.data;Copia de seguridad creada;Troyano;Alta;Parcial;TFM-VI\V;Usuario activo
Hoy, 5/24/2026 7:47:30 AM;\\VBoxSvr\shared_data\raw\windows_meterpreter_reverse_https.exe.text.rdata.reloc;Detectados;Objeto malicioso detectado;HEUR:Trojan.Win32.Generic;Hash;Archivo;\\VBoxSvr\shared_data\raw;windows_meterpreter_reverse_https.exe.text.rdata.reloc;Detectados;Troyano;Alta;Parcial;TFM-VI\V;Usuario activo
Hoy, 5/24/2026 7:47:30 AM;\\VBoxSvr\shared_data\raw\windows_shell_hidden_bind_tcp.exe.text.rdata.data.reloc;Detectados;Objeto malicioso detectado;HEUR:Trojan.Win32.Generic;Hash;Archivo;\\VBoxSvr\shared_data\raw;windows_shell_hidden_bind_tcp.exe.text.rdata.data.reloc;Detectados;Troyano;Alta;Parcial;TFM-VI\V;Usuario activo
Hoy, 5/24/2026 7:47:30 AM;\\VBoxSvr\shared_data\raw\windows_shell_bind_hidden_ipknock_tcp.exe.text;Detectados;Objeto malicioso detectado;HEUR:Trojan.Win32.Generic;Hash;Archivo;\\VBoxSvr\shared_data\raw;windows_shell_bind_hidden_ipknock_tcp.exe.text;Detectados;Troyano;Alta;Parcial;TFM-VI\V;Usuario activo
Hoy, 5/24/2026 7:47:30 AM;\\VBoxSvr\shared_data\raw\windows_shell_bind_tcp.exe.text.rdata;Detectados;Objeto malicioso detectado;HEUR:Trojan.Win32.Generic;Hash;Archivo;\\VBoxSvr\shared_data\raw;windows_shell_bind_tcp.exe.text.rdata;Detectados;Troyano;Alta;Parcial;TFM-VI\V;Usuario activo
Hoy, 5/24/2026 7:47:30 AM;\\VBoxSvr\shared_data\raw\windows_shell_reverse_tcp_rc4.exe._header_.text.rdata;Detectados;Objeto malicioso detectado;HEUR:Trojan.Win32.Shella.gen;Hash;Archivo;\\VBoxSvr\shared_data\raw;windows_shell_reverse_tcp_rc4.exe._header_.text.rdata;Detectados;Troyano;Alta;Análisis heurístico;TFM-VI\V;Usuario activo
Hoy, 5/24/2026 7:47:30 AM;\\VBoxSvr\shared_data\raw\windows_meterpreter_reverse_https.exe.text.rdata.reloc;Eliminado;Objeto eliminado;HEUR:Trojan.Win32.Generic;;Archivo;\\VBoxSvr\shared_data\raw;windows_meterpreter_reverse_https.exe.text.rdata.reloc;Eliminado;Troyano;Alta;Parcial;TFM-VI\V;Usuario activo
Hoy, 5/24/2026 7:47:30 AM;\\VBoxSvr\shared_data\raw\windows_shell_hidden_bind_tcp.exe.text.rdata.data.reloc;Eliminado;Objeto eliminado;HEUR:Trojan.Win32.Generic;;Archivo;\\VBoxSvr\shared_data\raw;windows_shell_hidden_bind_tcp.exe.text.rdata.data.reloc;Eliminado;Troyano;Alta;Parcial;TFM-VI\V;Usuario activo
Hoy, 5/24/2026 7:47:30 AM;\\VBoxSvr\shared_data\raw\windows_shell_bind_hidden_ipknock_tcp.exe.text;Eliminado;Objeto eliminado;HEUR:Trojan.Win32.Generic;;Archivo;\\VBoxSvr\shared_data\raw;windows_shell_bind_hidden_ipknock_tcp.exe.text;Eliminado;Troyano;Alta;Parcial;TFM-VI\V;Usuario activo
Hoy, 5/24/2026 7:47:30 AM;\\VBoxSvr\shared_data\raw\windows_shell_bind_tcp.exe.text.rdata;Eliminado;Objeto eliminado;HEUR:Trojan.Win32.Generic;;Archivo;\\VBoxSvr\shared_data\raw;windows_shell_bind_tcp.exe.text.rdata;Eliminado;Troyano;Alta;Parcial;TFM-VI\V;Usuario activo
Hoy, 5/24/2026 7:47:30 AM;\\VBoxSvr\shared_data\raw\windows_shell_reverse_tcp_rc4.exe._header_.text.rdata;Eliminado;Objeto eliminado;HEUR:Trojan.Win32.Shella.gen;;Archivo;\\VBoxSvr\shared_data\raw;windows_shell_reverse_tcp_rc4.exe._header_.text.rdata;Eliminado;Troyano;Alta;Análisis heurístico;TFM-VI\V;Usuario activo
Hoy, 5/24/2026 7:47:30 AM;\\VBoxSvr\shared_data\raw\windows_meterpreter_reverse_https.exe.text.rdata.reloc;Copia de seguridad creada;Se ha creado una copia de seguridad del objeto;HEUR:Trojan.Win32.Generic;;Archivo;\\VBoxSvr\shared_data\raw;windows_meterpreter_reverse_https.exe.text.rdata.reloc;Copia de seguridad creada;Troyano;Alta;Parcial;TFM-VI\V;Usuario activo
Hoy, 5/24/2026 7:47:30 AM;\\VBoxSvr\shared_data\raw\windows_shell_hidden_bind_tcp.exe.text.rdata.data.reloc;Copia de seguridad creada;Se ha creado una copia de seguridad del objeto;HEUR:Trojan.Win32.Generic;;Archivo;\\VBoxSvr\shared_data\raw;windows_shell_hidden_bind_tcp.exe.text.rdata.data.reloc;Copia de seguridad creada;Troyano;Alta;Parcial;TFM-VI\V;Usuario activo
Hoy, 5/24/2026 7:47:30 AM;\\VBoxSvr\shared_data\raw\windows_shell_bind_hidden_ipknock_tcp.exe.text;Copia de seguridad creada;Se ha creado una copia de seguridad del objeto;HEUR:Trojan.Win32.Generic;;Archivo;\\VBoxSvr\shared_data\raw;windows_shell_bind_hidden_ipknock_tcp.exe.text;Copia de seguridad creada;Troyano;Alta;Parcial;TFM-VI\V;Usuario activo
Hoy, 5/24/2026 7:47:30 AM;\\VBoxSvr\shared_data\raw\windows_shell_bind_tcp.exe.text.rdata;Copia de seguridad creada;Se ha creado una copia de seguridad del objeto;HEUR:Trojan.Win32.Generic;;Archivo;\\VBoxSvr\shared_data\raw;windows_shell_bind_tcp.exe.text.rdata;Copia de seguridad creada;Troyano;Alta;Parcial;TFM-VI\V;Usuario activo
Hoy, 5/24/2026 7:47:30 AM;\\VBoxSvr\shared_data\raw\windows_shell_reverse_tcp_rc4.exe._header_.text.rdata;Copia de seguridad creada;Se ha creado una copia de seguridad del objeto;HEUR:Trojan.Win32.Shella.gen;;Archivo;\\VBoxSvr\shared_data\raw;windows_shell_reverse_tcp_rc4.exe._header_.text.rdata;Copia de seguridad creada;Troyano;Alta;Análisis heurístico;TFM-VI\V;Usuario activo
Hoy, 5/24/2026 7:47:31 AM;\\VBoxSvr\shared_data\raw\windows_meterpreter_reverse_https.exe.text;Detectados;Objeto malicioso detectado;HEUR:Trojan.Win32.Generic;Hash;Archivo;\\VBoxSvr\shared_data\raw;windows_meterpreter_reverse_https.exe.text;Detectados;Troyano;Alta;Parcial;TFM-VI\V;Usuario activo
Hoy, 5/24/2026 7:47:31 AM;\\VBoxSvr\shared_data\raw\windows_shell_bind_tcp.exe._header_.text;Detectados;Objeto malicioso detectado;HEUR:Trojan.Win32.Shelma.gen;Hash;Archivo;\\VBoxSvr\shared_data\raw;windows_shell_bind_tcp.exe._header_.text;Detectados;Troyano;Alta;Análisis heurístico;TFM-VI\V;Usuario activo
Hoy, 5/24/2026 7:47:31 AM;\\VBoxSvr\shared_data\raw\windows_shell_bind_tcp.exe._header_.rdata.reloc;Detectados;Objeto malicioso detectado;HEUR:Trojan.Win32.Shelma.gen;Hash;Archivo;\\VBoxSvr\shared_data\raw;windows_shell_bind_tcp.exe._header_.rdata.reloc;Detectados;Troyano;Alta;Análisis heurístico;TFM-VI\V;Usuario activo
Hoy, 5/24/2026 7:47:31 AM;\\VBoxSvr\shared_data\raw\windows_meterpreter_reverse_https.exe.text;Eliminado;Objeto eliminado;HEUR:Trojan.Win32.Generic;;Archivo;\\VBoxSvr\shared_data\raw;windows_meterpreter_reverse_https.exe.text;Eliminado;Troyano;Alta;Parcial;TFM-VI\V;Usuario activo
Hoy, 5/24/2026 7:47:31 AM;\\VBoxSvr\shared_data\raw\windows_shell_bind_tcp.exe._header_.text;Eliminado;Objeto eliminado;HEUR:Trojan.Win32.Shelma.gen;;Archivo;\\VBoxSvr\shared_data\raw;windows_shell_bind_tcp.exe._header_.text;Eliminado;Troyano;Alta;Análisis heurístico;TFM-VI\V;Usuario activo
Hoy, 5/24/2026 7:47:31 AM;\\VBoxSvr\shared_data\raw\windows_shell_bind_tcp.exe._header_.rdata.reloc;Eliminado;Objeto eliminado;HEUR:Trojan.Win32.Shelma.gen;;Archivo;\\VBoxSvr\shared_data\raw;windows_shell_bind_tcp.exe._header_.rdata.reloc;Eliminado;Troyano;Alta;Análisis heurístico;TFM-VI\V;Usuario activo
Hoy, 5/24/2026 7:47:31 AM;\\VBoxSvr\shared_data\raw\windows_meterpreter_reverse_https.exe.text;Copia de seguridad creada;Se ha creado una copia de seguridad del objeto;HEUR:Trojan.Win32.Generic;;Archivo;\\VBoxSvr\shared_data\raw;windows_meterpreter_reverse_https.exe.text;Copia de seguridad creada;Troyano;Alta;Parcial;TFM-VI\V;Usuario activo
Hoy, 5/24/2026 7:47:31 AM;\\VBoxSvr\shared_data\raw\windows_shell_bind_tcp.exe._header_.text;Copia de seguridad creada;Se ha creado una copia de seguridad del objeto;HEUR:Trojan.Win32.Shelma.gen;;Archivo;\\VBoxSvr\shared_data\raw;windows_shell_bind_tcp.exe._header_.text;Copia de seguridad creada;Troyano;Alta;Análisis heurístico;TFM-VI\V;Usuario activo
Hoy, 5/24/2026 7:47:31 AM;\\VBoxSvr\shared_data\raw\windows_shell_bind_tcp.exe._header_.rdata.reloc;Copia de seguridad creada;Se ha creado una copia de seguridad del objeto;HEUR:Trojan.Win32.Shelma.gen;;Archivo;\\VBoxSvr\shared_data\raw;windows_shell_bind_tcp.exe._header_.rdata.reloc;Copia de seguridad creada;Troyano;Alta;Análisis heurístico;TFM-VI\V;Usuario activo
Hoy, 5/24/2026 7:47:32 AM;\\VBoxSvr\shared_data\raw\windows_shell_bind_tcp.exe._header_.text.rdata.reloc;Detectados;Objeto malicioso detectado;HEUR:Trojan.Win32.Shelma.gen;Hash;Archivo;\\VBoxSvr\shared_data\raw;windows_shell_bind_tcp.exe._header_.text.rdata.reloc;Detectados;Troyano;Alta;Análisis heurístico;TFM-VI\V;Usuario activo
Hoy, 5/24/2026 7:47:32 AM;\\VBoxSvr\shared_data\raw\windows_shell_bind_tcp.exe._header_.text.rdata.reloc;Eliminado;Objeto eliminado;HEUR:Trojan.Win32.Shelma.gen;;Archivo;\\VBoxSvr\shared_data\raw;windows_shell_bind_tcp.exe._header_.text.rdata.reloc;Eliminado;Troyano;Alta;Análisis heurístico;TFM-VI\V;Usuario activo
Hoy, 5/24/2026 7:47:32 AM;\\VBoxSvr\shared_data\raw\windows_shell_bind_tcp.exe._header_.text.rdata.reloc;Copia de seguridad creada;Se ha creado una copia de seguridad del objeto;HEUR:Trojan.Win32.Shelma.gen;;Archivo;\\VBoxSvr\shared_data\raw;windows_shell_bind_tcp.exe._header_.text.rdata.reloc;Copia de seguridad creada;Troyano;Alta;Análisis heurístico;TFM-VI\V;Usuario activo
Hoy, 5/24/2026 7:47:33 AM;\\VBoxSvr\shared_data\raw\windows_meterpreter_reverse_http.exe.rdata.reloc;Detectados;Objeto malicioso detectado;HEUR:Trojan.Win32.Generic;Hash;Archivo;\\VBoxSvr\shared_data\raw;windows_meterpreter_reverse_http.exe.rdata.reloc;Detectados;Troyano;Alta;Parcial;TFM-VI\V;Usuario activo
Hoy, 5/24/2026 7:47:33 AM;\\VBoxSvr\shared_data\raw\windows_meterpreter_reverse_http.exe.rdata.reloc;Copia de seguridad creada;Se ha creado una copia de seguridad del objeto;HEUR:Trojan.Win32.Generic;;Archivo;\\VBoxSvr\shared_data\raw;windows_meterpreter_reverse_http.exe.rdata.reloc;Copia de seguridad creada;Troyano;Alta;Parcial;TFM-VI\V;Usuario activo
Hoy, 5/24/2026 7:47:33 AM;\\VBoxSvr\shared_data\raw\windows_shell_bind_hidden_ipknock_tcp.exe.reloc;Detectados;Objeto malicioso detectado;HEUR:Trojan.Win32.Generic;Hash;Archivo;\\VBoxSvr\shared_data\raw;windows_shell_bind_hidden_ipknock_tcp.exe.reloc;Detectados;Troyano;Alta;Parcial;TFM-VI\V;Usuario activo
Hoy, 5/24/2026 7:47:33 AM;\\VBoxSvr\shared_data\raw\windows_encrypted_shell_reverse_tcp.exe.rdata;Detectados;Objeto malicioso detectado;HEUR:Trojan.Win32.Generic;Hash;Archivo;\\VBoxSvr\shared_data\raw;windows_encrypted_shell_reverse_tcp.exe.rdata;Detectados;Troyano;Alta;Parcial;TFM-VI\V;Usuario activo
Hoy, 5/24/2026 7:47:33 AM;\\VBoxSvr\shared_data\raw\windows_shell_hidden_bind_tcp.exe.text.rdata;Detectados;Objeto malicioso detectado;HEUR:Trojan.Win32.Generic;Hash;Archivo;\\VBoxSvr\shared_data\raw;windows_shell_hidden_bind_tcp.exe.text.rdata;Detectados;Troyano;Alta;Parcial;TFM-VI\V;Usuario activo
Hoy, 5/24/2026 7:47:33 AM;\\VBoxSvr\shared_data\raw\windows_shell_bind_tcp.exe.text.data.reloc;Detectados;Objeto malicioso detectado;HEUR:Trojan.Win32.Generic;Hash;Archivo;\\VBoxSvr\shared_data\raw;windows_shell_bind_tcp.exe.text.data.reloc;Detectados;Troyano;Alta;Parcial;TFM-VI\V;Usuario activo
Hoy, 5/24/2026 7:47:33 AM;\\VBoxSvr\shared_data\raw\windows_meterpreter_reverse_http.exe.rdata.reloc;Eliminado;Objeto eliminado;HEUR:Trojan.Win32.Generic;;Archivo;\\VBoxSvr\shared_data\raw;windows_meterpreter_reverse_http.exe.rdata.reloc;Eliminado;Troyano;Alta;Parcial;TFM-VI\V;Usuario activo
Hoy, 5/24/2026 7:47:33 AM;\\VBoxSvr\shared_data\raw\windows_shell_bind_hidden_ipknock_tcp.exe.reloc;Eliminado;Objeto eliminado;HEUR:Trojan.Win32.Generic;;Archivo;\\VBoxSvr\shared_data\raw;windows_shell_bind_hidden_ipknock_tcp.exe.reloc;Eliminado;Troyano;Alta;Parcial;TFM-VI\V;Usuario activo
Hoy, 5/24/2026 7:47:33 AM;\\VBoxSvr\shared_data\raw\windows_encrypted_shell_reverse_tcp.exe.rdata;Eliminado;Objeto eliminado;HEUR:Trojan.Win32.Generic;;Archivo;\\VBoxSvr\shared_data\raw;windows_encrypted_shell_reverse_tcp.exe.rdata;Eliminado;Troyano;Alta;Parcial;TFM-VI\V;Usuario activo
Hoy, 5/24/2026 7:47:33 AM;\\VBoxSvr\shared_data\raw\windows_shell_hidden_bind_tcp.exe.text.rdata;Eliminado;Objeto eliminado;HEUR:Trojan.Win32.Generic;;Archivo;\\VBoxSvr\shared_data\raw;windows_shell_hidden_bind_tcp.exe.text.rdata;Eliminado;Troyano;Alta;Parcial;TFM-VI\V;Usuario activo
Hoy, 5/24/2026 7:47:34 AM;\\VBoxSvr\shared_data\raw\windows_shell_bind_tcp.exe.text.data.reloc;Eliminado;Objeto eliminado;HEUR:Trojan.Win32.Generic;;Archivo;\\VBoxSvr\shared_data\raw;windows_shell_bind_tcp.exe.text.data.reloc;Eliminado;Troyano;Alta;Parcial;TFM-VI\V;Usuario activo
Hoy, 5/24/2026 7:47:33 AM;\\VBoxSvr\shared_data\raw\windows_shell_bind_hidden_ipknock_tcp.exe.reloc;Copia de seguridad creada;Se ha creado una copia de seguridad del objeto;HEUR:Trojan.Win32.Generic;;Archivo;\\VBoxSvr\shared_data\raw;windows_shell_bind_hidden_ipknock_tcp.exe.reloc;Copia de seguridad creada;Troyano;Alta;Parcial;TFM-VI\V;Usuario activo
Hoy, 5/24/2026 7:47:33 AM;\\VBoxSvr\shared_data\raw\windows_encrypted_shell_reverse_tcp.exe.rdata;Copia de seguridad creada;Se ha creado una copia de seguridad del objeto;HEUR:Trojan.Win32.Generic;;Archivo;\\VBoxSvr\shared_data\raw;windows_encrypted_shell_reverse_tcp.exe.rdata;Copia de seguridad creada;Troyano;Alta;Parcial;TFM-VI\V;Usuario activo
Hoy, 5/24/2026 7:47:33 AM;\\VBoxSvr\shared_data\raw\windows_shell_hidden_bind_tcp.exe.text.rdata;Copia de seguridad creada;Se ha creado una copia de seguridad del objeto;HEUR:Trojan.Win32.Generic;;Archivo;\\VBoxSvr\shared_data\raw;windows_shell_hidden_bind_tcp.exe.text.rdata;Copia de seguridad creada;Troyano;Alta;Parcial;TFM-VI\V;Usuario activo
Hoy, 5/24/2026 7:47:33 AM;\\VBoxSvr\shared_data\raw\windows_shell_bind_tcp.exe.text.data.reloc;Copia de seguridad creada;Se ha creado una copia de seguridad del objeto;HEUR:Trojan.Win32.Generic;;Archivo;\\VBoxSvr\shared_data\raw;windows_shell_bind_tcp.exe.text.data.reloc;Copia de seguridad creada;Troyano;Alta;Parcial;TFM-VI\V;Usuario activo
Hoy, 5/24/2026 7:47:34 AM;\\VBoxSvr\shared_data\raw\windows_shell_reverse_tcp_rc4.exe.text.rdata;Detectados;Objeto malicioso detectado;HEUR:Trojan.Win32.Generic;Hash;Archivo;\\VBoxSvr\shared_data\raw;windows_shell_reverse_tcp_rc4.exe.text.rdata;Detectados;Troyano;Alta;Parcial;TFM-VI\V;Usuario activo
Hoy, 5/24/2026 7:47:34 AM;\\VBoxSvr\shared_data\raw\windows_shell_hidden_bind_tcp.exe.text.reloc;Detectados;Objeto malicioso detectado;HEUR:Trojan.Win32.Generic;Hash;Archivo;\\VBoxSvr\shared_data\raw;windows_shell_hidden_bind_tcp.exe.text.reloc;Detectados;Troyano;Alta;Parcial;TFM-VI\V;Usuario activo
Hoy, 5/24/2026 7:47:34 AM;\\VBoxSvr\shared_data\raw\windows_shell_bind_tcp.exe._header_.text.rdata.data.reloc;Detectados;Objeto malicioso detectado;HEUR:Trojan.Win32.Shelma.gen;Hash;Archivo;\\VBoxSvr\shared_data\raw;windows_shell_bind_tcp.exe._header_.text.rdata.data.reloc;Detectados;Troyano;Alta;Análisis heurístico;TFM-VI\V;Usuario activo
Hoy, 5/24/2026 7:47:34 AM;\\VBoxSvr\shared_data\raw\windows_shell_hidden_bind_tcp.exe.text.rdata.data;Detectados;Objeto malicioso detectado;HEUR:Trojan.Win32.Generic;Hash;Archivo;\\VBoxSvr\shared_data\raw;windows_shell_hidden_bind_tcp.exe.text.rdata.data;Detectados;Troyano;Alta;Parcial;TFM-VI\V;Usuario activo
Hoy, 5/24/2026 7:47:34 AM;\\VBoxSvr\shared_data\raw\windows_shell_reverse_tcp_rc4.exe.text.rdata;Eliminado;Objeto eliminado;HEUR:Trojan.Win32.Generic;;Archivo;\\VBoxSvr\shared_data\raw;windows_shell_reverse_tcp_rc4.exe.text.rdata;Eliminado;Troyano;Alta;Parcial;TFM-VI\V;Usuario activo
Hoy, 5/24/2026 7:47:34 AM;\\VBoxSvr\shared_data\raw\windows_shell_hidden_bind_tcp.exe.text.reloc;Eliminado;Objeto eliminado;HEUR:Trojan.Win32.Generic;;Archivo;\\VBoxSvr\shared_data\raw;windows_shell_hidden_bind_tcp.exe.text.reloc;Eliminado;Troyano;Alta;Parcial;TFM-VI\V;Usuario activo
Hoy, 5/24/2026 7:47:34 AM;\\VBoxSvr\shared_data\raw\windows_shell_bind_tcp.exe._header_.text.rdata.data.reloc;Eliminado;Objeto eliminado;HEUR:Trojan.Win32.Shelma.gen;;Archivo;\\VBoxSvr\shared_data\raw;windows_shell_bind_tcp.exe._header_.text.rdata.data.reloc;Eliminado;Troyano;Alta;Análisis heurístico;TFM-VI\V;Usuario activo
Hoy, 5/24/2026 7:47:34 AM;\\VBoxSvr\shared_data\raw\windows_shell_hidden_bind_tcp.exe.text.rdata.data;Eliminado;Objeto eliminado;HEUR:Trojan.Win32.Generic;;Archivo;\\VBoxSvr\shared_data\raw;windows_shell_hidden_bind_tcp.exe.text.rdata.data;Eliminado;Troyano;Alta;Parcial;TFM-VI\V;Usuario activo
Hoy, 5/24/2026 7:47:34 AM;\\VBoxSvr\shared_data\raw\windows_shell_reverse_tcp_rc4.exe.text.rdata;Copia de seguridad creada;Se ha creado una copia de seguridad del objeto;HEUR:Trojan.Win32.Generic;;Archivo;\\VBoxSvr\shared_data\raw;windows_shell_reverse_tcp_rc4.exe.text.rdata;Copia de seguridad creada;Troyano;Alta;Parcial;TFM-VI\V;Usuario activo
Hoy, 5/24/2026 7:47:34 AM;\\VBoxSvr\shared_data\raw\windows_shell_hidden_bind_tcp.exe.text.reloc;Copia de seguridad creada;Se ha creado una copia de seguridad del objeto;HEUR:Trojan.Win32.Generic;;Archivo;\\VBoxSvr\shared_data\raw;windows_shell_hidden_bind_tcp.exe.text.reloc;Copia de seguridad creada;Troyano;Alta;Parcial;TFM-VI\V;Usuario activo
Hoy, 5/24/2026 7:47:34 AM;\\VBoxSvr\shared_data\raw\windows_shell_bind_tcp.exe._header_.text.rdata.data.reloc;Copia de seguridad creada;Se ha creado una copia de seguridad del objeto;HEUR:Trojan.Win32.Shelma.gen;;Archivo;\\VBoxSvr\shared_data\raw;windows_shell_bind_tcp.exe._header_.text.rdata.data.reloc;Copia de seguridad creada;Troyano;Alta;Análisis heurístico;TFM-VI\V;Usuario activo
Hoy, 5/24/2026 7:47:34 AM;\\VBoxSvr\shared_data\raw\windows_shell_hidden_bind_tcp.exe.text.rdata.data;Copia de seguridad creada;Se ha creado una copia de seguridad del objeto;HEUR:Trojan.Win32.Generic;;Archivo;\\VBoxSvr\shared_data\raw;windows_shell_hidden_bind_tcp.exe.text.rdata.data;Copia de seguridad creada;Troyano;Alta;Parcial;TFM-VI\V;Usuario activo
Hoy, 5/24/2026 7:47:35 AM;\\VBoxSvr\shared_data\raw\windows_meterpreter_reverse_https.exe.rdata.data.reloc;Detectados;Objeto malicioso detectado;HEUR:Trojan.Win32.Generic;Hash;Archivo;\\VBoxSvr\shared_data\raw;windows_meterpreter_reverse_https.exe.rdata.data.reloc;Detectados;Troyano;Alta;Parcial;TFM-VI\V;Usuario activo
Hoy, 5/24/2026 7:47:35 AM;\\VBoxSvr\shared_data\raw\windows_shell_bind_hidden_ipknock_tcp.exe.text.data;Detectados;Objeto malicioso detectado;HEUR:Trojan.Win32.Generic;Hash;Archivo;\\VBoxSvr\shared_data\raw;windows_shell_bind_hidden_ipknock_tcp.exe.text.data;Detectados;Troyano;Alta;Parcial;TFM-VI\V;Usuario activo
Hoy, 5/24/2026 7:47:35 AM;\\VBoxSvr\shared_data\raw\windows_shell_bind_tcp.exe.text;Detectados;Objeto malicioso detectado;HEUR:Trojan.Win32.Generic;Hash;Archivo;\\VBoxSvr\shared_data\raw;windows_shell_bind_tcp.exe.text;Detectados;Troyano;Alta;Parcial;TFM-VI\V;Usuario activo
Hoy, 5/24/2026 7:47:35 AM;\\VBoxSvr\shared_data\raw\windows_shell_bind_tcp.exe._header_;Detectados;Objeto malicioso detectado;HEUR:Trojan.Win32.Shelma.gen;Hash;Archivo;\\VBoxSvr\shared_data\raw;windows_shell_bind_tcp.exe._header_;Detectados;Troyano;Alta;Análisis heurístico;TFM-VI\V;Usuario activo
Hoy, 5/24/2026 7:47:35 AM;\\VBoxSvr\shared_data\raw\windows_meterpreter_reverse_https.exe.rdata.data.reloc;Eliminado;Objeto eliminado;HEUR:Trojan.Win32.Generic;;Archivo;\\VBoxSvr\shared_data\raw;windows_meterpreter_reverse_https.exe.rdata.data.reloc;Eliminado;Troyano;Alta;Parcial;TFM-VI\V;Usuario activo
Hoy, 5/24/2026 7:47:35 AM;\\VBoxSvr\shared_data\raw\windows_shell_bind_hidden_ipknock_tcp.exe.text.data;Eliminado;Objeto eliminado;HEUR:Trojan.Win32.Generic;;Archivo;\\VBoxSvr\shared_data\raw;windows_shell_bind_hidden_ipknock_tcp.exe.text.data;Eliminado;Troyano;Alta;Parcial;TFM-VI\V;Usuario activo
Hoy, 5/24/2026 7:47:35 AM;\\VBoxSvr\shared_data\raw\windows_shell_bind_tcp.exe.text;Eliminado;Objeto eliminado;HEUR:Trojan.Win32.Generic;;Archivo;\\VBoxSvr\shared_data\raw;windows_shell_bind_tcp.exe.text;Eliminado;Troyano;Alta;Parcial;TFM-VI\V;Usuario activo
Hoy, 5/24/2026 7:47:35 AM;\\VBoxSvr\shared_data\raw\windows_shell_bind_tcp.exe._header_;Eliminado;Objeto eliminado;HEUR:Trojan.Win32.Shelma.gen;;Archivo;\\VBoxSvr\shared_data\raw;windows_shell_bind_tcp.exe._header_;Eliminado;Troyano;Alta;Análisis heurístico;TFM-VI\V;Usuario activo
Hoy, 5/24/2026 7:47:35 AM;\\VBoxSvr\shared_data\raw\windows_meterpreter_reverse_https.exe.rdata.data.reloc;Copia de seguridad creada;Se ha creado una copia de seguridad del objeto;HEUR:Trojan.Win32.Generic;;Archivo;\\VBoxSvr\shared_data\raw;windows_meterpreter_reverse_https.exe.rdata.data.reloc;Copia de seguridad creada;Troyano;Alta;Parcial;TFM-VI\V;Usuario activo
Hoy, 5/24/2026 7:47:35 AM;\\VBoxSvr\shared_data\raw\windows_shell_bind_hidden_ipknock_tcp.exe.text.data;Copia de seguridad creada;Se ha creado una copia de seguridad del objeto;HEUR:Trojan.Win32.Generic;;Archivo;\\VBoxSvr\shared_data\raw;windows_shell_bind_hidden_ipknock_tcp.exe.text.data;Copia de seguridad creada;Troyano;Alta;Parcial;TFM-VI\V;Usuario activo
Hoy, 5/24/2026 7:47:35 AM;\\VBoxSvr\shared_data\raw\windows_shell_bind_tcp.exe.text;Copia de seguridad creada;Se ha creado una copia de seguridad del objeto;HEUR:Trojan.Win32.Generic;;Archivo;\\VBoxSvr\shared_data\raw;windows_shell_bind_tcp.exe.text;Copia de seguridad creada;Troyano;Alta;Parcial;TFM-VI\V;Usuario activo
Hoy, 5/24/2026 7:47:35 AM;\\VBoxSvr\shared_data\raw\windows_shell_bind_tcp.exe._header_;Copia de seguridad creada;Se ha creado una copia de seguridad del objeto;HEUR:Trojan.Win32.Shelma.gen;;Archivo;\\VBoxSvr\shared_data\raw;windows_shell_bind_tcp.exe._header_;Copia de seguridad creada;Troyano;Alta;Análisis heurístico;TFM-VI\V;Usuario activo
Hoy, 5/24/2026 7:47:36 AM;\\VBoxSvr\shared_data\raw\windows_meterpreter_reverse_tcp.exe.data.reloc;Detectados;Objeto malicioso detectado;HEUR:Trojan.Win32.Generic;Hash;Archivo;\\VBoxSvr\shared_data\raw;windows_meterpreter_reverse_tcp.exe.data.reloc;Detectados;Troyano;Alta;Parcial;TFM-VI\V;Usuario activo
Hoy, 5/24/2026 7:47:36 AM;\\VBoxSvr\shared_data\raw\windows_meterpreter_reverse_http.exe.text.rdata.data.reloc;Detectados;Objeto malicioso detectado;HEUR:Trojan.Win32.Generic;Hash;Archivo;\\VBoxSvr\shared_data\raw;windows_meterpreter_reverse_http.exe.text.rdata.data.reloc;Detectados;Troyano;Alta;Parcial;TFM-VI\V;Usuario activo
Hoy, 5/24/2026 7:47:36 AM;\\VBoxSvr\shared_data\raw\windows_shell_bind_tcp.exe.rdata.data;Detectados;Objeto malicioso detectado;HEUR:Trojan.Win32.Generic;Hash;Archivo;\\VBoxSvr\shared_data\raw;windows_shell_bind_tcp.exe.rdata.data;Detectados;Troyano;Alta;Parcial;TFM-VI\V;Usuario activo
Hoy, 5/24/2026 7:47:36 AM;\\VBoxSvr\shared_data\raw\windows_meterpreter_reverse_tcp.exe.data.reloc;Eliminado;Objeto eliminado;HEUR:Trojan.Win32.Generic;;Archivo;\\VBoxSvr\shared_data\raw;windows_meterpreter_reverse_tcp.exe.data.reloc;Eliminado;Troyano;Alta;Parcial;TFM-VI\V;Usuario activo
Hoy, 5/24/2026 7:47:36 AM;\\VBoxSvr\shared_data\raw\windows_meterpreter_reverse_http.exe.text.rdata.data.reloc;Eliminado;Objeto eliminado;HEUR:Trojan.Win32.Generic;;Archivo;\\VBoxSvr\shared_data\raw;windows_meterpreter_reverse_http.exe.text.rdata.data.reloc;Eliminado;Troyano;Alta;Parcial;TFM-VI\V;Usuario activo
Hoy, 5/24/2026 7:47:36 AM;\\VBoxSvr\shared_data\raw\windows_shell_bind_tcp.exe.rdata.data;Eliminado;Objeto eliminado;HEUR:Trojan.Win32.Generic;;Archivo;\\VBoxSvr\shared_data\raw;windows_shell_bind_tcp.exe.rdata.data;Eliminado;Troyano;Alta;Parcial;TFM-VI\V;Usuario activo
Hoy, 5/24/2026 7:47:36 AM;\\VBoxSvr\shared_data\raw\windows_meterpreter_reverse_tcp.exe.data.reloc;Copia de seguridad creada;Se ha creado una copia de seguridad del objeto;HEUR:Trojan.Win32.Generic;;Archivo;\\VBoxSvr\shared_data\raw;windows_meterpreter_reverse_tcp.exe.data.reloc;Copia de seguridad creada;Troyano;Alta;Parcial;TFM-VI\V;Usuario activo
Hoy, 5/24/2026 7:47:36 AM;\\VBoxSvr\shared_data\raw\windows_meterpreter_reverse_http.exe.text.rdata.data.reloc;Copia de seguridad creada;Se ha creado una copia de seguridad del objeto;HEUR:Trojan.Win32.Generic;;Archivo;\\VBoxSvr\shared_data\raw;windows_meterpreter_reverse_http.exe.text.rdata.data.reloc;Copia de seguridad creada;Troyano;Alta;Parcial;TFM-VI\V;Usuario activo
Hoy, 5/24/2026 7:47:36 AM;\\VBoxSvr\shared_data\raw\windows_shell_bind_tcp.exe.rdata.data;Copia de seguridad creada;Se ha creado una copia de seguridad del objeto;HEUR:Trojan.Win32.Generic;;Archivo;\\VBoxSvr\shared_data\raw;windows_shell_bind_tcp.exe.rdata.data;Copia de seguridad creada;Troyano;Alta;Parcial;TFM-VI\V;Usuario activo
Hoy, 5/24/2026 7:47:37 AM;\\VBoxSvr\shared_data\raw\windows_shell_bind_tcp.exe;Detectados;Objeto malicioso detectado;HEUR:Trojan.Win32.Generic;Hash;Archivo;\\VBoxSvr\shared_data\raw;windows_shell_bind_tcp.exe;Detectados;Troyano;Alta;Parcial;TFM-VI\V;Usuario activo
Hoy, 5/24/2026 7:47:37 AM;\\VBoxSvr\shared_data\raw\windows_encrypted_shell_reverse_tcp.exe.text.rdata.data;Detectados;Objeto malicioso detectado;HEUR:Trojan.Win32.Generic;Hash;Archivo;\\VBoxSvr\shared_data\raw;windows_encrypted_shell_reverse_tcp.exe.text.rdata.data;Detectados;Troyano;Alta;Parcial;TFM-VI\V;Usuario activo
Hoy, 5/24/2026 7:47:37 AM;\\VBoxSvr\shared_data\raw\windows_pingback_bind_tcp.exe.text.rdata.data;Detectados;Objeto malicioso detectado;HEUR:Trojan.Win32.Generic;Hash;Archivo;\\VBoxSvr\shared_data\raw;windows_pingback_bind_tcp.exe.text.rdata.data;Detectados;Troyano;Alta;Parcial;TFM-VI\V;Usuario activo
Hoy, 5/24/2026 7:47:38 AM;\\VBoxSvr\shared_data\raw\windows_meterpreter_reverse_http.exe.text.rdata;Detectados;Objeto malicioso detectado;HEUR:Trojan.Win32.Generic;Hash;Archivo;\\VBoxSvr\shared_data\raw;windows_meterpreter_reverse_http.exe.text.rdata;Detectados;Troyano;Alta;Parcial;TFM-VI\V;Usuario activo
Hoy, 5/24/2026 7:47:37 AM;\\VBoxSvr\shared_data\raw\windows_shell_bind_tcp.exe;Eliminado;Objeto eliminado;HEUR:Trojan.Win32.Generic;;Archivo;\\VBoxSvr\shared_data\raw;windows_shell_bind_tcp.exe;Eliminado;Troyano;Alta;Parcial;TFM-VI\V;Usuario activo
Hoy, 5/24/2026 7:47:37 AM;\\VBoxSvr\shared_data\raw\windows_encrypted_shell_reverse_tcp.exe.text.rdata.data;Eliminado;Objeto eliminado;HEUR:Trojan.Win32.Generic;;Archivo;\\VBoxSvr\shared_data\raw;windows_encrypted_shell_reverse_tcp.exe.text.rdata.data;Eliminado;Troyano;Alta;Parcial;TFM-VI\V;Usuario activo
Hoy, 5/24/2026 7:47:37 AM;\\VBoxSvr\shared_data\raw\windows_pingback_bind_tcp.exe.text.rdata.data;Eliminado;Objeto eliminado;HEUR:Trojan.Win32.Generic;;Archivo;\\VBoxSvr\shared_data\raw;windows_pingback_bind_tcp.exe.text.rdata.data;Eliminado;Troyano;Alta;Parcial;TFM-VI\V;Usuario activo
Hoy, 5/24/2026 7:47:37 AM;\\VBoxSvr\shared_data\raw\windows_shell_bind_tcp.exe;Copia de seguridad creada;Se ha creado una copia de seguridad del objeto;HEUR:Trojan.Win32.Generic;;Archivo;\\VBoxSvr\shared_data\raw;windows_shell_bind_tcp.exe;Copia de seguridad creada;Troyano;Alta;Parcial;TFM-VI\V;Usuario activo
Hoy, 5/24/2026 7:47:37 AM;\\VBoxSvr\shared_data\raw\windows_encrypted_shell_reverse_tcp.exe.text.rdata.data;Copia de seguridad creada;Se ha creado una copia de seguridad del objeto;HEUR:Trojan.Win32.Generic;;Archivo;\\VBoxSvr\shared_data\raw;windows_encrypted_shell_reverse_tcp.exe.text.rdata.data;Copia de seguridad creada;Troyano;Alta;Parcial;TFM-VI\V;Usuario activo
Hoy, 5/24/2026 7:47:37 AM;\\VBoxSvr\shared_data\raw\windows_pingback_bind_tcp.exe.text.rdata.data;Copia de seguridad creada;Se ha creado una copia de seguridad del objeto;HEUR:Trojan.Win32.Generic;;Archivo;\\VBoxSvr\shared_data\raw;windows_pingback_bind_tcp.exe.text.rdata.data;Copia de seguridad creada;Troyano;Alta;Parcial;TFM-VI\V;Usuario activo
Hoy, 5/24/2026 7:47:38 AM;\\VBoxSvr\shared_data\raw\windows_meterpreter_reverse_http.exe.text.rdata;Copia de seguridad creada;Se ha creado una copia de seguridad del objeto;HEUR:Trojan.Win32.Generic;;Archivo;\\VBoxSvr\shared_data\raw;windows_meterpreter_reverse_http.exe.text.rdata;Copia de seguridad creada;Troyano;Alta;Parcial;TFM-VI\V;Usuario activo
Hoy, 5/24/2026 7:47:38 AM;\\VBoxSvr\shared_data\raw\windows_exec.exe.text;Detectados;Objeto malicioso detectado;HEUR:Trojan.Win32.Generic;Hash;Archivo;\\VBoxSvr\shared_data\raw;windows_exec.exe.text;Detectados;Troyano;Alta;Análisis heurístico;TFM-VI\V;Usuario activo
Hoy, 5/24/2026 7:47:39 AM;\\VBoxSvr\shared_data\raw\windows_meterpreter_reverse_https.exe.text.rdata.data.reloc;Detectados;Objeto malicioso detectado;HEUR:Trojan.Win32.Generic;Hash;Archivo;\\VBoxSvr\shared_data\raw;windows_meterpreter_reverse_https.exe.text.rdata.data.reloc;Detectados;Troyano;Alta;Parcial;TFM-VI\V;Usuario activo
Hoy, 5/24/2026 7:47:38 AM;\\VBoxSvr\shared_data\raw\windows_meterpreter_reverse_http.exe.text.rdata;Eliminado;Objeto eliminado;HEUR:Trojan.Win32.Generic;;Archivo;\\VBoxSvr\shared_data\raw;windows_meterpreter_reverse_http.exe.text.rdata;Eliminado;Troyano;Alta;Parcial;TFM-VI\V;Usuario activo
Hoy, 5/24/2026 7:47:38 AM;\\VBoxSvr\shared_data\raw\windows_exec.exe.text;Eliminado;Objeto eliminado;HEUR:Trojan.Win32.Generic;;Archivo;\\VBoxSvr\shared_data\raw;windows_exec.exe.text;Eliminado;Troyano;Alta;Análisis heurístico;TFM-VI\V;Usuario activo
Hoy, 5/24/2026 7:47:39 AM;\\VBoxSvr\shared_data\raw\windows_meterpreter_reverse_https.exe.text.rdata.data.reloc;Eliminado;Objeto eliminado;HEUR:Trojan.Win32.Generic;;Archivo;\\VBoxSvr\shared_data\raw;windows_meterpreter_reverse_https.exe.text.rdata.data.reloc;Eliminado;Troyano;Alta;Parcial;TFM-VI\V;Usuario activo
Hoy, 5/24/2026 7:47:38 AM;\\VBoxSvr\shared_data\raw\windows_exec.exe.text;Copia de seguridad creada;Se ha creado una copia de seguridad del objeto;HEUR:Trojan.Win32.Generic;;Archivo;\\VBoxSvr\shared_data\raw;windows_exec.exe.text;Copia de seguridad creada;Troyano;Alta;Análisis heurístico;TFM-VI\V;Usuario activo
Hoy, 5/24/2026 7:47:39 AM;\\VBoxSvr\shared_data\raw\windows_meterpreter_reverse_https.exe.text.rdata.data.reloc;Copia de seguridad creada;Se ha creado una copia de seguridad del objeto;HEUR:Trojan.Win32.Generic;;Archivo;\\VBoxSvr\shared_data\raw;windows_meterpreter_reverse_https.exe.text.rdata.data.reloc;Copia de seguridad creada;Troyano;Alta;Parcial;TFM-VI\V;Usuario activo
Hoy, 5/24/2026 7:47:39 AM;\\VBoxSvr\shared_data\raw\windows_meterpreter_bind_tcp.exe.rdata.data.reloc;Detectados;Objeto malicioso detectado;HEUR:Trojan.Win32.Generic;Hash;Archivo;\\VBoxSvr\shared_data\raw;windows_meterpreter_bind_tcp.exe.rdata.data.reloc;Detectados;Troyano;Alta;Parcial;TFM-VI\V;Usuario activo
Hoy, 5/24/2026 7:47:39 AM;\\VBoxSvr\shared_data\raw\windows_powershell_bind_tcp.exe.rdata.data;Detectados;Objeto malicioso detectado;HEUR:Trojan.Win32.Generic;Hash;Archivo;\\VBoxSvr\shared_data\raw;windows_powershell_bind_tcp.exe.rdata.data;Detectados;Troyano;Alta;Análisis heurístico;TFM-VI\V;Usuario activo
Hoy, 5/24/2026 7:47:39 AM;\\VBoxSvr\shared_data\raw\windows_meterpreter_bind_tcp.exe.rdata.data.reloc;Eliminado;Objeto eliminado;HEUR:Trojan.Win32.Generic;;Archivo;\\VBoxSvr\shared_data\raw;windows_meterpreter_bind_tcp.exe.rdata.data.reloc;Eliminado;Troyano;Alta;Parcial;TFM-VI\V;Usuario activo
Hoy, 5/24/2026 7:47:39 AM;\\VBoxSvr\shared_data\raw\windows_powershell_bind_tcp.exe.rdata.data;Eliminado;Objeto eliminado;HEUR:Trojan.Win32.Generic;;Archivo;\\VBoxSvr\shared_data\raw;windows_powershell_bind_tcp.exe.rdata.data;Eliminado;Troyano;Alta;Análisis heurístico;TFM-VI\V;Usuario activo
Hoy, 5/24/2026 7:47:39 AM;\\VBoxSvr\shared_data\raw\windows_meterpreter_bind_tcp.exe.rdata.data.reloc;Copia de seguridad creada;Se ha creado una copia de seguridad del objeto;HEUR:Trojan.Win32.Generic;;Archivo;\\VBoxSvr\shared_data\raw;windows_meterpreter_bind_tcp.exe.rdata.data.reloc;Copia de seguridad creada;Troyano;Alta;Parcial;TFM-VI\V;Usuario activo
Hoy, 5/24/2026 7:47:39 AM;\\VBoxSvr\shared_data\raw\windows_powershell_bind_tcp.exe.rdata.data;Copia de seguridad creada;Se ha creado una copia de seguridad del objeto;HEUR:Trojan.Win32.Generic;;Archivo;\\VBoxSvr\shared_data\raw;windows_powershell_bind_tcp.exe.rdata.data;Copia de seguridad creada;Troyano;Alta;Análisis heurístico;TFM-VI\V;Usuario activo
Hoy, 5/24/2026 7:47:40 AM;\\VBoxSvr\shared_data\raw\windows_meterpreter_reverse_https.exe.rdata.data;Detectados;Objeto malicioso detectado;HEUR:Trojan.Win32.Generic;Hash;Archivo;\\VBoxSvr\shared_data\raw;windows_meterpreter_reverse_https.exe.rdata.data;Detectados;Troyano;Alta;Parcial;TFM-VI\V;Usuario activo
Hoy, 5/24/2026 7:47:41 AM;\\VBoxSvr\shared_data\raw\windows_meterpreter_reverse_https.exe.rdata.reloc;Detectados;Objeto malicioso detectado;HEUR:Trojan.Win32.Generic;Hash;Archivo;\\VBoxSvr\shared_data\raw;windows_meterpreter_reverse_https.exe.rdata.reloc;Detectados;Troyano;Alta;Parcial;TFM-VI\V;Usuario activo
Hoy, 5/24/2026 7:47:40 AM;\\VBoxSvr\shared_data\raw\windows_meterpreter_reverse_https.exe.rdata.data;Eliminado;Objeto eliminado;HEUR:Trojan.Win32.Generic;;Archivo;\\VBoxSvr\shared_data\raw;windows_meterpreter_reverse_https.exe.rdata.data;Eliminado;Troyano;Alta;Parcial;TFM-VI\V;Usuario activo
Hoy, 5/24/2026 7:47:41 AM;\\VBoxSvr\shared_data\raw\windows_meterpreter_reverse_https.exe.rdata.reloc;Eliminado;Objeto eliminado;HEUR:Trojan.Win32.Generic;;Archivo;\\VBoxSvr\shared_data\raw;windows_meterpreter_reverse_https.exe.rdata.reloc;Eliminado;Troyano;Alta;Parcial;TFM-VI\V;Usuario activo
Hoy, 5/24/2026 7:47:40 AM;\\VBoxSvr\shared_data\raw\windows_meterpreter_reverse_https.exe.rdata.data;Copia de seguridad creada;Se ha creado una copia de seguridad del objeto;HEUR:Trojan.Win32.Generic;;Archivo;\\VBoxSvr\shared_data\raw;windows_meterpreter_reverse_https.exe.rdata.data;Copia de seguridad creada;Troyano;Alta;Parcial;TFM-VI\V;Usuario activo
Hoy, 5/24/2026 7:47:41 AM;\\VBoxSvr\shared_data\raw\windows_meterpreter_reverse_https.exe.rdata.reloc;Copia de seguridad creada;Se ha creado una copia de seguridad del objeto;HEUR:Trojan.Win32.Generic;;Archivo;\\VBoxSvr\shared_data\raw;windows_meterpreter_reverse_https.exe.rdata.reloc;Copia de seguridad creada;Troyano;Alta;Parcial;TFM-VI\V;Usuario activo
Hoy, 5/24/2026 7:47:41 AM;\\VBoxSvr\shared_data\raw\windows_meterpreter_reverse_https.exe.text.rdata.data;Detectados;Objeto malicioso detectado;HEUR:Trojan.Win32.Generic;Hash;Archivo;\\VBoxSvr\shared_data\raw;windows_meterpreter_reverse_https.exe.text.rdata.data;Detectados;Troyano;Alta;Parcial;TFM-VI\V;Usuario activo
Hoy, 5/24/2026 7:47:41 AM;\\VBoxSvr\shared_data\raw\windows_meterpreter_bind_tcp.exe.text.rdata.reloc;Detectados;Objeto malicioso detectado;HEUR:Trojan.Win32.Generic;Hash;Archivo;\\VBoxSvr\shared_data\raw;windows_meterpreter_bind_tcp.exe.text.rdata.reloc;Detectados;Troyano;Alta;Parcial;TFM-VI\V;Usuario activo
Hoy, 5/24/2026 7:47:42 AM;\\VBoxSvr\shared_data\raw\windows_pingback_reverse_tcp.exe.text.data.reloc;Detectados;Objeto malicioso detectado;HEUR:Trojan.Win32.Generic;Hash;Archivo;\\VBoxSvr\shared_data\raw;windows_pingback_reverse_tcp.exe.text.data.reloc;Detectados;Troyano;Alta;Parcial;TFM-VI\V;Usuario activo
Hoy, 5/24/2026 7:47:41 AM;\\VBoxSvr\shared_data\raw\windows_meterpreter_reverse_https.exe.text.rdata.data;Eliminado;Objeto eliminado;HEUR:Trojan.Win32.Generic;;Archivo;\\VBoxSvr\shared_data\raw;windows_meterpreter_reverse_https.exe.text.rdata.data;Eliminado;Troyano;Alta;Parcial;TFM-VI\V;Usuario activo
Hoy, 5/24/2026 7:47:41 AM;\\VBoxSvr\shared_data\raw\windows_meterpreter_bind_tcp.exe.text.rdata.reloc;Eliminado;Objeto eliminado;HEUR:Trojan.Win32.Generic;;Archivo;\\VBoxSvr\shared_data\raw;windows_meterpreter_bind_tcp.exe.text.rdata.reloc;Eliminado;Troyano;Alta;Parcial;TFM-VI\V;Usuario activo
Hoy, 5/24/2026 7:47:42 AM;\\VBoxSvr\shared_data\raw\windows_pingback_reverse_tcp.exe.text.data.reloc;Eliminado;Objeto eliminado;HEUR:Trojan.Win32.Generic;;Archivo;\\VBoxSvr\shared_data\raw;windows_pingback_reverse_tcp.exe.text.data.reloc;Eliminado;Troyano;Alta;Parcial;TFM-VI\V;Usuario activo
Hoy, 5/24/2026 7:47:41 AM;\\VBoxSvr\shared_data\raw\windows_meterpreter_reverse_https.exe.text.rdata.data;Copia de seguridad creada;Se ha creado una copia de seguridad del objeto;HEUR:Trojan.Win32.Generic;;Archivo;\\VBoxSvr\shared_data\raw;windows_meterpreter_reverse_https.exe.text.rdata.data;Copia de seguridad creada;Troyano;Alta;Parcial;TFM-VI\V;Usuario activo
Hoy, 5/24/2026 7:47:41 AM;\\VBoxSvr\shared_data\raw\windows_meterpreter_bind_tcp.exe.text.rdata.reloc;Copia de seguridad creada;Se ha creado una copia de seguridad del objeto;HEUR:Trojan.Win32.Generic;;Archivo;\\VBoxSvr\shared_data\raw;windows_meterpreter_bind_tcp.exe.text.rdata.reloc;Copia de seguridad creada;Troyano;Alta;Parcial;TFM-VI\V;Usuario activo
Hoy, 5/24/2026 7:47:42 AM;\\VBoxSvr\shared_data\raw\windows_pingback_reverse_tcp.exe.text.data.reloc;Copia de seguridad creada;Se ha creado una copia de seguridad del objeto;HEUR:Trojan.Win32.Generic;;Archivo;\\VBoxSvr\shared_data\raw;windows_pingback_reverse_tcp.exe.text.data.reloc;Copia de seguridad creada;Troyano;Alta;Parcial;TFM-VI\V;Usuario activo
Hoy, 5/24/2026 7:47:42 AM;\\VBoxSvr\shared_data\raw\windows_powershell_reverse_tcp.exe.rdata.reloc;Detectados;Objeto malicioso detectado;HEUR:Trojan.Win32.Generic;Hash;Archivo;\\VBoxSvr\shared_data\raw;windows_powershell_reverse_tcp.exe.rdata.reloc;Detectados;Troyano;Alta;Análisis heurístico;TFM-VI\V;Usuario activo
Hoy, 5/24/2026 7:47:42 AM;\\VBoxSvr\shared_data\raw\windows_powershell_reverse_tcp_ssl.exe.text.rdata.data;Detectados;Objeto malicioso detectado;HEUR:Trojan.Win32.Generic;Hash;Archivo;\\VBoxSvr\shared_data\raw;windows_powershell_reverse_tcp_ssl.exe.text.rdata.data;Detectados;Troyano;Alta;Análisis heurístico;TFM-VI\V;Usuario activo
Hoy, 5/24/2026 7:47:43 AM;\\VBoxSvr\shared_data\raw\windows_meterpreter_reverse_tcp.exe.text.rdata;Detectados;Objeto malicioso detectado;HEUR:Trojan.Win32.Generic;Hash;Archivo;\\VBoxSvr\shared_data\raw;windows_meterpreter_reverse_tcp.exe.text.rdata;Detectados;Troyano;Alta;Parcial;TFM-VI\V;Usuario activo
Hoy, 5/24/2026 7:47:42 AM;\\VBoxSvr\shared_data\raw\windows_powershell_reverse_tcp.exe.rdata.reloc;Eliminado;Objeto eliminado;HEUR:Trojan.Win32.Generic;;Archivo;\\VBoxSvr\shared_data\raw;windows_powershell_reverse_tcp.exe.rdata.reloc;Eliminado;Troyano;Alta;Análisis heurístico;TFM-VI\V;Usuario activo
Hoy, 5/24/2026 7:47:42 AM;\\VBoxSvr\shared_data\raw\windows_powershell_reverse_tcp_ssl.exe.text.rdata.data;Eliminado;Objeto eliminado;HEUR:Trojan.Win32.Generic;;Archivo;\\VBoxSvr\shared_data\raw;windows_powershell_reverse_tcp_ssl.exe.text.rdata.data;Eliminado;Troyano;Alta;Análisis heurístico;TFM-VI\V;Usuario activo
Hoy, 5/24/2026 7:47:42 AM;\\VBoxSvr\shared_data\raw\windows_powershell_reverse_tcp.exe.rdata.reloc;Copia de seguridad creada;Se ha creado una copia de seguridad del objeto;HEUR:Trojan.Win32.Generic;;Archivo;\\VBoxSvr\shared_data\raw;windows_powershell_reverse_tcp.exe.rdata.reloc;Copia de seguridad creada;Troyano;Alta;Análisis heurístico;TFM-VI\V;Usuario activo
Hoy, 5/24/2026 7:47:42 AM;\\VBoxSvr\shared_data\raw\windows_powershell_reverse_tcp_ssl.exe.text.rdata.data;Copia de seguridad creada;Se ha creado una copia de seguridad del objeto;HEUR:Trojan.Win32.Generic;;Archivo;\\VBoxSvr\shared_data\raw;windows_powershell_reverse_tcp_ssl.exe.text.rdata.data;Copia de seguridad creada;Troyano;Alta;Análisis heurístico;TFM-VI\V;Usuario activo
Hoy, 5/24/2026 7:47:43 AM;\\VBoxSvr\shared_data\raw\windows_meterpreter_reverse_tcp.exe.text.rdata;Copia de seguridad creada;Se ha creado una copia de seguridad del objeto;HEUR:Trojan.Win32.Generic;;Archivo;\\VBoxSvr\shared_data\raw;windows_meterpreter_reverse_tcp.exe.text.rdata;Copia de seguridad creada;Troyano;Alta;Parcial;TFM-VI\V;Usuario activo
Hoy, 5/24/2026 7:47:43 AM;\\VBoxSvr\shared_data\raw\windows_meterpreter_bind_tcp.exe.text.rdata.data;Detectados;Objeto malicioso detectado;HEUR:Trojan.Win32.Generic;Hash;Archivo;\\VBoxSvr\shared_data\raw;windows_meterpreter_bind_tcp.exe.text.rdata.data;Detectados;Troyano;Alta;Parcial;TFM-VI\V;Usuario activo
Hoy, 5/24/2026 7:47:43 AM;\\VBoxSvr\shared_data\raw\windows_pingback_bind_tcp.exe.text.rdata;Detectados;Objeto malicioso detectado;HEUR:Trojan.Win32.Generic;Hash;Archivo;\\VBoxSvr\shared_data\raw;windows_pingback_bind_tcp.exe.text.rdata;Detectados;Troyano;Alta;Parcial;TFM-VI\V;Usuario activo
Hoy, 5/24/2026 7:47:43 AM;\\VBoxSvr\shared_data\raw\windows_meterpreter_reverse_tcp.exe.text.rdata;Eliminado;Objeto eliminado;HEUR:Trojan.Win32.Generic;;Archivo;\\VBoxSvr\shared_data\raw;windows_meterpreter_reverse_tcp.exe.text.rdata;Eliminado;Troyano;Alta;Parcial;TFM-VI\V;Usuario activo
Hoy, 5/24/2026 7:47:43 AM;\\VBoxSvr\shared_data\raw\windows_meterpreter_bind_tcp.exe.text.rdata.data;Eliminado;Objeto eliminado;HEUR:Trojan.Win32.Generic;;Archivo;\\VBoxSvr\shared_data\raw;windows_meterpreter_bind_tcp.exe.text.rdata.data;Eliminado;Troyano;Alta;Parcial;TFM-VI\V;Usuario activo
Hoy, 5/24/2026 7:47:43 AM;\\VBoxSvr\shared_data\raw\windows_pingback_bind_tcp.exe.text.rdata;Eliminado;Objeto eliminado;HEUR:Trojan.Win32.Generic;;Archivo;\\VBoxSvr\shared_data\raw;windows_pingback_bind_tcp.exe.text.rdata;Eliminado;Troyano;Alta;Parcial;TFM-VI\V;Usuario activo
Hoy, 5/24/2026 7:47:43 AM;\\VBoxSvr\shared_data\raw\windows_meterpreter_bind_tcp.exe.text.rdata.data;Copia de seguridad creada;Se ha creado una copia de seguridad del objeto;HEUR:Trojan.Win32.Generic;;Archivo;\\VBoxSvr\shared_data\raw;windows_meterpreter_bind_tcp.exe.text.rdata.data;Copia de seguridad creada;Troyano;Alta;Parcial;TFM-VI\V;Usuario activo
Hoy, 5/24/2026 7:47:43 AM;\\VBoxSvr\shared_data\raw\windows_pingback_bind_tcp.exe.text.rdata;Copia de seguridad creada;Se ha creado una copia de seguridad del objeto;HEUR:Trojan.Win32.Generic;;Archivo;\\VBoxSvr\shared_data\raw;windows_pingback_bind_tcp.exe.text.rdata;Copia de seguridad creada;Troyano;Alta;Parcial;TFM-VI\V;Usuario activo
Hoy, 5/24/2026 7:47:44 AM;\\VBoxSvr\shared_data\raw\windows_shell_hidden_bind_tcp.exe.rdata.reloc;Detectados;Objeto malicioso detectado;HEUR:Trojan.Win32.Generic;Hash;Archivo;\\VBoxSvr\shared_data\raw;windows_shell_hidden_bind_tcp.exe.rdata.reloc;Detectados;Troyano;Alta;Parcial;TFM-VI\V;Usuario activo
Hoy, 5/24/2026 7:47:44 AM;\\VBoxSvr\shared_data\raw\windows_shell_hidden_bind_tcp.exe.rdata.reloc;Eliminado;Objeto eliminado;HEUR:Trojan.Win32.Generic;;Archivo;\\VBoxSvr\shared_data\raw;windows_shell_hidden_bind_tcp.exe.rdata.reloc;Eliminado;Troyano;Alta;Parcial;TFM-VI\V;Usuario activo
Hoy, 5/24/2026 7:47:44 AM;\\VBoxSvr\shared_data\raw\windows_shell_hidden_bind_tcp.exe.rdata.reloc;Copia de seguridad creada;Se ha creado una copia de seguridad del objeto;HEUR:Trojan.Win32.Generic;;Archivo;\\VBoxSvr\shared_data\raw;windows_shell_hidden_bind_tcp.exe.rdata.reloc;Copia de seguridad creada;Troyano;Alta;Parcial;TFM-VI\V;Usuario activo
Hoy, 5/24/2026 7:47:44 AM;\\VBoxSvr\shared_data\raw\windows_pingback_reverse_tcp.exe.text.data;Detectados;Objeto malicioso detectado;HEUR:Trojan.Win32.Generic;Hash;Archivo;\\VBoxSvr\shared_data\raw;windows_pingback_reverse_tcp.exe.text.data;Detectados;Troyano;Alta;Parcial;TFM-VI\V;Usuario activo
Hoy, 5/24/2026 7:47:44 AM;\\VBoxSvr\shared_data\raw\windows_shell_reverse_tcp_rc4.exe._header_.text.data;Detectados;Objeto malicioso detectado;HEUR:Trojan.Win32.Shella.gen;Hash;Archivo;\\VBoxSvr\shared_data\raw;windows_shell_reverse_tcp_rc4.exe._header_.text.data;Detectados;Troyano;Alta;Análisis heurístico;TFM-VI\V;Usuario activo
Hoy, 5/24/2026 7:47:44 AM;\\VBoxSvr\shared_data\raw\windows_pingback_reverse_tcp.exe.reloc;Detectados;Objeto malicioso detectado;HEUR:Trojan.Win32.Generic;Hash;Archivo;\\VBoxSvr\shared_data\raw;windows_pingback_reverse_tcp.exe.reloc;Detectados;Troyano;Alta;Parcial;TFM-VI\V;Usuario activo
Hoy, 5/24/2026 7:47:45 AM;\\VBoxSvr\shared_data\raw\windows_meterpreter_reverse_tcp.exe.rdata;Detectados;Objeto malicioso detectado;HEUR:Trojan.Win32.Generic;Hash;Archivo;\\VBoxSvr\shared_data\raw;windows_meterpreter_reverse_tcp.exe.rdata;Detectados;Troyano;Alta;Parcial;TFM-VI\V;Usuario activo
Hoy, 5/24/2026 7:47:44 AM;\\VBoxSvr\shared_data\raw\windows_pingback_reverse_tcp.exe.text.data;Eliminado;Objeto eliminado;HEUR:Trojan.Win32.Generic;;Archivo;\\VBoxSvr\shared_data\raw;windows_pingback_reverse_tcp.exe.text.data;Eliminado;Troyano;Alta;Parcial;TFM-VI\V;Usuario activo
Hoy, 5/24/2026 7:47:44 AM;\\VBoxSvr\shared_data\raw\windows_shell_reverse_tcp_rc4.exe._header_.text.data;Eliminado;Objeto eliminado;HEUR:Trojan.Win32.Shella.gen;;Archivo;\\VBoxSvr\shared_data\raw;windows_shell_reverse_tcp_rc4.exe._header_.text.data;Eliminado;Troyano;Alta;Análisis heurístico;TFM-VI\V;Usuario activo
Hoy, 5/24/2026 7:47:44 AM;\\VBoxSvr\shared_data\raw\windows_pingback_reverse_tcp.exe.reloc;Eliminado;Objeto eliminado;HEUR:Trojan.Win32.Generic;;Archivo;\\VBoxSvr\shared_data\raw;windows_pingback_reverse_tcp.exe.reloc;Eliminado;Troyano;Alta;Parcial;TFM-VI\V;Usuario activo
Hoy, 5/24/2026 7:47:45 AM;\\VBoxSvr\shared_data\raw\windows_meterpreter_reverse_tcp.exe.rdata;Eliminado;Objeto eliminado;HEUR:Trojan.Win32.Generic;;Archivo;\\VBoxSvr\shared_data\raw;windows_meterpreter_reverse_tcp.exe.rdata;Eliminado;Troyano;Alta;Parcial;TFM-VI\V;Usuario activo
Hoy, 5/24/2026 7:47:44 AM;\\VBoxSvr\shared_data\raw\windows_pingback_reverse_tcp.exe.text.data;Copia de seguridad creada;Se ha creado una copia de seguridad del objeto;HEUR:Trojan.Win32.Generic;;Archivo;\\VBoxSvr\shared_data\raw;windows_pingback_reverse_tcp.exe.text.data;Copia de seguridad creada;Troyano;Alta;Parcial;TFM-VI\V;Usuario activo
Hoy, 5/24/2026 7:47:44 AM;\\VBoxSvr\shared_data\raw\windows_shell_reverse_tcp_rc4.exe._header_.text.data;Copia de seguridad creada;Se ha creado una copia de seguridad del objeto;HEUR:Trojan.Win32.Shella.gen;;Archivo;\\VBoxSvr\shared_data\raw;windows_shell_reverse_tcp_rc4.exe._header_.text.data;Copia de seguridad creada;Troyano;Alta;Análisis heurístico;TFM-VI\V;Usuario activo
Hoy, 5/24/2026 7:47:44 AM;\\VBoxSvr\shared_data\raw\windows_pingback_reverse_tcp.exe.reloc;Copia de seguridad creada;Se ha creado una copia de seguridad del objeto;HEUR:Trojan.Win32.Generic;;Archivo;\\VBoxSvr\shared_data\raw;windows_pingback_reverse_tcp.exe.reloc;Copia de seguridad creada;Troyano;Alta;Parcial;TFM-VI\V;Usuario activo
Hoy, 5/24/2026 7:47:45 AM;\\VBoxSvr\shared_data\raw\windows_meterpreter_reverse_tcp.exe.rdata;Copia de seguridad creada;Se ha creado una copia de seguridad del objeto;HEUR:Trojan.Win32.Generic;;Archivo;\\VBoxSvr\shared_data\raw;windows_meterpreter_reverse_tcp.exe.rdata;Copia de seguridad creada;Troyano;Alta;Parcial;TFM-VI\V;Usuario activo
Hoy, 5/24/2026 7:47:45 AM;\\VBoxSvr\shared_data\raw\windows_shell_reverse_tcp_rc4.exe._header_.text.reloc;Detectados;Objeto malicioso detectado;HEUR:Trojan.Win32.Shella.gen;Hash;Archivo;\\VBoxSvr\shared_data\raw;windows_shell_reverse_tcp_rc4.exe._header_.text.reloc;Detectados;Troyano;Alta;Análisis heurístico;TFM-VI\V;Usuario activo
Hoy, 5/24/2026 7:47:45 AM;\\VBoxSvr\shared_data\raw\windows_shell_reverse_tcp_rc4.exe.reloc;Detectados;Objeto malicioso detectado;HEUR:Trojan.Win32.Generic;Hash;Archivo;\\VBoxSvr\shared_data\raw;windows_shell_reverse_tcp_rc4.exe.reloc;Detectados;Troyano;Alta;Parcial;TFM-VI\V;Usuario activo
Hoy, 5/24/2026 7:47:45 AM;\\VBoxSvr\shared_data\raw\windows_meterpreter_reverse_https.exe.reloc;Detectados;Objeto malicioso detectado;HEUR:Trojan.Win32.Generic;Hash;Archivo;\\VBoxSvr\shared_data\raw;windows_meterpreter_reverse_https.exe.reloc;Detectados;Troyano;Alta;Parcial;TFM-VI\V;Usuario activo
Hoy, 5/24/2026 7:47:46 AM;\\VBoxSvr\shared_data\raw\windows_shell_bind_hidden_ipknock_tcp.exe.rdata;Detectados;Objeto malicioso detectado;HEUR:Trojan.Win32.Generic;Hash;Archivo;\\VBoxSvr\shared_data\raw;windows_shell_bind_hidden_ipknock_tcp.exe.rdata;Detectados;Troyano;Alta;Parcial;TFM-VI\V;Usuario activo
Hoy, 5/24/2026 7:47:46 AM;\\VBoxSvr\shared_data\raw\windows_powershell_reverse_tcp_ssl.exe.rdata.reloc;Detectados;Objeto malicioso detectado;HEUR:Trojan.Win32.Generic;Hash;Archivo;\\VBoxSvr\shared_data\raw;windows_powershell_reverse_tcp_ssl.exe.rdata.reloc;Detectados;Troyano;Alta;Análisis heurístico;TFM-VI\V;Usuario activo
Hoy, 5/24/2026 7:47:45 AM;\\VBoxSvr\shared_data\raw\windows_shell_reverse_tcp_rc4.exe._header_.text.reloc;Eliminado;Objeto eliminado;HEUR:Trojan.Win32.Shella.gen;;Archivo;\\VBoxSvr\shared_data\raw;windows_shell_reverse_tcp_rc4.exe._header_.text.reloc;Eliminado;Troyano;Alta;Análisis heurístico;TFM-VI\V;Usuario activo
Hoy, 5/24/2026 7:47:45 AM;\\VBoxSvr\shared_data\raw\windows_shell_reverse_tcp_rc4.exe.reloc;Eliminado;Objeto eliminado;HEUR:Trojan.Win32.Generic;;Archivo;\\VBoxSvr\shared_data\raw;windows_shell_reverse_tcp_rc4.exe.reloc;Eliminado;Troyano;Alta;Parcial;TFM-VI\V;Usuario activo
Hoy, 5/24/2026 7:47:45 AM;\\VBoxSvr\shared_data\raw\windows_meterpreter_reverse_https.exe.reloc;Eliminado;Objeto eliminado;HEUR:Trojan.Win32.Generic;;Archivo;\\VBoxSvr\shared_data\raw;windows_meterpreter_reverse_https.exe.reloc;Eliminado;Troyano;Alta;Parcial;TFM-VI\V;Usuario activo
Hoy, 5/24/2026 7:47:46 AM;\\VBoxSvr\shared_data\raw\windows_shell_bind_hidden_ipknock_tcp.exe.rdata;Eliminado;Objeto eliminado;HEUR:Trojan.Win32.Generic;;Archivo;\\VBoxSvr\shared_data\raw;windows_shell_bind_hidden_ipknock_tcp.exe.rdata;Eliminado;Troyano;Alta;Parcial;TFM-VI\V;Usuario activo
Hoy, 5/24/2026 7:47:46 AM;\\VBoxSvr\shared_data\raw\windows_powershell_reverse_tcp_ssl.exe.rdata.reloc;Eliminado;Objeto eliminado;HEUR:Trojan.Win32.Generic;;Archivo;\\VBoxSvr\shared_data\raw;windows_powershell_reverse_tcp_ssl.exe.rdata.reloc;Eliminado;Troyano;Alta;Análisis heurístico;TFM-VI\V;Usuario activo
Hoy, 5/24/2026 7:47:45 AM;\\VBoxSvr\shared_data\raw\windows_shell_reverse_tcp_rc4.exe._header_.text.reloc;Copia de seguridad creada;Se ha creado una copia de seguridad del objeto;HEUR:Trojan.Win32.Shella.gen;;Archivo;\\VBoxSvr\shared_data\raw;windows_shell_reverse_tcp_rc4.exe._header_.text.reloc;Copia de seguridad creada;Troyano;Alta;Análisis heurístico;TFM-VI\V;Usuario activo
Hoy, 5/24/2026 7:47:45 AM;\\VBoxSvr\shared_data\raw\windows_shell_reverse_tcp_rc4.exe.reloc;Copia de seguridad creada;Se ha creado una copia de seguridad del objeto;HEUR:Trojan.Win32.Generic;;Archivo;\\VBoxSvr\shared_data\raw;windows_shell_reverse_tcp_rc4.exe.reloc;Copia de seguridad creada;Troyano;Alta;Parcial;TFM-VI\V;Usuario activo
Hoy, 5/24/2026 7:47:45 AM;\\VBoxSvr\shared_data\raw\windows_meterpreter_reverse_https.exe.reloc;Copia de seguridad creada;Se ha creado una copia de seguridad del objeto;HEUR:Trojan.Win32.Generic;;Archivo;\\VBoxSvr\shared_data\raw;windows_meterpreter_reverse_https.exe.reloc;Copia de seguridad creada;Troyano;Alta;Parcial;TFM-VI\V;Usuario activo
Hoy, 5/24/2026 7:47:46 AM;\\VBoxSvr\shared_data\raw\windows_shell_bind_hidden_ipknock_tcp.exe.rdata;Copia de seguridad creada;Se ha creado una copia de seguridad del objeto;HEUR:Trojan.Win32.Generic;;Archivo;\\VBoxSvr\shared_data\raw;windows_shell_bind_hidden_ipknock_tcp.exe.rdata;Copia de seguridad creada;Troyano;Alta;Parcial;TFM-VI\V;Usuario activo
Hoy, 5/24/2026 7:47:46 AM;\\VBoxSvr\shared_data\raw\windows_powershell_reverse_tcp_ssl.exe.rdata.reloc;Copia de seguridad creada;Se ha creado una copia de seguridad del objeto;HEUR:Trojan.Win32.Generic;;Archivo;\\VBoxSvr\shared_data\raw;windows_powershell_reverse_tcp_ssl.exe.rdata.reloc;Copia de seguridad creada;Troyano;Alta;Análisis heurístico;TFM-VI\V;Usuario activo
Hoy, 5/24/2026 7:47:46 AM;\\VBoxSvr\shared_data\raw\windows_shell_reverse_tcp_rc4.exe.text.reloc;Detectados;Objeto malicioso detectado;HEUR:Trojan.Win32.Generic;Hash;Archivo;\\VBoxSvr\shared_data\raw;windows_shell_reverse_tcp_rc4.exe.text.reloc;Detectados;Troyano;Alta;Parcial;TFM-VI\V;Usuario activo
Hoy, 5/24/2026 7:47:46 AM;\\VBoxSvr\shared_data\raw\windows_shell_reverse_tcp_rc4.exe.data;Detectados;Objeto malicioso detectado;HEUR:Trojan.Win32.Generic;Hash;Archivo;\\VBoxSvr\shared_data\raw;windows_shell_reverse_tcp_rc4.exe.data;Detectados;Troyano;Alta;Parcial;TFM-VI\V;Usuario activo
Hoy, 5/24/2026 7:47:46 AM;\\VBoxSvr\shared_data\raw\windows_shell_bind_tcp.exe._header_.reloc;Detectados;Objeto malicioso detectado;HEUR:Trojan.Win32.Shelma.gen;Hash;Archivo;\\VBoxSvr\shared_data\raw;windows_shell_bind_tcp.exe._header_.reloc;Detectados;Troyano;Alta;Análisis heurístico;TFM-VI\V;Usuario activo
Hoy, 5/24/2026 7:47:46 AM;\\VBoxSvr\shared_data\raw\windows_shell_reverse_tcp_rc4.exe._header_.text.rdata.data;Detectados;Objeto malicioso detectado;HEUR:Trojan.Win32.Shella.gen;Hash;Archivo;\\VBoxSvr\shared_data\raw;windows_shell_reverse_tcp_rc4.exe._header_.text.rdata.data;Detectados;Troyano;Alta;Análisis heurístico;TFM-VI\V;Usuario activo
Hoy, 5/24/2026 7:47:46 AM;\\VBoxSvr\shared_data\raw\windows_shell_bind_hidden_ipknock_tcp.exe;Detectados;Objeto malicioso detectado;HEUR:Trojan.Win32.Generic;Hash;Archivo;\\VBoxSvr\shared_data\raw;windows_shell_bind_hidden_ipknock_tcp.exe;Detectados;Troyano;Alta;Parcial;TFM-VI\V;Usuario activo
Hoy, 5/24/2026 7:47:46 AM;\\VBoxSvr\shared_data\raw\windows_pingback_bind_tcp.exe.text.data;Detectados;Objeto malicioso detectado;HEUR:Trojan.Win32.Generic;Hash;Archivo;\\VBoxSvr\shared_data\raw;windows_pingback_bind_tcp.exe.text.data;Detectados;Troyano;Alta;Parcial;TFM-VI\V;Usuario activo
Hoy, 5/24/2026 7:47:47 AM;\\VBoxSvr\shared_data\raw\windows_shell_hidden_bind_tcp.exe;Detectados;Objeto malicioso detectado;HEUR:Trojan.Win32.Generic;Hash;Archivo;\\VBoxSvr\shared_data\raw;windows_shell_hidden_bind_tcp.exe;Detectados;Troyano;Alta;Parcial;TFM-VI\V;Usuario activo
Hoy, 5/24/2026 7:47:46 AM;\\VBoxSvr\shared_data\raw\windows_shell_reverse_tcp_rc4.exe.text.reloc;Eliminado;Objeto eliminado;HEUR:Trojan.Win32.Generic;;Archivo;\\VBoxSvr\shared_data\raw;windows_shell_reverse_tcp_rc4.exe.text.reloc;Eliminado;Troyano;Alta;Parcial;TFM-VI\V;Usuario activo
Hoy, 5/24/2026 7:47:46 AM;\\VBoxSvr\shared_data\raw\windows_shell_reverse_tcp_rc4.exe.data;Eliminado;Objeto eliminado;HEUR:Trojan.Win32.Generic;;Archivo;\\VBoxSvr\shared_data\raw;windows_shell_reverse_tcp_rc4.exe.data;Eliminado;Troyano;Alta;Parcial;TFM-VI\V;Usuario activo
Hoy, 5/24/2026 7:47:46 AM;\\VBoxSvr\shared_data\raw\windows_shell_bind_tcp.exe._header_.reloc;Eliminado;Objeto eliminado;HEUR:Trojan.Win32.Shelma.gen;;Archivo;\\VBoxSvr\shared_data\raw;windows_shell_bind_tcp.exe._header_.reloc;Eliminado;Troyano;Alta;Análisis heurístico;TFM-VI\V;Usuario activo
Hoy, 5/24/2026 7:47:46 AM;\\VBoxSvr\shared_data\raw\windows_shell_reverse_tcp_rc4.exe._header_.text.rdata.data;Eliminado;Objeto eliminado;HEUR:Trojan.Win32.Shella.gen;;Archivo;\\VBoxSvr\shared_data\raw;windows_shell_reverse_tcp_rc4.exe._header_.text.rdata.data;Eliminado;Troyano;Alta;Análisis heurístico;TFM-VI\V;Usuario activo
Hoy, 5/24/2026 7:47:46 AM;\\VBoxSvr\shared_data\raw\windows_shell_bind_hidden_ipknock_tcp.exe;Eliminado;Objeto eliminado;HEUR:Trojan.Win32.Generic;;Archivo;\\VBoxSvr\shared_data\raw;windows_shell_bind_hidden_ipknock_tcp.exe;Eliminado;Troyano;Alta;Parcial;TFM-VI\V;Usuario activo
Hoy, 5/24/2026 7:47:47 AM;\\VBoxSvr\shared_data\raw\windows_pingback_bind_tcp.exe.text.data;Eliminado;Objeto eliminado;HEUR:Trojan.Win32.Generic;;Archivo;\\VBoxSvr\shared_data\raw;windows_pingback_bind_tcp.exe.text.data;Eliminado;Troyano;Alta;Parcial;TFM-VI\V;Usuario activo
Hoy, 5/24/2026 7:47:47 AM;\\VBoxSvr\shared_data\raw\windows_shell_hidden_bind_tcp.exe;Eliminado;Objeto eliminado;HEUR:Trojan.Win32.Generic;;Archivo;\\VBoxSvr\shared_data\raw;windows_shell_hidden_bind_tcp.exe;Eliminado;Troyano;Alta;Parcial;TFM-VI\V;Usuario activo
Hoy, 5/24/2026 7:47:46 AM;\\VBoxSvr\shared_data\raw\windows_shell_reverse_tcp_rc4.exe.text.reloc;Copia de seguridad creada;Se ha creado una copia de seguridad del objeto;HEUR:Trojan.Win32.Generic;;Archivo;\\VBoxSvr\shared_data\raw;windows_shell_reverse_tcp_rc4.exe.text.reloc;Copia de seguridad creada;Troyano;Alta;Parcial;TFM-VI\V;Usuario activo
Hoy, 5/24/2026 7:47:46 AM;\\VBoxSvr\shared_data\raw\windows_shell_reverse_tcp_rc4.exe.data;Copia de seguridad creada;Se ha creado una copia de seguridad del objeto;HEUR:Trojan.Win32.Generic;;Archivo;\\VBoxSvr\shared_data\raw;windows_shell_reverse_tcp_rc4.exe.data;Copia de seguridad creada;Troyano;Alta;Parcial;TFM-VI\V;Usuario activo
Hoy, 5/24/2026 7:47:46 AM;\\VBoxSvr\shared_data\raw\windows_shell_bind_tcp.exe._header_.reloc;Copia de seguridad creada;Se ha creado una copia de seguridad del objeto;HEUR:Trojan.Win32.Shelma.gen;;Archivo;\\VBoxSvr\shared_data\raw;windows_shell_bind_tcp.exe._header_.reloc;Copia de seguridad creada;Troyano;Alta;Análisis heurístico;TFM-VI\V;Usuario activo
Hoy, 5/24/2026 7:47:46 AM;\\VBoxSvr\shared_data\raw\windows_shell_reverse_tcp_rc4.exe._header_.text.rdata.data;Copia de seguridad creada;Se ha creado una copia de seguridad del objeto;HEUR:Trojan.Win32.Shella.gen;;Archivo;\\VBoxSvr\shared_data\raw;windows_shell_reverse_tcp_rc4.exe._header_.text.rdata.data;Copia de seguridad creada;Troyano;Alta;Análisis heurístico;TFM-VI\V;Usuario activo
Hoy, 5/24/2026 7:47:46 AM;\\VBoxSvr\shared_data\raw\windows_shell_bind_hidden_ipknock_tcp.exe;Copia de seguridad creada;Se ha creado una copia de seguridad del objeto;HEUR:Trojan.Win32.Generic;;Archivo;\\VBoxSvr\shared_data\raw;windows_shell_bind_hidden_ipknock_tcp.exe;Copia de seguridad creada;Troyano;Alta;Parcial;TFM-VI\V;Usuario activo
Hoy, 5/24/2026 7:47:46 AM;\\VBoxSvr\shared_data\raw\windows_pingback_bind_tcp.exe.text.data;Copia de seguridad creada;Se ha creado una copia de seguridad del objeto;HEUR:Trojan.Win32.Generic;;Archivo;\\VBoxSvr\shared_data\raw;windows_pingback_bind_tcp.exe.text.data;Copia de seguridad creada;Troyano;Alta;Parcial;TFM-VI\V;Usuario activo
Hoy, 5/24/2026 7:47:47 AM;\\VBoxSvr\shared_data\raw\windows_shell_hidden_bind_tcp.exe;Copia de seguridad creada;Se ha creado una copia de seguridad del objeto;HEUR:Trojan.Win32.Generic;;Archivo;\\VBoxSvr\shared_data\raw;windows_shell_hidden_bind_tcp.exe;Copia de seguridad creada;Troyano;Alta;Parcial;TFM-VI\V;Usuario activo
Hoy, 5/24/2026 7:47:47 AM;\\VBoxSvr\shared_data\raw\windows_pingback_bind_tcp.exe.text.reloc;Detectados;Objeto malicioso detectado;HEUR:Trojan.Win32.Generic;Hash;Archivo;\\VBoxSvr\shared_data\raw;windows_pingback_bind_tcp.exe.text.reloc;Detectados;Troyano;Alta;Parcial;TFM-VI\V;Usuario activo
Hoy, 5/24/2026 7:47:47 AM;\\VBoxSvr\shared_data\raw\windows_powershell_reverse_tcp.exe.rdata.data;Detectados;Objeto malicioso detectado;HEUR:Trojan.Win32.Generic;Hash;Archivo;\\VBoxSvr\shared_data\raw;windows_powershell_reverse_tcp.exe.rdata.data;Detectados;Troyano;Alta;Análisis heurístico;TFM-VI\V;Usuario activo
Hoy, 5/24/2026 7:47:47 AM;\\VBoxSvr\shared_data\raw\windows_powershell_bind_tcp.exe.text.reloc;Detectados;Objeto malicioso detectado;HEUR:Trojan.Win32.Generic;Hash;Archivo;\\VBoxSvr\shared_data\raw;windows_powershell_bind_tcp.exe.text.reloc;Detectados;Troyano;Alta;Análisis heurístico;TFM-VI\V;Usuario activo
Hoy, 5/24/2026 7:47:47 AM;\\VBoxSvr\shared_data\raw\windows_exec.exe.reloc;Detectados;Objeto malicioso detectado;HEUR:Trojan.Win32.Generic;Hash;Archivo;\\VBoxSvr\shared_data\raw;windows_exec.exe.reloc;Detectados;Troyano;Alta;Análisis heurístico;TFM-VI\V;Usuario activo
Hoy, 5/24/2026 7:47:47 AM;\\VBoxSvr\shared_data\raw\windows_pingback_bind_tcp.exe.text.reloc;Eliminado;Objeto eliminado;HEUR:Trojan.Win32.Generic;;Archivo;\\VBoxSvr\shared_data\raw;windows_pingback_bind_tcp.exe.text.reloc;Eliminado;Troyano;Alta;Parcial;TFM-VI\V;Usuario activo
Hoy, 5/24/2026 7:47:47 AM;\\VBoxSvr\shared_data\raw\windows_powershell_reverse_tcp.exe.rdata.data;Eliminado;Objeto eliminado;HEUR:Trojan.Win32.Generic;;Archivo;\\VBoxSvr\shared_data\raw;windows_powershell_reverse_tcp.exe.rdata.data;Eliminado;Troyano;Alta;Análisis heurístico;TFM-VI\V;Usuario activo
Hoy, 5/24/2026 7:47:47 AM;\\VBoxSvr\shared_data\raw\windows_powershell_bind_tcp.exe.text.reloc;Eliminado;Objeto eliminado;HEUR:Trojan.Win32.Generic;;Archivo;\\VBoxSvr\shared_data\raw;windows_powershell_bind_tcp.exe.text.reloc;Eliminado;Troyano;Alta;Análisis heurístico;TFM-VI\V;Usuario activo
Hoy, 5/24/2026 7:47:48 AM;\\VBoxSvr\shared_data\raw\windows_exec.exe.reloc;Eliminado;Objeto eliminado;HEUR:Trojan.Win32.Generic;;Archivo;\\VBoxSvr\shared_data\raw;windows_exec.exe.reloc;Eliminado;Troyano;Alta;Análisis heurístico;TFM-VI\V;Usuario activo
Hoy, 5/24/2026 7:47:47 AM;\\VBoxSvr\shared_data\raw\windows_pingback_bind_tcp.exe.text.reloc;Copia de seguridad creada;Se ha creado una copia de seguridad del objeto;HEUR:Trojan.Win32.Generic;;Archivo;\\VBoxSvr\shared_data\raw;windows_pingback_bind_tcp.exe.text.reloc;Copia de seguridad creada;Troyano;Alta;Parcial;TFM-VI\V;Usuario activo
Hoy, 5/24/2026 7:47:47 AM;\\VBoxSvr\shared_data\raw\windows_powershell_reverse_tcp.exe.rdata.data;Copia de seguridad creada;Se ha creado una copia de seguridad del objeto;HEUR:Trojan.Win32.Generic;;Archivo;\\VBoxSvr\shared_data\raw;windows_powershell_reverse_tcp.exe.rdata.data;Copia de seguridad creada;Troyano;Alta;Análisis heurístico;TFM-VI\V;Usuario activo
Hoy, 5/24/2026 7:47:47 AM;\\VBoxSvr\shared_data\raw\windows_powershell_bind_tcp.exe.text.reloc;Copia de seguridad creada;Se ha creado una copia de seguridad del objeto;HEUR:Trojan.Win32.Generic;;Archivo;\\VBoxSvr\shared_data\raw;windows_powershell_bind_tcp.exe.text.reloc;Copia de seguridad creada;Troyano;Alta;Análisis heurístico;TFM-VI\V;Usuario activo
Hoy, 5/24/2026 7:47:47 AM;\\VBoxSvr\shared_data\raw\windows_exec.exe.reloc;Copia de seguridad creada;Se ha creado una copia de seguridad del objeto;HEUR:Trojan.Win32.Generic;;Archivo;\\VBoxSvr\shared_data\raw;windows_exec.exe.reloc;Copia de seguridad creada;Troyano;Alta;Análisis heurístico;TFM-VI\V;Usuario activo
Hoy, 5/24/2026 7:47:48 AM;\\VBoxSvr\shared_data\raw\windows_shell_bind_tcp.exe.text.rdata.data;Detectados;Objeto malicioso detectado;HEUR:Trojan.Win32.Generic;Hash;Archivo;\\VBoxSvr\shared_data\raw;windows_shell_bind_tcp.exe.text.rdata.data;Detectados;Troyano;Alta;Parcial;TFM-VI\V;Usuario activo
Hoy, 5/24/2026 7:47:48 AM;\\VBoxSvr\shared_data\raw\windows_meterpreter_bind_tcp.exe.reloc;Detectados;Objeto malicioso detectado;HEUR:Trojan.Win32.Generic;Hash;Archivo;\\VBoxSvr\shared_data\raw;windows_meterpreter_bind_tcp.exe.reloc;Detectados;Troyano;Alta;Parcial;TFM-VI\V;Usuario activo
Hoy, 5/24/2026 7:47:49 AM;\\VBoxSvr\shared_data\raw\windows_powershell_reverse_tcp.exe.text;Detectados;Objeto malicioso detectado;HEUR:Trojan.Win32.Generic;Hash;Archivo;\\VBoxSvr\shared_data\raw;windows_powershell_reverse_tcp.exe.text;Detectados;Troyano;Alta;Análisis heurístico;TFM-VI\V;Usuario activo
Hoy, 5/24/2026 7:47:48 AM;\\VBoxSvr\shared_data\raw\windows_shell_bind_tcp.exe.text.rdata.data;Eliminado;Objeto eliminado;HEUR:Trojan.Win32.Generic;;Archivo;\\VBoxSvr\shared_data\raw;windows_shell_bind_tcp.exe.text.rdata.data;Eliminado;Troyano;Alta;Parcial;TFM-VI\V;Usuario activo
Hoy, 5/24/2026 7:47:48 AM;\\VBoxSvr\shared_data\raw\windows_meterpreter_bind_tcp.exe.reloc;Eliminado;Objeto eliminado;HEUR:Trojan.Win32.Generic;;Archivo;\\VBoxSvr\shared_data\raw;windows_meterpreter_bind_tcp.exe.reloc;Eliminado;Troyano;Alta;Parcial;TFM-VI\V;Usuario activo
Hoy, 5/24/2026 7:47:49 AM;\\VBoxSvr\shared_data\raw\windows_powershell_reverse_tcp.exe.text;Eliminado;Objeto eliminado;HEUR:Trojan.Win32.Generic;;Archivo;\\VBoxSvr\shared_data\raw;windows_powershell_reverse_tcp.exe.text;Eliminado;Troyano;Alta;Análisis heurístico;TFM-VI\V;Usuario activo
Hoy, 5/24/2026 7:47:48 AM;\\VBoxSvr\shared_data\raw\windows_shell_bind_tcp.exe.text.rdata.data;Copia de seguridad creada;Se ha creado una copia de seguridad del objeto;HEUR:Trojan.Win32.Generic;;Archivo;\\VBoxSvr\shared_data\raw;windows_shell_bind_tcp.exe.text.rdata.data;Copia de seguridad creada;Troyano;Alta;Parcial;TFM-VI\V;Usuario activo
Hoy, 5/24/2026 7:47:48 AM;\\VBoxSvr\shared_data\raw\windows_meterpreter_bind_tcp.exe.reloc;Copia de seguridad creada;Se ha creado una copia de seguridad del objeto;HEUR:Trojan.Win32.Generic;;Archivo;\\VBoxSvr\shared_data\raw;windows_meterpreter_bind_tcp.exe.reloc;Copia de seguridad creada;Troyano;Alta;Parcial;TFM-VI\V;Usuario activo
Hoy, 5/24/2026 7:47:49 AM;\\VBoxSvr\shared_data\raw\windows_powershell_reverse_tcp.exe.text;Copia de seguridad creada;Se ha creado una copia de seguridad del objeto;HEUR:Trojan.Win32.Generic;;Archivo;\\VBoxSvr\shared_data\raw;windows_powershell_reverse_tcp.exe.text;Copia de seguridad creada;Troyano;Alta;Análisis heurístico;TFM-VI\V;Usuario activo
Hoy, 5/24/2026 7:47:49 AM;\\VBoxSvr\shared_data\raw\windows_shell_bind_hidden_ipknock_tcp.exe.text.rdata.data;Detectados;Objeto malicioso detectado;HEUR:Trojan.Win32.Generic;Hash;Archivo;\\VBoxSvr\shared_data\raw;windows_shell_bind_hidden_ipknock_tcp.exe.text.rdata.data;Detectados;Troyano;Alta;Parcial;TFM-VI\V;Usuario activo
Hoy, 5/24/2026 7:47:49 AM;\\VBoxSvr\shared_data\raw\windows_meterpreter_bind_tcp.exe;Detectados;Objeto malicioso detectado;HEUR:Trojan.Win32.Generic;Hash;Archivo;\\VBoxSvr\shared_data\raw;windows_meterpreter_bind_tcp.exe;Detectados;Troyano;Alta;Parcial;TFM-VI\V;Usuario activo
Hoy, 5/24/2026 7:47:49 AM;\\VBoxSvr\shared_data\raw\windows_shell_bind_hidden_ipknock_tcp.exe.text.rdata.data;Eliminado;Objeto eliminado;HEUR:Trojan.Win32.Generic;;Archivo;\\VBoxSvr\shared_data\raw;windows_shell_bind_hidden_ipknock_tcp.exe.text.rdata.data;Eliminado;Troyano;Alta;Parcial;TFM-VI\V;Usuario activo
Hoy, 5/24/2026 7:47:49 AM;\\VBoxSvr\shared_data\raw\windows_meterpreter_bind_tcp.exe;Eliminado;Objeto eliminado;HEUR:Trojan.Win32.Generic;;Archivo;\\VBoxSvr\shared_data\raw;windows_meterpreter_bind_tcp.exe;Eliminado;Troyano;Alta;Parcial;TFM-VI\V;Usuario activo
Hoy, 5/24/2026 7:47:49 AM;\\VBoxSvr\shared_data\raw\windows_shell_bind_hidden_ipknock_tcp.exe.text.rdata.data;Copia de seguridad creada;Se ha creado una copia de seguridad del objeto;HEUR:Trojan.Win32.Generic;;Archivo;\\VBoxSvr\shared_data\raw;windows_shell_bind_hidden_ipknock_tcp.exe.text.rdata.data;Copia de seguridad creada;Troyano;Alta;Parcial;TFM-VI\V;Usuario activo
Hoy, 5/24/2026 7:47:49 AM;\\VBoxSvr\shared_data\raw\windows_meterpreter_bind_tcp.exe;Copia de seguridad creada;Se ha creado una copia de seguridad del objeto;HEUR:Trojan.Win32.Generic;;Archivo;\\VBoxSvr\shared_data\raw;windows_meterpreter_bind_tcp.exe;Copia de seguridad creada;Troyano;Alta;Parcial;TFM-VI\V;Usuario activo
Hoy, 5/24/2026 7:47:50 AM;\\VBoxSvr\shared_data\raw\windows_meterpreter_reverse_http.exe.text.rdata.reloc;Detectados;Objeto malicioso detectado;HEUR:Trojan.Win32.Generic;Hash;Archivo;\\VBoxSvr\shared_data\raw;windows_meterpreter_reverse_http.exe.text.rdata.reloc;Detectados;Troyano;Alta;Parcial;TFM-VI\V;Usuario activo
Hoy, 5/24/2026 7:47:50 AM;\\VBoxSvr\shared_data\raw\windows_powershell_bind_tcp.exe.text.rdata.data;Detectados;Objeto malicioso detectado;HEUR:Trojan.Win32.Generic;Hash;Archivo;\\VBoxSvr\shared_data\raw;windows_powershell_bind_tcp.exe.text.rdata.data;Detectados;Troyano;Alta;Análisis heurístico;TFM-VI\V;Usuario activo
Hoy, 5/24/2026 7:47:50 AM;\\VBoxSvr\shared_data\raw\windows_powershell_reverse_tcp_ssl.exe.rdata.data.reloc;Detectados;Objeto malicioso detectado;HEUR:Trojan.Win32.Generic;Hash;Archivo;\\VBoxSvr\shared_data\raw;windows_powershell_reverse_tcp_ssl.exe.rdata.data.reloc;Detectados;Troyano;Alta;Análisis heurístico;TFM-VI\V;Usuario activo
Hoy, 5/24/2026 7:47:51 AM;\\VBoxSvr\shared_data\raw\windows_pingback_reverse_tcp.exe.rdata.data.reloc;Detectados;Objeto malicioso detectado;HEUR:Trojan.Win32.Generic;Hash;Archivo;\\VBoxSvr\shared_data\raw;windows_pingback_reverse_tcp.exe.rdata.data.reloc;Detectados;Troyano;Alta;Parcial;TFM-VI\V;Usuario activo
Hoy, 5/24/2026 7:47:51 AM;\\VBoxSvr\shared_data\raw\windows_powershell_bind_tcp.exe.text.rdata.data.reloc;Detectados;Objeto malicioso detectado;HEUR:Trojan.Win32.Generic;Hash;Archivo;\\VBoxSvr\shared_data\raw;windows_powershell_bind_tcp.exe.text.rdata.data.reloc;Detectados;Troyano;Alta;Análisis heurístico;TFM-VI\V;Usuario activo
Hoy, 5/24/2026 7:47:50 AM;\\VBoxSvr\shared_data\raw\windows_meterpreter_reverse_http.exe.text.rdata.reloc;Eliminado;Objeto eliminado;HEUR:Trojan.Win32.Generic;;Archivo;\\VBoxSvr\shared_data\raw;windows_meterpreter_reverse_http.exe.text.rdata.reloc;Eliminado;Troyano;Alta;Parcial;TFM-VI\V;Usuario activo
Hoy, 5/24/2026 7:47:50 AM;\\VBoxSvr\shared_data\raw\windows_powershell_bind_tcp.exe.text.rdata.data;Eliminado;Objeto eliminado;HEUR:Trojan.Win32.Generic;;Archivo;\\VBoxSvr\shared_data\raw;windows_powershell_bind_tcp.exe.text.rdata.data;Eliminado;Troyano;Alta;Análisis heurístico;TFM-VI\V;Usuario activo
Hoy, 5/24/2026 7:47:50 AM;\\VBoxSvr\shared_data\raw\windows_powershell_reverse_tcp_ssl.exe.rdata.data.reloc;Eliminado;Objeto eliminado;HEUR:Trojan.Win32.Generic;;Archivo;\\VBoxSvr\shared_data\raw;windows_powershell_reverse_tcp_ssl.exe.rdata.data.reloc;Eliminado;Troyano;Alta;Análisis heurístico;TFM-VI\V;Usuario activo
Hoy, 5/24/2026 7:47:51 AM;\\VBoxSvr\shared_data\raw\windows_pingback_reverse_tcp.exe.rdata.data.reloc;Eliminado;Objeto eliminado;HEUR:Trojan.Win32.Generic;;Archivo;\\VBoxSvr\shared_data\raw;windows_pingback_reverse_tcp.exe.rdata.data.reloc;Eliminado;Troyano;Alta;Parcial;TFM-VI\V;Usuario activo
Hoy, 5/24/2026 7:47:51 AM;\\VBoxSvr\shared_data\raw\windows_powershell_bind_tcp.exe.text.rdata.data.reloc;Eliminado;Objeto eliminado;HEUR:Trojan.Win32.Generic;;Archivo;\\VBoxSvr\shared_data\raw;windows_powershell_bind_tcp.exe.text.rdata.data.reloc;Eliminado;Troyano;Alta;Análisis heurístico;TFM-VI\V;Usuario activo
Hoy, 5/24/2026 7:47:50 AM;\\VBoxSvr\shared_data\raw\windows_meterpreter_reverse_http.exe.text.rdata.reloc;Copia de seguridad creada;Se ha creado una copia de seguridad del objeto;HEUR:Trojan.Win32.Generic;;Archivo;\\VBoxSvr\shared_data\raw;windows_meterpreter_reverse_http.exe.text.rdata.reloc;Copia de seguridad creada;Troyano;Alta;Parcial;TFM-VI\V;Usuario activo
Hoy, 5/24/2026 7:47:50 AM;\\VBoxSvr\shared_data\raw\windows_powershell_bind_tcp.exe.text.rdata.data;Copia de seguridad creada;Se ha creado una copia de seguridad del objeto;HEUR:Trojan.Win32.Generic;;Archivo;\\VBoxSvr\shared_data\raw;windows_powershell_bind_tcp.exe.text.rdata.data;Copia de seguridad creada;Troyano;Alta;Análisis heurístico;TFM-VI\V;Usuario activo
Hoy, 5/24/2026 7:47:50 AM;\\VBoxSvr\shared_data\raw\windows_powershell_reverse_tcp_ssl.exe.rdata.data.reloc;Copia de seguridad creada;Se ha creado una copia de seguridad del objeto;HEUR:Trojan.Win32.Generic;;Archivo;\\VBoxSvr\shared_data\raw;windows_powershell_reverse_tcp_ssl.exe.rdata.data.reloc;Copia de seguridad creada;Troyano;Alta;Análisis heurístico;TFM-VI\V;Usuario activo
Hoy, 5/24/2026 7:47:51 AM;\\VBoxSvr\shared_data\raw\windows_pingback_reverse_tcp.exe.rdata.data.reloc;Copia de seguridad creada;Se ha creado una copia de seguridad del objeto;HEUR:Trojan.Win32.Generic;;Archivo;\\VBoxSvr\shared_data\raw;windows_pingback_reverse_tcp.exe.rdata.data.reloc;Copia de seguridad creada;Troyano;Alta;Parcial;TFM-VI\V;Usuario activo
Hoy, 5/24/2026 7:47:51 AM;\\VBoxSvr\shared_data\raw\windows_powershell_bind_tcp.exe.text.rdata.data.reloc;Copia de seguridad creada;Se ha creado una copia de seguridad del objeto;HEUR:Trojan.Win32.Generic;;Archivo;\\VBoxSvr\shared_data\raw;windows_powershell_bind_tcp.exe.text.rdata.data.reloc;Copia de seguridad creada;Troyano;Alta;Análisis heurístico;TFM-VI\V;Usuario activo
Hoy, 5/24/2026 7:47:51 AM;\\VBoxSvr\shared_data\raw\windows_shell_bind_hidden_ipknock_tcp.exe.rdata.data;Detectados;Objeto malicioso detectado;HEUR:Trojan.Win32.Generic;Hash;Archivo;\\VBoxSvr\shared_data\raw;windows_shell_bind_hidden_ipknock_tcp.exe.rdata.data;Detectados;Troyano;Alta;Parcial;TFM-VI\V;Usuario activo
Hoy, 5/24/2026 7:47:51 AM;\\VBoxSvr\shared_data\raw\windows_exec.exe.rdata.data;Detectados;Objeto malicioso detectado;HEUR:Trojan.Win32.Generic;Hash;Archivo;\\VBoxSvr\shared_data\raw;windows_exec.exe.rdata.data;Detectados;Troyano;Alta;Análisis heurístico;TFM-VI\V;Usuario activo
Hoy, 5/24/2026 7:47:51 AM;\\VBoxSvr\shared_data\raw\windows_powershell_bind_tcp.exe.data;Detectados;Objeto malicioso detectado;HEUR:Trojan.Win32.Generic;Hash;Archivo;\\VBoxSvr\shared_data\raw;windows_powershell_bind_tcp.exe.data;Detectados;Troyano;Alta;Análisis heurístico;TFM-VI\V;Usuario activo
Hoy, 5/24/2026 7:47:51 AM;\\VBoxSvr\shared_data\raw\windows_shell_bind_hidden_ipknock_tcp.exe.rdata.data;Eliminado;Objeto eliminado;HEUR:Trojan.Win32.Generic;;Archivo;\\VBoxSvr\shared_data\raw;windows_shell_bind_hidden_ipknock_tcp.exe.rdata.data;Eliminado;Troyano;Alta;Parcial;TFM-VI\V;Usuario activo
Hoy, 5/24/2026 7:47:51 AM;\\VBoxSvr\shared_data\raw\windows_exec.exe.rdata.data;Eliminado;Objeto eliminado;HEUR:Trojan.Win32.Generic;;Archivo;\\VBoxSvr\shared_data\raw;windows_exec.exe.rdata.data;Eliminado;Troyano;Alta;Análisis heurístico;TFM-VI\V;Usuario activo
Hoy, 5/24/2026 7:47:51 AM;\\VBoxSvr\shared_data\raw\windows_shell_bind_hidden_ipknock_tcp.exe.rdata.data;Copia de seguridad creada;Se ha creado una copia de seguridad del objeto;HEUR:Trojan.Win32.Generic;;Archivo;\\VBoxSvr\shared_data\raw;windows_shell_bind_hidden_ipknock_tcp.exe.rdata.data;Copia de seguridad creada;Troyano;Alta;Parcial;TFM-VI\V;Usuario activo
Hoy, 5/24/2026 7:47:51 AM;\\VBoxSvr\shared_data\raw\windows_exec.exe.rdata.data;Copia de seguridad creada;Se ha creado una copia de seguridad del objeto;HEUR:Trojan.Win32.Generic;;Archivo;\\VBoxSvr\shared_data\raw;windows_exec.exe.rdata.data;Copia de seguridad creada;Troyano;Alta;Análisis heurístico;TFM-VI\V;Usuario activo
Hoy, 5/24/2026 7:47:51 AM;\\VBoxSvr\shared_data\raw\windows_powershell_reverse_tcp_ssl.exe.reloc;Detectados;Objeto malicioso detectado;HEUR:Trojan.Win32.Generic;Hash;Archivo;\\VBoxSvr\shared_data\raw;windows_powershell_reverse_tcp_ssl.exe.reloc;Detectados;Troyano;Alta;Análisis heurístico;TFM-VI\V;Usuario activo
Hoy, 5/24/2026 7:47:52 AM;\\VBoxSvr\shared_data\raw\windows_shell_reverse_tcp_rc4.exe._header_.text.rdata.data.reloc;Detectados;Objeto malicioso detectado;HEUR:Trojan.Win32.Shella.gen;Hash;Archivo;\\VBoxSvr\shared_data\raw;windows_shell_reverse_tcp_rc4.exe._header_.text.rdata.data.reloc;Detectados;Troyano;Alta;Análisis heurístico;TFM-VI\V;Usuario activo
Hoy, 5/24/2026 7:47:52 AM;\\VBoxSvr\shared_data\raw\windows_powershell_reverse_tcp_ssl.exe.text.rdata.reloc;Detectados;Objeto malicioso detectado;HEUR:Trojan.Win32.Generic;Hash;Archivo;\\VBoxSvr\shared_data\raw;windows_powershell_reverse_tcp_ssl.exe.text.rdata.reloc;Detectados;Troyano;Alta;Análisis heurístico;TFM-VI\V;Usuario activo
Hoy, 5/24/2026 7:47:51 AM;\\VBoxSvr\shared_data\raw\windows_powershell_bind_tcp.exe.data;Eliminado;Objeto eliminado;HEUR:Trojan.Win32.Generic;;Archivo;\\VBoxSvr\shared_data\raw;windows_powershell_bind_tcp.exe.data;Eliminado;Troyano;Alta;Análisis heurístico;TFM-VI\V;Usuario activo
Hoy, 5/24/2026 7:47:51 AM;\\VBoxSvr\shared_data\raw\windows_powershell_reverse_tcp_ssl.exe.reloc;Eliminado;Objeto eliminado;HEUR:Trojan.Win32.Generic;;Archivo;\\VBoxSvr\shared_data\raw;windows_powershell_reverse_tcp_ssl.exe.reloc;Eliminado;Troyano;Alta;Análisis heurístico;TFM-VI\V;Usuario activo
Hoy, 5/24/2026 7:47:52 AM;\\VBoxSvr\shared_data\raw\windows_shell_reverse_tcp_rc4.exe._header_.text.rdata.data.reloc;Eliminado;Objeto eliminado;HEUR:Trojan.Win32.Shella.gen;;Archivo;\\VBoxSvr\shared_data\raw;windows_shell_reverse_tcp_rc4.exe._header_.text.rdata.data.reloc;Eliminado;Troyano;Alta;Análisis heurístico;TFM-VI\V;Usuario activo
Hoy, 5/24/2026 7:47:52 AM;\\VBoxSvr\shared_data\raw\windows_powershell_reverse_tcp_ssl.exe.text.rdata.reloc;Eliminado;Objeto eliminado;HEUR:Trojan.Win32.Generic;;Archivo;\\VBoxSvr\shared_data\raw;windows_powershell_reverse_tcp_ssl.exe.text.rdata.reloc;Eliminado;Troyano;Alta;Análisis heurístico;TFM-VI\V;Usuario activo
Hoy, 5/24/2026 7:47:51 AM;\\VBoxSvr\shared_data\raw\windows_powershell_bind_tcp.exe.data;Copia de seguridad creada;Se ha creado una copia de seguridad del objeto;HEUR:Trojan.Win32.Generic;;Archivo;\\VBoxSvr\shared_data\raw;windows_powershell_bind_tcp.exe.data;Copia de seguridad creada;Troyano;Alta;Análisis heurístico;TFM-VI\V;Usuario activo
Hoy, 5/24/2026 7:47:51 AM;\\VBoxSvr\shared_data\raw\windows_powershell_reverse_tcp_ssl.exe.reloc;Copia de seguridad creada;Se ha creado una copia de seguridad del objeto;HEUR:Trojan.Win32.Generic;;Archivo;\\VBoxSvr\shared_data\raw;windows_powershell_reverse_tcp_ssl.exe.reloc;Copia de seguridad creada;Troyano;Alta;Análisis heurístico;TFM-VI\V;Usuario activo
Hoy, 5/24/2026 7:47:52 AM;\\VBoxSvr\shared_data\raw\windows_shell_reverse_tcp_rc4.exe._header_.text.rdata.data.reloc;Copia de seguridad creada;Se ha creado una copia de seguridad del objeto;HEUR:Trojan.Win32.Shella.gen;;Archivo;\\VBoxSvr\shared_data\raw;windows_shell_reverse_tcp_rc4.exe._header_.text.rdata.data.reloc;Copia de seguridad creada;Troyano;Alta;Análisis heurístico;TFM-VI\V;Usuario activo
Hoy, 5/24/2026 7:47:52 AM;\\VBoxSvr\shared_data\raw\windows_powershell_reverse_tcp_ssl.exe.text.rdata.reloc;Copia de seguridad creada;Se ha creado una copia de seguridad del objeto;HEUR:Trojan.Win32.Generic;;Archivo;\\VBoxSvr\shared_data\raw;windows_powershell_reverse_tcp_ssl.exe.text.rdata.reloc;Copia de seguridad creada;Troyano;Alta;Análisis heurístico;TFM-VI\V;Usuario activo
Hoy, 5/24/2026 7:47:52 AM;\\VBoxSvr\shared_data\raw\windows_powershell_reverse_tcp.exe.text.rdata;Detectados;Objeto malicioso detectado;HEUR:Trojan.Win32.Generic;Hash;Archivo;\\VBoxSvr\shared_data\raw;windows_powershell_reverse_tcp.exe.text.rdata;Detectados;Troyano;Alta;Análisis heurístico;TFM-VI\V;Usuario activo
Hoy, 5/24/2026 7:47:52 AM;\\VBoxSvr\shared_data\raw\windows_shell_reverse_tcp_rc4.exe._header_.rdata.data;Detectados;Objeto malicioso detectado;HEUR:Trojan.Win32.Shella.gen;Hash;Archivo;\\VBoxSvr\shared_data\raw;windows_shell_reverse_tcp_rc4.exe._header_.rdata.data;Detectados;Troyano;Alta;Análisis heurístico;TFM-VI\V;Usuario activo
Hoy, 5/24/2026 7:47:52 AM;\\VBoxSvr\shared_data\raw\windows_encrypted_shell_reverse_tcp.exe.text.rdata.data.reloc;Detectados;Objeto malicioso detectado;HEUR:Trojan.Win32.Generic;Hash;Archivo;\\VBoxSvr\shared_data\raw;windows_encrypted_shell_reverse_tcp.exe.text.rdata.data.reloc;Detectados;Troyano;Alta;Parcial;TFM-VI\V;Usuario activo
Hoy, 5/24/2026 7:47:53 AM;\\VBoxSvr\shared_data\raw\windows_meterpreter_bind_tcp.exe.data;Detectados;Objeto malicioso detectado;HEUR:Trojan.Win32.Generic;Hash;Archivo;\\VBoxSvr\shared_data\raw;windows_meterpreter_bind_tcp.exe.data;Detectados;Troyano;Alta;Parcial;TFM-VI\V;Usuario activo
Hoy, 5/24/2026 7:47:53 AM;\\VBoxSvr\shared_data\raw\windows_exec.exe.data;Detectados;Objeto malicioso detectado;HEUR:Trojan.Win32.Generic;Hash;Archivo;\\VBoxSvr\shared_data\raw;windows_exec.exe.data;Detectados;Troyano;Alta;Análisis heurístico;TFM-VI\V;Usuario activo
Hoy, 5/24/2026 7:47:52 AM;\\VBoxSvr\shared_data\raw\windows_powershell_reverse_tcp.exe.text.rdata;Eliminado;Objeto eliminado;HEUR:Trojan.Win32.Generic;;Archivo;\\VBoxSvr\shared_data\raw;windows_powershell_reverse_tcp.exe.text.rdata;Eliminado;Troyano;Alta;Análisis heurístico;TFM-VI\V;Usuario activo
Hoy, 5/24/2026 7:47:52 AM;\\VBoxSvr\shared_data\raw\windows_shell_reverse_tcp_rc4.exe._header_.rdata.data;Eliminado;Objeto eliminado;HEUR:Trojan.Win32.Shella.gen;;Archivo;\\VBoxSvr\shared_data\raw;windows_shell_reverse_tcp_rc4.exe._header_.rdata.data;Eliminado;Troyano;Alta;Análisis heurístico;TFM-VI\V;Usuario activo
Hoy, 5/24/2026 7:47:52 AM;\\VBoxSvr\shared_data\raw\windows_encrypted_shell_reverse_tcp.exe.text.rdata.data.reloc;Eliminado;Objeto eliminado;HEUR:Trojan.Win32.Generic;;Archivo;\\VBoxSvr\shared_data\raw;windows_encrypted_shell_reverse_tcp.exe.text.rdata.data.reloc;Eliminado;Troyano;Alta;Parcial;TFM-VI\V;Usuario activo
Hoy, 5/24/2026 7:47:53 AM;\\VBoxSvr\shared_data\raw\windows_meterpreter_bind_tcp.exe.data;Eliminado;Objeto eliminado;HEUR:Trojan.Win32.Generic;;Archivo;\\VBoxSvr\shared_data\raw;windows_meterpreter_bind_tcp.exe.data;Eliminado;Troyano;Alta;Parcial;TFM-VI\V;Usuario activo
Hoy, 5/24/2026 7:47:52 AM;\\VBoxSvr\shared_data\raw\windows_powershell_reverse_tcp.exe.text.rdata;Copia de seguridad creada;Se ha creado una copia de seguridad del objeto;HEUR:Trojan.Win32.Generic;;Archivo;\\VBoxSvr\shared_data\raw;windows_powershell_reverse_tcp.exe.text.rdata;Copia de seguridad creada;Troyano;Alta;Análisis heurístico;TFM-VI\V;Usuario activo
Hoy, 5/24/2026 7:47:52 AM;\\VBoxSvr\shared_data\raw\windows_shell_reverse_tcp_rc4.exe._header_.rdata.data;Copia de seguridad creada;Se ha creado una copia de seguridad del objeto;HEUR:Trojan.Win32.Shella.gen;;Archivo;\\VBoxSvr\shared_data\raw;windows_shell_reverse_tcp_rc4.exe._header_.rdata.data;Copia de seguridad creada;Troyano;Alta;Análisis heurístico;TFM-VI\V;Usuario activo
Hoy, 5/24/2026 7:47:52 AM;\\VBoxSvr\shared_data\raw\windows_encrypted_shell_reverse_tcp.exe.text.rdata.data.reloc;Copia de seguridad creada;Se ha creado una copia de seguridad del objeto;HEUR:Trojan.Win32.Generic;;Archivo;\\VBoxSvr\shared_data\raw;windows_encrypted_shell_reverse_tcp.exe.text.rdata.data.reloc;Copia de seguridad creada;Troyano;Alta;Parcial;TFM-VI\V;Usuario activo
Hoy, 5/24/2026 7:47:53 AM;\\VBoxSvr\shared_data\raw\windows_meterpreter_bind_tcp.exe.data;Copia de seguridad creada;Se ha creado una copia de seguridad del objeto;HEUR:Trojan.Win32.Generic;;Archivo;\\VBoxSvr\shared_data\raw;windows_meterpreter_bind_tcp.exe.data;Copia de seguridad creada;Troyano;Alta;Parcial;TFM-VI\V;Usuario activo
Hoy, 5/24/2026 7:47:53 AM;\\VBoxSvr\shared_data\raw\windows_exec.exe.data;Copia de seguridad creada;Se ha creado una copia de seguridad del objeto;HEUR:Trojan.Win32.Generic;;Archivo;\\VBoxSvr\shared_data\raw;windows_exec.exe.data;Copia de seguridad creada;Troyano;Alta;Análisis heurístico;TFM-VI\V;Usuario activo
Hoy, 5/24/2026 7:47:53 AM;\\VBoxSvr\shared_data\raw\windows_shell_bind_tcp.exe._header_.rdata.data.reloc;Detectados;Objeto malicioso detectado;HEUR:Trojan.Win32.Shelma.gen;Hash;Archivo;\\VBoxSvr\shared_data\raw;windows_shell_bind_tcp.exe._header_.rdata.data.reloc;Detectados;Troyano;Alta;Análisis heurístico;TFM-VI\V;Usuario activo
Hoy, 5/24/2026 7:47:54 AM;\\VBoxSvr\shared_data\raw\windows_meterpreter_reverse_https.exe;Detectados;Objeto malicioso detectado;HEUR:Trojan.Win32.Generic;Hash;Archivo;\\VBoxSvr\shared_data\raw;windows_meterpreter_reverse_https.exe;Detectados;Troyano;Alta;Parcial;TFM-VI\V;Usuario activo
Hoy, 5/24/2026 7:47:53 AM;\\VBoxSvr\shared_data\raw\windows_exec.exe.data;Eliminado;Objeto eliminado;HEUR:Trojan.Win32.Generic;;Archivo;\\VBoxSvr\shared_data\raw;windows_exec.exe.data;Eliminado;Troyano;Alta;Análisis heurístico;TFM-VI\V;Usuario activo
Hoy, 5/24/2026 7:47:53 AM;\\VBoxSvr\shared_data\raw\windows_shell_bind_tcp.exe._header_.rdata.data.reloc;Eliminado;Objeto eliminado;HEUR:Trojan.Win32.Shelma.gen;;Archivo;\\VBoxSvr\shared_data\raw;windows_shell_bind_tcp.exe._header_.rdata.data.reloc;Eliminado;Troyano;Alta;Análisis heurístico;TFM-VI\V;Usuario activo
Hoy, 5/24/2026 7:47:54 AM;\\VBoxSvr\shared_data\raw\windows_meterpreter_reverse_https.exe;Eliminado;Objeto eliminado;HEUR:Trojan.Win32.Generic;;Archivo;\\VBoxSvr\shared_data\raw;windows_meterpreter_reverse_https.exe;Eliminado;Troyano;Alta;Parcial;TFM-VI\V;Usuario activo
Hoy, 5/24/2026 7:47:53 AM;\\VBoxSvr\shared_data\raw\windows_shell_bind_tcp.exe._header_.rdata.data.reloc;Copia de seguridad creada;Se ha creado una copia de seguridad del objeto;HEUR:Trojan.Win32.Shelma.gen;;Archivo;\\VBoxSvr\shared_data\raw;windows_shell_bind_tcp.exe._header_.rdata.data.reloc;Copia de seguridad creada;Troyano;Alta;Análisis heurístico;TFM-VI\V;Usuario activo
Hoy, 5/24/2026 7:47:54 AM;\\VBoxSvr\shared_data\raw\windows_meterpreter_reverse_https.exe;Copia de seguridad creada;Se ha creado una copia de seguridad del objeto;HEUR:Trojan.Win32.Generic;;Archivo;\\VBoxSvr\shared_data\raw;windows_meterpreter_reverse_https.exe;Copia de seguridad creada;Troyano;Alta;Parcial;TFM-VI\V;Usuario activo
Hoy, 5/24/2026 7:47:54 AM;\\VBoxSvr\shared_data\raw\windows_shell_reverse_tcp_rc4.exe._header_.data;Detectados;Objeto malicioso detectado;HEUR:Trojan.Win32.Shella.gen;Hash;Archivo;\\VBoxSvr\shared_data\raw;windows_shell_reverse_tcp_rc4.exe._header_.data;Detectados;Troyano;Alta;Análisis heurístico;TFM-VI\V;Usuario activo
Hoy, 5/24/2026 7:47:54 AM;\\VBoxSvr\shared_data\raw\windows_shell_reverse_tcp_rc4.exe.rdata.reloc;Detectados;Objeto malicioso detectado;HEUR:Trojan.Win32.Generic;Hash;Archivo;\\VBoxSvr\shared_data\raw;windows_shell_reverse_tcp_rc4.exe.rdata.reloc;Detectados;Troyano;Alta;Parcial;TFM-VI\V;Usuario activo
Hoy, 5/24/2026 7:47:54 AM;\\VBoxSvr\shared_data\raw\windows_shell_bind_tcp.exe.text.rdata.data.reloc;Detectados;Objeto malicioso detectado;HEUR:Trojan.Win32.Generic;Hash;Archivo;\\VBoxSvr\shared_data\raw;windows_shell_bind_tcp.exe.text.rdata.data.reloc;Detectados;Troyano;Alta;Parcial;TFM-VI\V;Usuario activo
Hoy, 5/24/2026 7:47:55 AM;\\VBoxSvr\shared_data\raw\windows_powershell_reverse_tcp_ssl.exe.text.data.reloc;Detectados;Objeto malicioso detectado;HEUR:Trojan.Win32.Generic;Hash;Archivo;\\VBoxSvr\shared_data\raw;windows_powershell_reverse_tcp_ssl.exe.text.data.reloc;Detectados;Troyano;Alta;Análisis heurístico;TFM-VI\V;Usuario activo
Hoy, 5/24/2026 7:47:55 AM;\\VBoxSvr\shared_data\raw\windows_powershell_reverse_tcp_ssl.exe.data;Detectados;Objeto malicioso detectado;HEUR:Trojan.Win32.Generic;Hash;Archivo;\\VBoxSvr\shared_data\raw;windows_powershell_reverse_tcp_ssl.exe.data;Detectados;Troyano;Alta;Análisis heurístico;TFM-VI\V;Usuario activo
Hoy, 5/24/2026 7:47:54 AM;\\VBoxSvr\shared_data\raw\windows_shell_reverse_tcp_rc4.exe._header_.data;Eliminado;Objeto eliminado;HEUR:Trojan.Win32.Shella.gen;;Archivo;\\VBoxSvr\shared_data\raw;windows_shell_reverse_tcp_rc4.exe._header_.data;Eliminado;Troyano;Alta;Análisis heurístico;TFM-VI\V;Usuario activo
Hoy, 5/24/2026 7:47:54 AM;\\VBoxSvr\shared_data\raw\windows_shell_reverse_tcp_rc4.exe.rdata.reloc;Eliminado;Objeto eliminado;HEUR:Trojan.Win32.Generic;;Archivo;\\VBoxSvr\shared_data\raw;windows_shell_reverse_tcp_rc4.exe.rdata.reloc;Eliminado;Troyano;Alta;Parcial;TFM-VI\V;Usuario activo
Hoy, 5/24/2026 7:47:54 AM;\\VBoxSvr\shared_data\raw\windows_shell_bind_tcp.exe.text.rdata.data.reloc;Eliminado;Objeto eliminado;HEUR:Trojan.Win32.Generic;;Archivo;\\VBoxSvr\shared_data\raw;windows_shell_bind_tcp.exe.text.rdata.data.reloc;Eliminado;Troyano;Alta;Parcial;TFM-VI\V;Usuario activo
Hoy, 5/24/2026 7:47:55 AM;\\VBoxSvr\shared_data\raw\windows_powershell_reverse_tcp_ssl.exe.text.data.reloc;Eliminado;Objeto eliminado;HEUR:Trojan.Win32.Generic;;Archivo;\\VBoxSvr\shared_data\raw;windows_powershell_reverse_tcp_ssl.exe.text.data.reloc;Eliminado;Troyano;Alta;Análisis heurístico;TFM-VI\V;Usuario activo
Hoy, 5/24/2026 7:47:55 AM;\\VBoxSvr\shared_data\raw\windows_powershell_reverse_tcp_ssl.exe.data;Eliminado;Objeto eliminado;HEUR:Trojan.Win32.Generic;;Archivo;\\VBoxSvr\shared_data\raw;windows_powershell_reverse_tcp_ssl.exe.data;Eliminado;Troyano;Alta;Análisis heurístico;TFM-VI\V;Usuario activo
Hoy, 5/24/2026 7:47:54 AM;\\VBoxSvr\shared_data\raw\windows_shell_reverse_tcp_rc4.exe._header_.data;Copia de seguridad creada;Se ha creado una copia de seguridad del objeto;HEUR:Trojan.Win32.Shella.gen;;Archivo;\\VBoxSvr\shared_data\raw;windows_shell_reverse_tcp_rc4.exe._header_.data;Copia de seguridad creada;Troyano;Alta;Análisis heurístico;TFM-VI\V;Usuario activo
Hoy, 5/24/2026 7:47:54 AM;\\VBoxSvr\shared_data\raw\windows_shell_reverse_tcp_rc4.exe.rdata.reloc;Copia de seguridad creada;Se ha creado una copia de seguridad del objeto;HEUR:Trojan.Win32.Generic;;Archivo;\\VBoxSvr\shared_data\raw;windows_shell_reverse_tcp_rc4.exe.rdata.reloc;Copia de seguridad creada;Troyano;Alta;Parcial;TFM-VI\V;Usuario activo
Hoy, 5/24/2026 7:47:54 AM;\\VBoxSvr\shared_data\raw\windows_shell_bind_tcp.exe.text.rdata.data.reloc;Copia de seguridad creada;Se ha creado una copia de seguridad del objeto;HEUR:Trojan.Win32.Generic;;Archivo;\\VBoxSvr\shared_data\raw;windows_shell_bind_tcp.exe.text.rdata.data.reloc;Copia de seguridad creada;Troyano;Alta;Parcial;TFM-VI\V;Usuario activo
Hoy, 5/24/2026 7:47:55 AM;\\VBoxSvr\shared_data\raw\windows_powershell_reverse_tcp_ssl.exe.text.data.reloc;Copia de seguridad creada;Se ha creado una copia de seguridad del objeto;HEUR:Trojan.Win32.Generic;;Archivo;\\VBoxSvr\shared_data\raw;windows_powershell_reverse_tcp_ssl.exe.text.data.reloc;Copia de seguridad creada;Troyano;Alta;Análisis heurístico;TFM-VI\V;Usuario activo
Hoy, 5/24/2026 7:47:55 AM;\\VBoxSvr\shared_data\raw\windows_powershell_reverse_tcp_ssl.exe.data;Copia de seguridad creada;Se ha creado una copia de seguridad del objeto;HEUR:Trojan.Win32.Generic;;Archivo;\\VBoxSvr\shared_data\raw;windows_powershell_reverse_tcp_ssl.exe.data;Copia de seguridad creada;Troyano;Alta;Análisis heurístico;TFM-VI\V;Usuario activo
Hoy, 5/24/2026 7:47:55 AM;\\VBoxSvr\shared_data\raw\windows_meterpreter_reverse_tcp.exe.reloc;Detectados;Objeto malicioso detectado;HEUR:Trojan.Win32.Generic;Hash;Archivo;\\VBoxSvr\shared_data\raw;windows_meterpreter_reverse_tcp.exe.reloc;Detectados;Troyano;Alta;Parcial;TFM-VI\V;Usuario activo
Hoy, 5/24/2026 7:47:56 AM;\\VBoxSvr\shared_data\raw\windows_meterpreter_reverse_tcp.exe.rdata.reloc;Detectados;Objeto malicioso detectado;HEUR:Trojan.Win32.Generic;Hash;Archivo;\\VBoxSvr\shared_data\raw;windows_meterpreter_reverse_tcp.exe.rdata.reloc;Detectados;Troyano;Alta;Parcial;TFM-VI\V;Usuario activo
Hoy, 5/24/2026 7:47:56 AM;\\VBoxSvr\shared_data\raw\windows_shell_hidden_bind_tcp.exe.text;Detectados;Objeto malicioso detectado;HEUR:Trojan.Win32.Generic;Hash;Archivo;\\VBoxSvr\shared_data\raw;windows_shell_hidden_bind_tcp.exe.text;Detectados;Troyano;Alta;Parcial;TFM-VI\V;Usuario activo
Hoy, 5/24/2026 7:47:55 AM;\\VBoxSvr\shared_data\raw\windows_meterpreter_reverse_tcp.exe.reloc;Eliminado;Objeto eliminado;HEUR:Trojan.Win32.Generic;;Archivo;\\VBoxSvr\shared_data\raw;windows_meterpreter_reverse_tcp.exe.reloc;Eliminado;Troyano;Alta;Parcial;TFM-VI\V;Usuario activo
Hoy, 5/24/2026 7:47:56 AM;\\VBoxSvr\shared_data\raw\windows_meterpreter_reverse_tcp.exe.rdata.reloc;Eliminado;Objeto eliminado;HEUR:Trojan.Win32.Generic;;Archivo;\\VBoxSvr\shared_data\raw;windows_meterpreter_reverse_tcp.exe.rdata.reloc;Eliminado;Troyano;Alta;Parcial;TFM-VI\V;Usuario activo
Hoy, 5/24/2026 7:47:55 AM;\\VBoxSvr\shared_data\raw\windows_meterpreter_reverse_tcp.exe.reloc;Copia de seguridad creada;Se ha creado una copia de seguridad del objeto;HEUR:Trojan.Win32.Generic;;Archivo;\\VBoxSvr\shared_data\raw;windows_meterpreter_reverse_tcp.exe.reloc;Copia de seguridad creada;Troyano;Alta;Parcial;TFM-VI\V;Usuario activo
Hoy, 5/24/2026 7:47:56 AM;\\VBoxSvr\shared_data\raw\windows_meterpreter_reverse_tcp.exe.rdata.reloc;Copia de seguridad creada;Se ha creado una copia de seguridad del objeto;HEUR:Trojan.Win32.Generic;;Archivo;\\VBoxSvr\shared_data\raw;windows_meterpreter_reverse_tcp.exe.rdata.reloc;Copia de seguridad creada;Troyano;Alta;Parcial;TFM-VI\V;Usuario activo
Hoy, 5/24/2026 7:47:56 AM;\\VBoxSvr\shared_data\raw\windows_shell_hidden_bind_tcp.exe.text;Copia de seguridad creada;Se ha creado una copia de seguridad del objeto;HEUR:Trojan.Win32.Generic;;Archivo;\\VBoxSvr\shared_data\raw;windows_shell_hidden_bind_tcp.exe.text;Copia de seguridad creada;Troyano;Alta;Parcial;TFM-VI\V;Usuario activo
Hoy, 5/24/2026 7:47:56 AM;\\VBoxSvr\shared_data\raw\windows_shell_hidden_bind_tcp.exe.text;Eliminado;Objeto eliminado;HEUR:Trojan.Win32.Generic;;Archivo;\\VBoxSvr\shared_data\raw;windows_shell_hidden_bind_tcp.exe.text;Eliminado;Troyano;Alta;Parcial;TFM-VI\V;Usuario activo
Hoy, 5/24/2026 7:47:56 AM;\\VBoxSvr\shared_data\raw\windows_pingback_bind_tcp.exe.data.reloc;Detectados;Objeto malicioso detectado;HEUR:Trojan.Win32.Generic;Hash;Archivo;\\VBoxSvr\shared_data\raw;windows_pingback_bind_tcp.exe.data.reloc;Detectados;Troyano;Alta;Parcial;TFM-VI\V;Usuario activo
Hoy, 5/24/2026 7:47:56 AM;\\VBoxSvr\shared_data\raw\windows_shell_hidden_bind_tcp.exe.data;Detectados;Objeto malicioso detectado;HEUR:Trojan.Win32.Generic;Hash;Archivo;\\VBoxSvr\shared_data\raw;windows_shell_hidden_bind_tcp.exe.data;Detectados;Troyano;Alta;Parcial;TFM-VI\V;Usuario activo
Hoy, 5/24/2026 7:47:56 AM;\\VBoxSvr\shared_data\raw\windows_encrypted_shell_reverse_tcp.exe.reloc;Detectados;Objeto malicioso detectado;HEUR:Trojan.Win32.Generic;Hash;Archivo;\\VBoxSvr\shared_data\raw;windows_encrypted_shell_reverse_tcp.exe.reloc;Detectados;Troyano;Alta;Parcial;TFM-VI\V;Usuario activo
Hoy, 5/24/2026 7:47:57 AM;\\VBoxSvr\shared_data\raw\windows_meterpreter_bind_tcp.exe.text.rdata;Detectados;Objeto malicioso detectado;HEUR:Trojan.Win32.Generic;Hash;Archivo;\\VBoxSvr\shared_data\raw;windows_meterpreter_bind_tcp.exe.text.rdata;Detectados;Troyano;Alta;Parcial;TFM-VI\V;Usuario activo
Hoy, 5/24/2026 7:47:57 AM;\\VBoxSvr\shared_data\upx\default\windows_pingback_reverse_tcp.exeUPX0UPX2;Detectados;Objeto malicioso detectado;HEUR:Trojan.Win32.Generic;Hash;Archivo;\\VBoxSvr\shared_data\upx\default;windows_pingback_reverse_tcp.exeUPX0UPX2;Detectados;Troyano;Alta;Parcial;TFM-VI\V;Usuario activo
Hoy, 5/24/2026 7:47:57 AM;\\VBoxSvr\shared_data\upx\default\windows_shell_reverse_tcp_rc4.exe;Detectados;Objeto malicioso detectado;HEUR:Trojan.Win32.Generic;Hash;Archivo;\\VBoxSvr\shared_data\upx\default;windows_shell_reverse_tcp_rc4.exe;Detectados;Troyano;Alta;Parcial;TFM-VI\V;Usuario activo
Hoy, 5/24/2026 7:47:56 AM;\\VBoxSvr\shared_data\raw\windows_pingback_bind_tcp.exe.data.reloc;Eliminado;Objeto eliminado;HEUR:Trojan.Win32.Generic;;Archivo;\\VBoxSvr\shared_data\raw;windows_pingback_bind_tcp.exe.data.reloc;Eliminado;Troyano;Alta;Parcial;TFM-VI\V;Usuario activo
Hoy, 5/24/2026 7:47:56 AM;\\VBoxSvr\shared_data\raw\windows_shell_hidden_bind_tcp.exe.data;Eliminado;Objeto eliminado;HEUR:Trojan.Win32.Generic;;Archivo;\\VBoxSvr\shared_data\raw;windows_shell_hidden_bind_tcp.exe.data;Eliminado;Troyano;Alta;Parcial;TFM-VI\V;Usuario activo
Hoy, 5/24/2026 7:47:56 AM;\\VBoxSvr\shared_data\raw\windows_encrypted_shell_reverse_tcp.exe.reloc;Eliminado;Objeto eliminado;HEUR:Trojan.Win32.Generic;;Archivo;\\VBoxSvr\shared_data\raw;windows_encrypted_shell_reverse_tcp.exe.reloc;Eliminado;Troyano;Alta;Parcial;TFM-VI\V;Usuario activo
Hoy, 5/24/2026 7:47:57 AM;\\VBoxSvr\shared_data\raw\windows_meterpreter_bind_tcp.exe.text.rdata;Eliminado;Objeto eliminado;HEUR:Trojan.Win32.Generic;;Archivo;\\VBoxSvr\shared_data\raw;windows_meterpreter_bind_tcp.exe.text.rdata;Eliminado;Troyano;Alta;Parcial;TFM-VI\V;Usuario activo
Hoy, 5/24/2026 7:47:57 AM;\\VBoxSvr\shared_data\upx\default\windows_pingback_reverse_tcp.exeUPX0UPX2;Eliminado;Objeto eliminado;HEUR:Trojan.Win32.Generic;;Archivo;\\VBoxSvr\shared_data\upx\default;windows_pingback_reverse_tcp.exeUPX0UPX2;Eliminado;Troyano;Alta;Parcial;TFM-VI\V;Usuario activo
Hoy, 5/24/2026 7:47:56 AM;\\VBoxSvr\shared_data\raw\windows_pingback_bind_tcp.exe.data.reloc;Copia de seguridad creada;Se ha creado una copia de seguridad del objeto;HEUR:Trojan.Win32.Generic;;Archivo;\\VBoxSvr\shared_data\raw;windows_pingback_bind_tcp.exe.data.reloc;Copia de seguridad creada;Troyano;Alta;Parcial;TFM-VI\V;Usuario activo
Hoy, 5/24/2026 7:47:56 AM;\\VBoxSvr\shared_data\raw\windows_shell_hidden_bind_tcp.exe.data;Copia de seguridad creada;Se ha creado una copia de seguridad del objeto;HEUR:Trojan.Win32.Generic;;Archivo;\\VBoxSvr\shared_data\raw;windows_shell_hidden_bind_tcp.exe.data;Copia de seguridad creada;Troyano;Alta;Parcial;TFM-VI\V;Usuario activo
Hoy, 5/24/2026 7:47:56 AM;\\VBoxSvr\shared_data\raw\windows_encrypted_shell_reverse_tcp.exe.reloc;Copia de seguridad creada;Se ha creado una copia de seguridad del objeto;HEUR:Trojan.Win32.Generic;;Archivo;\\VBoxSvr\shared_data\raw;windows_encrypted_shell_reverse_tcp.exe.reloc;Copia de seguridad creada;Troyano;Alta;Parcial;TFM-VI\V;Usuario activo
Hoy, 5/24/2026 7:47:57 AM;\\VBoxSvr\shared_data\raw\windows_meterpreter_bind_tcp.exe.text.rdata;Copia de seguridad creada;Se ha creado una copia de seguridad del objeto;HEUR:Trojan.Win32.Generic;;Archivo;\\VBoxSvr\shared_data\raw;windows_meterpreter_bind_tcp.exe.text.rdata;Copia de seguridad creada;Troyano;Alta;Parcial;TFM-VI\V;Usuario activo
Hoy, 5/24/2026 7:47:57 AM;\\VBoxSvr\shared_data\upx\default\windows_pingback_reverse_tcp.exeUPX0UPX2;Copia de seguridad creada;Se ha creado una copia de seguridad del objeto;HEUR:Trojan.Win32.Generic;;Archivo;\\VBoxSvr\shared_data\upx\default;windows_pingback_reverse_tcp.exeUPX0UPX2;Copia de seguridad creada;Troyano;Alta;Parcial;TFM-VI\V;Usuario activo
Hoy, 5/24/2026 7:47:57 AM;\\VBoxSvr\shared_data\upx\default\windows_shell_reverse_tcp_rc4.exe;Copia de seguridad creada;Se ha creado una copia de seguridad del objeto;HEUR:Trojan.Win32.Generic;;Archivo;\\VBoxSvr\shared_data\upx\default;windows_shell_reverse_tcp_rc4.exe;Copia de seguridad creada;Troyano;Alta;Parcial;TFM-VI\V;Usuario activo
Hoy, 5/24/2026 7:47:57 AM;\\VBoxSvr\shared_data\upx\default\windows_pingback_reverse_tcp.exeUPX0;Detectados;Objeto malicioso detectado;HEUR:Trojan.Win32.Generic;Hash;Archivo;\\VBoxSvr\shared_data\upx\default;windows_pingback_reverse_tcp.exeUPX0;Detectados;Troyano;Alta;Parcial;TFM-VI\V;Usuario activo
Hoy, 5/24/2026 7:47:57 AM;\\VBoxSvr\shared_data\upx\default\windows_powershell_reverse_tcp.exeUPX2;Detectados;Objeto malicioso detectado;HEUR:Trojan.Win32.Generic;Hash;Archivo;\\VBoxSvr\shared_data\upx\default;windows_powershell_reverse_tcp.exeUPX2;Detectados;Troyano;Alta;Análisis heurístico;TFM-VI\V;Usuario activo
Hoy, 5/24/2026 7:47:58 AM;\\VBoxSvr\shared_data\upx\default\windows_pingback_reverse_tcp.exe;Detectados;Objeto malicioso detectado;HEUR:Trojan.Win32.Generic;Hash;Archivo;\\VBoxSvr\shared_data\upx\default;windows_pingback_reverse_tcp.exe;Detectados;Troyano;Alta;Parcial;TFM-VI\V;Usuario activo
Hoy, 5/24/2026 7:47:58 AM;\\VBoxSvr\shared_data\upx\default\windows_exec.exeUPX0UPX2;Detectados;Objeto malicioso detectado;HEUR:Trojan.Win32.Generic;Hash;Archivo;\\VBoxSvr\shared_data\upx\default;windows_exec.exeUPX0UPX2;Detectados;Troyano;Alta;Análisis heurístico;TFM-VI\V;Usuario activo
Hoy, 5/24/2026 7:47:57 AM;\\VBoxSvr\shared_data\upx\default\windows_shell_reverse_tcp_rc4.exe;Eliminado;Objeto eliminado;HEUR:Trojan.Win32.Generic;;Archivo;\\VBoxSvr\shared_data\upx\default;windows_shell_reverse_tcp_rc4.exe;Eliminado;Troyano;Alta;Parcial;TFM-VI\V;Usuario activo
Hoy, 5/24/2026 7:47:57 AM;\\VBoxSvr\shared_data\upx\default\windows_pingback_reverse_tcp.exeUPX0;Eliminado;Objeto eliminado;HEUR:Trojan.Win32.Generic;;Archivo;\\VBoxSvr\shared_data\upx\default;windows_pingback_reverse_tcp.exeUPX0;Eliminado;Troyano;Alta;Parcial;TFM-VI\V;Usuario activo
Hoy, 5/24/2026 7:47:57 AM;\\VBoxSvr\shared_data\upx\default\windows_powershell_reverse_tcp.exeUPX2;Eliminado;Objeto eliminado;HEUR:Trojan.Win32.Generic;;Archivo;\\VBoxSvr\shared_data\upx\default;windows_powershell_reverse_tcp.exeUPX2;Eliminado;Troyano;Alta;Análisis heurístico;TFM-VI\V;Usuario activo
Hoy, 5/24/2026 7:47:58 AM;\\VBoxSvr\shared_data\upx\default\windows_pingback_reverse_tcp.exe;Eliminado;Objeto eliminado;HEUR:Trojan.Win32.Generic;;Archivo;\\VBoxSvr\shared_data\upx\default;windows_pingback_reverse_tcp.exe;Eliminado;Troyano;Alta;Parcial;TFM-VI\V;Usuario activo
Hoy, 5/24/2026 7:47:58 AM;\\VBoxSvr\shared_data\upx\default\windows_exec.exeUPX0UPX2;Eliminado;Objeto eliminado;HEUR:Trojan.Win32.Generic;;Archivo;\\VBoxSvr\shared_data\upx\default;windows_exec.exeUPX0UPX2;Eliminado;Troyano;Alta;Análisis heurístico;TFM-VI\V;Usuario activo
Hoy, 5/24/2026 7:47:57 AM;\\VBoxSvr\shared_data\upx\default\windows_pingback_reverse_tcp.exeUPX0;Copia de seguridad creada;Se ha creado una copia de seguridad del objeto;HEUR:Trojan.Win32.Generic;;Archivo;\\VBoxSvr\shared_data\upx\default;windows_pingback_reverse_tcp.exeUPX0;Copia de seguridad creada;Troyano;Alta;Parcial;TFM-VI\V;Usuario activo
Hoy, 5/24/2026 7:47:57 AM;\\VBoxSvr\shared_data\upx\default\windows_powershell_reverse_tcp.exeUPX2;Copia de seguridad creada;Se ha creado una copia de seguridad del objeto;HEUR:Trojan.Win32.Generic;;Archivo;\\VBoxSvr\shared_data\upx\default;windows_powershell_reverse_tcp.exeUPX2;Copia de seguridad creada;Troyano;Alta;Análisis heurístico;TFM-VI\V;Usuario activo
Hoy, 5/24/2026 7:47:58 AM;\\VBoxSvr\shared_data\upx\default\windows_pingback_reverse_tcp.exe;Copia de seguridad creada;Se ha creado una copia de seguridad del objeto;HEUR:Trojan.Win32.Generic;;Archivo;\\VBoxSvr\shared_data\upx\default;windows_pingback_reverse_tcp.exe;Copia de seguridad creada;Troyano;Alta;Parcial;TFM-VI\V;Usuario activo
Hoy, 5/24/2026 7:47:58 AM;\\VBoxSvr\shared_data\upx\default\windows_exec.exeUPX0UPX2;Copia de seguridad creada;Se ha creado una copia de seguridad del objeto;HEUR:Trojan.Win32.Generic;;Archivo;\\VBoxSvr\shared_data\upx\default;windows_exec.exeUPX0UPX2;Copia de seguridad creada;Troyano;Alta;Análisis heurístico;TFM-VI\V;Usuario activo
Hoy, 5/24/2026 7:47:59 AM;\\VBoxSvr\shared_data\raw\windows_meterpreter_reverse_http.exe.data.reloc;Detectados;Objeto malicioso detectado;HEUR:Trojan.Win32.Generic;Hash;Archivo;\\VBoxSvr\shared_data\raw;windows_meterpreter_reverse_http.exe.data.reloc;Detectados;Troyano;Alta;Parcial;TFM-VI\V;Usuario activo
Hoy, 5/24/2026 7:47:59 AM;\\VBoxSvr\shared_data\upx\default\windows_shell_bind_hidden_ipknock_tcp.exeUPX2;Detectados;Objeto malicioso detectado;HEUR:Trojan.Win32.Generic;Hash;Archivo;\\VBoxSvr\shared_data\upx\default;windows_shell_bind_hidden_ipknock_tcp.exeUPX2;Detectados;Troyano;Alta;Parcial;TFM-VI\V;Usuario activo
Hoy, 5/24/2026 7:47:59 AM;\\VBoxSvr\shared_data\raw\windows_meterpreter_reverse_http.exe.data.reloc;Eliminado;Objeto eliminado;HEUR:Trojan.Win32.Generic;;Archivo;\\VBoxSvr\shared_data\raw;windows_meterpreter_reverse_http.exe.data.reloc;Eliminado;Troyano;Alta;Parcial;TFM-VI\V;Usuario activo
Hoy, 5/24/2026 7:47:59 AM;\\VBoxSvr\shared_data\raw\windows_meterpreter_reverse_http.exe.data.reloc;Copia de seguridad creada;Se ha creado una copia de seguridad del objeto;HEUR:Trojan.Win32.Generic;;Archivo;\\VBoxSvr\shared_data\raw;windows_meterpreter_reverse_http.exe.data.reloc;Copia de seguridad creada;Troyano;Alta;Parcial;TFM-VI\V;Usuario activo
Hoy, 5/24/2026 7:47:59 AM;\\VBoxSvr\shared_data\upx\default\windows_shell_bind_hidden_ipknock_tcp.exeUPX2;Copia de seguridad creada;Se ha creado una copia de seguridad del objeto;HEUR:Trojan.Win32.Generic;;Archivo;\\VBoxSvr\shared_data\upx\default;windows_shell_bind_hidden_ipknock_tcp.exeUPX2;Copia de seguridad creada;Troyano;Alta;Parcial;TFM-VI\V;Usuario activo
Hoy, 5/24/2026 7:47:59 AM;\\VBoxSvr\shared_data\upx\default\windows_shell_reverse_tcp_rc4.exeUPX0UPX2;Detectados;Objeto malicioso detectado;HEUR:Trojan.Win32.Generic;Hash;Archivo;\\VBoxSvr\shared_data\upx\default;windows_shell_reverse_tcp_rc4.exeUPX0UPX2;Detectados;Troyano;Alta;Parcial;TFM-VI\V;Usuario activo
Hoy, 5/24/2026 7:47:59 AM;\\VBoxSvr\shared_data\upx\default\windows_powershell_reverse_tcp_ssl.exeUPX0UPX2;Detectados;Objeto malicioso detectado;HEUR:Trojan.Win32.Generic;Hash;Archivo;\\VBoxSvr\shared_data\upx\default;windows_powershell_reverse_tcp_ssl.exeUPX0UPX2;Detectados;Troyano;Alta;Análisis heurístico;TFM-VI\V;Usuario activo
Hoy, 5/24/2026 7:48:00 AM;\\VBoxSvr\shared_data\upx\default\windows_pingback_bind_tcp.exe;Detectados;Objeto malicioso detectado;HEUR:Trojan.Win32.Generic;Hash;Archivo;\\VBoxSvr\shared_data\upx\default;windows_pingback_bind_tcp.exe;Detectados;Troyano;Alta;Parcial;TFM-VI\V;Usuario activo
Hoy, 5/24/2026 7:47:59 AM;\\VBoxSvr\shared_data\upx\default\windows_shell_bind_hidden_ipknock_tcp.exeUPX2;Eliminado;Objeto eliminado;HEUR:Trojan.Win32.Generic;;Archivo;\\VBoxSvr\shared_data\upx\default;windows_shell_bind_hidden_ipknock_tcp.exeUPX2;Eliminado;Troyano;Alta;Parcial;TFM-VI\V;Usuario activo
Hoy, 5/24/2026 7:47:59 AM;\\VBoxSvr\shared_data\upx\default\windows_shell_reverse_tcp_rc4.exeUPX0UPX2;Eliminado;Objeto eliminado;HEUR:Trojan.Win32.Generic;;Archivo;\\VBoxSvr\shared_data\upx\default;windows_shell_reverse_tcp_rc4.exeUPX0UPX2;Eliminado;Troyano;Alta;Parcial;TFM-VI\V;Usuario activo
Hoy, 5/24/2026 7:48:00 AM;\\VBoxSvr\shared_data\upx\default\windows_powershell_reverse_tcp_ssl.exeUPX0UPX2;Eliminado;Objeto eliminado;HEUR:Trojan.Win32.Generic;;Archivo;\\VBoxSvr\shared_data\upx\default;windows_powershell_reverse_tcp_ssl.exeUPX0UPX2;Eliminado;Troyano;Alta;Análisis heurístico;TFM-VI\V;Usuario activo
Hoy, 5/24/2026 7:47:59 AM;\\VBoxSvr\shared_data\upx\default\windows_shell_reverse_tcp_rc4.exeUPX0UPX2;Copia de seguridad creada;Se ha creado una copia de seguridad del objeto;HEUR:Trojan.Win32.Generic;;Archivo;\\VBoxSvr\shared_data\upx\default;windows_shell_reverse_tcp_rc4.exeUPX0UPX2;Copia de seguridad creada;Troyano;Alta;Parcial;TFM-VI\V;Usuario activo
Hoy, 5/24/2026 7:47:59 AM;\\VBoxSvr\shared_data\upx\default\windows_powershell_reverse_tcp_ssl.exeUPX0UPX2;Copia de seguridad creada;Se ha creado una copia de seguridad del objeto;HEUR:Trojan.Win32.Generic;;Archivo;\\VBoxSvr\shared_data\upx\default;windows_powershell_reverse_tcp_ssl.exeUPX0UPX2;Copia de seguridad creada;Troyano;Alta;Análisis heurístico;TFM-VI\V;Usuario activo
Hoy, 5/24/2026 7:48:00 AM;\\VBoxSvr\shared_data\upx\default\windows_pingback_bind_tcp.exe;Copia de seguridad creada;Se ha creado una copia de seguridad del objeto;HEUR:Trojan.Win32.Generic;;Archivo;\\VBoxSvr\shared_data\upx\default;windows_pingback_bind_tcp.exe;Copia de seguridad creada;Troyano;Alta;Parcial;TFM-VI\V;Usuario activo
Hoy, 5/24/2026 7:48:00 AM;\\VBoxSvr\shared_data\upx\default\windows_powershell_bind_tcp.exeUPX0UPX2;Detectados;Objeto malicioso detectado;HEUR:Trojan.Win32.Generic;Hash;Archivo;\\VBoxSvr\shared_data\upx\default;windows_powershell_bind_tcp.exeUPX0UPX2;Detectados;Troyano;Alta;Análisis heurístico;TFM-VI\V;Usuario activo
Hoy, 5/24/2026 7:48:00 AM;\\VBoxSvr\shared_data\upx\default\windows_pingback_bind_tcp.exe;Eliminado;Objeto eliminado;HEUR:Trojan.Win32.Generic;;Archivo;\\VBoxSvr\shared_data\upx\default;windows_pingback_bind_tcp.exe;Eliminado;Troyano;Alta;Parcial;TFM-VI\V;Usuario activo
Hoy, 5/24/2026 7:48:00 AM;\\VBoxSvr\shared_data\upx\default\windows_powershell_bind_tcp.exeUPX0UPX2;Copia de seguridad creada;Se ha creado una copia de seguridad del objeto;HEUR:Trojan.Win32.Generic;;Archivo;\\VBoxSvr\shared_data\upx\default;windows_powershell_bind_tcp.exeUPX0UPX2;Copia de seguridad creada;Troyano;Alta;Análisis heurístico;TFM-VI\V;Usuario activo
Hoy, 5/24/2026 7:48:00 AM;\\VBoxSvr\shared_data\upx\default\windows_shell_bind_hidden_ipknock_tcp.exeUPX0UPX2;Detectados;Objeto malicioso detectado;HEUR:Trojan.Win32.Generic;Hash;Archivo;\\VBoxSvr\shared_data\upx\default;windows_shell_bind_hidden_ipknock_tcp.exeUPX0UPX2;Detectados;Troyano;Alta;Parcial;TFM-VI\V;Usuario activo
Hoy, 5/24/2026 7:48:00 AM;\\VBoxSvr\shared_data\upx\default\windows_powershell_reverse_tcp.exeUPX0;Detectados;Objeto malicioso detectado;HEUR:Trojan.Win32.Generic;Hash;Archivo;\\VBoxSvr\shared_data\upx\default;windows_powershell_reverse_tcp.exeUPX0;Detectados;Troyano;Alta;Análisis heurístico;TFM-VI\V;Usuario activo
Hoy, 5/24/2026 7:48:00 AM;\\VBoxSvr\shared_data\upx\default\windows_powershell_bind_tcp.exeUPX0UPX2;Eliminado;Objeto eliminado;HEUR:Trojan.Win32.Generic;;Archivo;\\VBoxSvr\shared_data\upx\default;windows_powershell_bind_tcp.exeUPX0UPX2;Eliminado;Troyano;Alta;Análisis heurístico;TFM-VI\V;Usuario activo
Hoy, 5/24/2026 7:48:00 AM;\\VBoxSvr\shared_data\upx\default\windows_shell_bind_hidden_ipknock_tcp.exeUPX0UPX2;Eliminado;Objeto eliminado;HEUR:Trojan.Win32.Generic;;Archivo;\\VBoxSvr\shared_data\upx\default;windows_shell_bind_hidden_ipknock_tcp.exeUPX0UPX2;Eliminado;Troyano;Alta;Parcial;TFM-VI\V;Usuario activo
Hoy, 5/24/2026 7:48:00 AM;\\VBoxSvr\shared_data\upx\default\windows_powershell_reverse_tcp.exeUPX0;Eliminado;Objeto eliminado;HEUR:Trojan.Win32.Generic;;Archivo;\\VBoxSvr\shared_data\upx\default;windows_powershell_reverse_tcp.exeUPX0;Eliminado;Troyano;Alta;Análisis heurístico;TFM-VI\V;Usuario activo
Hoy, 5/24/2026 7:48:00 AM;\\VBoxSvr\shared_data\upx\default\windows_shell_bind_hidden_ipknock_tcp.exeUPX0UPX2;Copia de seguridad creada;Se ha creado una copia de seguridad del objeto;HEUR:Trojan.Win32.Generic;;Archivo;\\VBoxSvr\shared_data\upx\default;windows_shell_bind_hidden_ipknock_tcp.exeUPX0UPX2;Copia de seguridad creada;Troyano;Alta;Parcial;TFM-VI\V;Usuario activo
Hoy, 5/24/2026 7:48:00 AM;\\VBoxSvr\shared_data\upx\default\windows_powershell_reverse_tcp.exeUPX0;Copia de seguridad creada;Se ha creado una copia de seguridad del objeto;HEUR:Trojan.Win32.Generic;;Archivo;\\VBoxSvr\shared_data\upx\default;windows_powershell_reverse_tcp.exeUPX0;Copia de seguridad creada;Troyano;Alta;Análisis heurístico;TFM-VI\V;Usuario activo
Hoy, 5/24/2026 7:48:02 AM;\\VBoxSvr\shared_data\upx\default\windows_meterpreter_reverse_http.exeUPX0;Detectados;Objeto malicioso detectado;HEUR:Trojan.Win32.Generic;Hash;Archivo;\\VBoxSvr\shared_data\upx\default;windows_meterpreter_reverse_http.exeUPX0;Detectados;Troyano;Alta;Parcial;TFM-VI\V;Usuario activo
Hoy, 5/24/2026 7:48:02 AM;\\VBoxSvr\shared_data\upx\default\windows_meterpreter_reverse_http.exeUPX0;Eliminado;Objeto eliminado;HEUR:Trojan.Win32.Generic;;Archivo;\\VBoxSvr\shared_data\upx\default;windows_meterpreter_reverse_http.exeUPX0;Eliminado;Troyano;Alta;Parcial;TFM-VI\V;Usuario activo
Hoy, 5/24/2026 7:48:02 AM;\\VBoxSvr\shared_data\upx\default\windows_meterpreter_reverse_http.exeUPX0;Copia de seguridad creada;Se ha creado una copia de seguridad del objeto;HEUR:Trojan.Win32.Generic;;Archivo;\\VBoxSvr\shared_data\upx\default;windows_meterpreter_reverse_http.exeUPX0;Copia de seguridad creada;Troyano;Alta;Parcial;TFM-VI\V;Usuario activo
Hoy, 5/24/2026 7:48:04 AM;\\VBoxSvr\shared_data\upx\default\windows_meterpreter_reverse_tcp.exeUPX0;Detectados;Objeto malicioso detectado;HEUR:Trojan.Win32.Generic;Hash;Archivo;\\VBoxSvr\shared_data\upx\default;windows_meterpreter_reverse_tcp.exeUPX0;Detectados;Troyano;Alta;Parcial;TFM-VI\V;Usuario activo
Hoy, 5/24/2026 7:48:04 AM;\\VBoxSvr\shared_data\upx\default\windows_meterpreter_reverse_tcp.exeUPX0;Eliminado;Objeto eliminado;HEUR:Trojan.Win32.Generic;;Archivo;\\VBoxSvr\shared_data\upx\default;windows_meterpreter_reverse_tcp.exeUPX0;Eliminado;Troyano;Alta;Parcial;TFM-VI\V;Usuario activo
Hoy, 5/24/2026 7:48:04 AM;\\VBoxSvr\shared_data\upx\default\windows_meterpreter_reverse_tcp.exeUPX0;Copia de seguridad creada;Se ha creado una copia de seguridad del objeto;HEUR:Trojan.Win32.Generic;;Archivo;\\VBoxSvr\shared_data\upx\default;windows_meterpreter_reverse_tcp.exeUPX0;Copia de seguridad creada;Troyano;Alta;Parcial;TFM-VI\V;Usuario activo
Hoy, 5/24/2026 7:48:04 AM;\\VBoxSvr\shared_data\upx\default\windows_shell_hidden_bind_tcp.exeUPX0UPX2;Detectados;Objeto malicioso detectado;HEUR:Trojan.Win32.Generic;Hash;Archivo;\\VBoxSvr\shared_data\upx\default;windows_shell_hidden_bind_tcp.exeUPX0UPX2;Detectados;Troyano;Alta;Parcial;TFM-VI\V;Usuario activo
Hoy, 5/24/2026 7:48:04 AM;\\VBoxSvr\shared_data\upx\default\windows_exec.exe;Detectados;Objeto malicioso detectado;HEUR:Trojan.Win32.Generic;Hash;Archivo;\\VBoxSvr\shared_data\upx\default;windows_exec.exe;Detectados;Troyano;Alta;Análisis heurístico;TFM-VI\V;Usuario activo
Hoy, 5/24/2026 7:48:05 AM;\\VBoxSvr\shared_data\upx\default\windows_powershell_bind_tcp.exeUPX2;Detectados;Objeto malicioso detectado;HEUR:Trojan.Win32.Generic;Hash;Archivo;\\VBoxSvr\shared_data\upx\default;windows_powershell_bind_tcp.exeUPX2;Detectados;Troyano;Alta;Análisis heurístico;TFM-VI\V;Usuario activo
Hoy, 5/24/2026 7:48:05 AM;\\VBoxSvr\shared_data\upx\default\windows_powershell_reverse_tcp.exeUPX0UPX2;Detectados;Objeto malicioso detectado;HEUR:Trojan.Win32.Generic;Hash;Archivo;\\VBoxSvr\shared_data\upx\default;windows_powershell_reverse_tcp.exeUPX0UPX2;Detectados;Troyano;Alta;Análisis heurístico;TFM-VI\V;Usuario activo
Hoy, 5/24/2026 7:48:04 AM;\\VBoxSvr\shared_data\upx\default\windows_shell_hidden_bind_tcp.exeUPX0UPX2;Eliminado;Objeto eliminado;HEUR:Trojan.Win32.Generic;;Archivo;\\VBoxSvr\shared_data\upx\default;windows_shell_hidden_bind_tcp.exeUPX0UPX2;Eliminado;Troyano;Alta;Parcial;TFM-VI\V;Usuario activo
Hoy, 5/24/2026 7:48:04 AM;\\VBoxSvr\shared_data\upx\default\windows_exec.exe;Eliminado;Objeto eliminado;HEUR:Trojan.Win32.Generic;;Archivo;\\VBoxSvr\shared_data\upx\default;windows_exec.exe;Eliminado;Troyano;Alta;Análisis heurístico;TFM-VI\V;Usuario activo
Hoy, 5/24/2026 7:48:05 AM;\\VBoxSvr\shared_data\upx\default\windows_powershell_bind_tcp.exeUPX2;Eliminado;Objeto eliminado;HEUR:Trojan.Win32.Generic;;Archivo;\\VBoxSvr\shared_data\upx\default;windows_powershell_bind_tcp.exeUPX2;Eliminado;Troyano;Alta;Análisis heurístico;TFM-VI\V;Usuario activo
Hoy, 5/24/2026 7:48:05 AM;\\VBoxSvr\shared_data\upx\default\windows_powershell_reverse_tcp.exeUPX0UPX2;Eliminado;Objeto eliminado;HEUR:Trojan.Win32.Generic;;Archivo;\\VBoxSvr\shared_data\upx\default;windows_powershell_reverse_tcp.exeUPX0UPX2;Eliminado;Troyano;Alta;Análisis heurístico;TFM-VI\V;Usuario activo
Hoy, 5/24/2026 7:48:04 AM;\\VBoxSvr\shared_data\upx\default\windows_shell_hidden_bind_tcp.exeUPX0UPX2;Copia de seguridad creada;Se ha creado una copia de seguridad del objeto;HEUR:Trojan.Win32.Generic;;Archivo;\\VBoxSvr\shared_data\upx\default;windows_shell_hidden_bind_tcp.exeUPX0UPX2;Copia de seguridad creada;Troyano;Alta;Parcial;TFM-VI\V;Usuario activo
Hoy, 5/24/2026 7:48:04 AM;\\VBoxSvr\shared_data\upx\default\windows_exec.exe;Copia de seguridad creada;Se ha creado una copia de seguridad del objeto;HEUR:Trojan.Win32.Generic;;Archivo;\\VBoxSvr\shared_data\upx\default;windows_exec.exe;Copia de seguridad creada;Troyano;Alta;Análisis heurístico;TFM-VI\V;Usuario activo
Hoy, 5/24/2026 7:48:05 AM;\\VBoxSvr\shared_data\upx\default\windows_powershell_bind_tcp.exeUPX2;Copia de seguridad creada;Se ha creado una copia de seguridad del objeto;HEUR:Trojan.Win32.Generic;;Archivo;\\VBoxSvr\shared_data\upx\default;windows_powershell_bind_tcp.exeUPX2;Copia de seguridad creada;Troyano;Alta;Análisis heurístico;TFM-VI\V;Usuario activo
Hoy, 5/24/2026 7:48:05 AM;\\VBoxSvr\shared_data\upx\default\windows_powershell_reverse_tcp.exeUPX0UPX2;Copia de seguridad creada;Se ha creado una copia de seguridad del objeto;HEUR:Trojan.Win32.Generic;;Archivo;\\VBoxSvr\shared_data\upx\default;windows_powershell_reverse_tcp.exeUPX0UPX2;Copia de seguridad creada;Troyano;Alta;Análisis heurístico;TFM-VI\V;Usuario activo
Hoy, 5/24/2026 7:48:05 AM;\\VBoxSvr\shared_data\upx\default\windows_powershell_reverse_tcp.exe;Detectados;Objeto malicioso detectado;HEUR:Trojan.Win32.Generic;Hash;Archivo;\\VBoxSvr\shared_data\upx\default;windows_powershell_reverse_tcp.exe;Detectados;Troyano;Alta;Análisis heurístico;TFM-VI\V;Usuario activo
Hoy, 5/24/2026 7:48:06 AM;\\VBoxSvr\shared_data\upx\default\windows_powershell_bind_tcp.exe;Detectados;Objeto malicioso detectado;HEUR:Trojan.Win32.Generic;Hash;Archivo;\\VBoxSvr\shared_data\upx\default;windows_powershell_bind_tcp.exe;Detectados;Troyano;Alta;Análisis heurístico;TFM-VI\V;Usuario activo
Hoy, 5/24/2026 7:48:05 AM;\\VBoxSvr\shared_data\upx\default\windows_powershell_reverse_tcp.exe;Eliminado;Objeto eliminado;HEUR:Trojan.Win32.Generic;;Archivo;\\VBoxSvr\shared_data\upx\default;windows_powershell_reverse_tcp.exe;Eliminado;Troyano;Alta;Análisis heurístico;TFM-VI\V;Usuario activo
Hoy, 5/24/2026 7:48:06 AM;\\VBoxSvr\shared_data\upx\default\windows_powershell_bind_tcp.exe;Eliminado;Objeto eliminado;HEUR:Trojan.Win32.Generic;;Archivo;\\VBoxSvr\shared_data\upx\default;windows_powershell_bind_tcp.exe;Eliminado;Troyano;Alta;Análisis heurístico;TFM-VI\V;Usuario activo
Hoy, 5/24/2026 7:48:05 AM;\\VBoxSvr\shared_data\upx\default\windows_powershell_reverse_tcp.exe;Copia de seguridad creada;Se ha creado una copia de seguridad del objeto;HEUR:Trojan.Win32.Generic;;Archivo;\\VBoxSvr\shared_data\upx\default;windows_powershell_reverse_tcp.exe;Copia de seguridad creada;Troyano;Alta;Análisis heurístico;TFM-VI\V;Usuario activo
Hoy, 5/24/2026 7:48:06 AM;\\VBoxSvr\shared_data\upx\default\windows_powershell_bind_tcp.exe;Copia de seguridad creada;Se ha creado una copia de seguridad del objeto;HEUR:Trojan.Win32.Generic;;Archivo;\\VBoxSvr\shared_data\upx\default;windows_powershell_bind_tcp.exe;Copia de seguridad creada;Troyano;Alta;Análisis heurístico;TFM-VI\V;Usuario activo
Hoy, 5/24/2026 7:48:07 AM;\\VBoxSvr\shared_data\upx\default\windows_meterpreter_reverse_http.exeUPX2;Detectados;Objeto malicioso detectado;HEUR:Trojan.Win32.Generic;Hash;Archivo;\\VBoxSvr\shared_data\upx\default;windows_meterpreter_reverse_http.exeUPX2;Detectados;Troyano;Alta;Parcial;TFM-VI\V;Usuario activo
Hoy, 5/24/2026 7:48:07 AM;\\VBoxSvr\shared_data\upx\default\windows_meterpreter_reverse_http.exeUPX2;Eliminado;Objeto eliminado;HEUR:Trojan.Win32.Generic;;Archivo;\\VBoxSvr\shared_data\upx\default;windows_meterpreter_reverse_http.exeUPX2;Eliminado;Troyano;Alta;Parcial;TFM-VI\V;Usuario activo
Hoy, 5/24/2026 7:48:07 AM;\\VBoxSvr\shared_data\upx\default\windows_meterpreter_reverse_http.exeUPX2;Copia de seguridad creada;Se ha creado una copia de seguridad del objeto;HEUR:Trojan.Win32.Generic;;Archivo;\\VBoxSvr\shared_data\upx\default;windows_meterpreter_reverse_http.exeUPX2;Copia de seguridad creada;Troyano;Alta;Parcial;TFM-VI\V;Usuario activo
Hoy, 5/24/2026 7:48:09 AM;\\VBoxSvr\shared_data\upx\default\windows_meterpreter_reverse_tcp.exeUPX0UPX2;Detectados;Objeto malicioso detectado;HEUR:Trojan.Win32.Generic;Hash;Archivo;\\VBoxSvr\shared_data\upx\default;windows_meterpreter_reverse_tcp.exeUPX0UPX2;Detectados;Troyano;Alta;Parcial;TFM-VI\V;Usuario activo
Hoy, 5/24/2026 7:48:09 AM;\\VBoxSvr\shared_data\upx\default\windows_meterpreter_reverse_tcp.exeUPX0UPX2;Eliminado;Objeto eliminado;HEUR:Trojan.Win32.Generic;;Archivo;\\VBoxSvr\shared_data\upx\default;windows_meterpreter_reverse_tcp.exeUPX0UPX2;Eliminado;Troyano;Alta;Parcial;TFM-VI\V;Usuario activo
Hoy, 5/24/2026 7:48:09 AM;\\VBoxSvr\shared_data\upx\default\windows_meterpreter_reverse_tcp.exeUPX0UPX2;Copia de seguridad creada;Se ha creado una copia de seguridad del objeto;HEUR:Trojan.Win32.Generic;;Archivo;\\VBoxSvr\shared_data\upx\default;windows_meterpreter_reverse_tcp.exeUPX0UPX2;Copia de seguridad creada;Troyano;Alta;Parcial;TFM-VI\V;Usuario activo
Hoy, 5/24/2026 7:48:11 AM;\\VBoxSvr\shared_data\upx\default\windows_meterpreter_reverse_https.exeUPX0UPX2;Detectados;Objeto malicioso detectado;HEUR:Trojan.Win32.Generic;Hash;Archivo;\\VBoxSvr\shared_data\upx\default;windows_meterpreter_reverse_https.exeUPX0UPX2;Detectados;Troyano;Alta;Parcial;TFM-VI\V;Usuario activo
Hoy, 5/24/2026 7:48:11 AM;\\VBoxSvr\shared_data\upx\default\windows_meterpreter_reverse_https.exeUPX0UPX2;Eliminado;Objeto eliminado;HEUR:Trojan.Win32.Generic;;Archivo;\\VBoxSvr\shared_data\upx\default;windows_meterpreter_reverse_https.exeUPX0UPX2;Eliminado;Troyano;Alta;Parcial;TFM-VI\V;Usuario activo
Hoy, 5/24/2026 7:48:11 AM;\\VBoxSvr\shared_data\upx\default\windows_meterpreter_reverse_https.exeUPX0UPX2;Copia de seguridad creada;Se ha creado una copia de seguridad del objeto;HEUR:Trojan.Win32.Generic;;Archivo;\\VBoxSvr\shared_data\upx\default;windows_meterpreter_reverse_https.exeUPX0UPX2;Copia de seguridad creada;Troyano;Alta;Parcial;TFM-VI\V;Usuario activo
Hoy, 5/24/2026 7:48:13 AM;\\VBoxSvr\shared_data\upx\default\windows_meterpreter_reverse_http.exe;Detectados;Objeto malicioso detectado;HEUR:Trojan.Win32.Generic;Hash;Archivo;\\VBoxSvr\shared_data\upx\default;windows_meterpreter_reverse_http.exe;Detectados;Troyano;Alta;Parcial;TFM-VI\V;Usuario activo
Hoy, 5/24/2026 7:48:13 AM;\\VBoxSvr\shared_data\upx\default\windows_meterpreter_reverse_http.exe;Eliminado;Objeto eliminado;HEUR:Trojan.Win32.Generic;;Archivo;\\VBoxSvr\shared_data\upx\default;windows_meterpreter_reverse_http.exe;Eliminado;Troyano;Alta;Parcial;TFM-VI\V;Usuario activo
Hoy, 5/24/2026 7:48:13 AM;\\VBoxSvr\shared_data\upx\default\windows_meterpreter_reverse_http.exe;Copia de seguridad creada;Se ha creado una copia de seguridad del objeto;HEUR:Trojan.Win32.Generic;;Archivo;\\VBoxSvr\shared_data\upx\default;windows_meterpreter_reverse_http.exe;Copia de seguridad creada;Troyano;Alta;Parcial;TFM-VI\V;Usuario activo
Hoy, 5/24/2026 7:48:15 AM;\\VBoxSvr\shared_data\upx\default\windows_meterpreter_reverse_https.exeUPX0;Detectados;Objeto malicioso detectado;HEUR:Trojan.Win32.Generic;Hash;Archivo;\\VBoxSvr\shared_data\upx\default;windows_meterpreter_reverse_https.exeUPX0;Detectados;Troyano;Alta;Parcial;TFM-VI\V;Usuario activo
Hoy, 5/24/2026 7:48:15 AM;\\VBoxSvr\shared_data\upx\default\windows_pingback_reverse_tcp.exeUPX2;Detectados;Objeto malicioso detectado;HEUR:Trojan.Win32.Generic;Hash;Archivo;\\VBoxSvr\shared_data\upx\default;windows_pingback_reverse_tcp.exeUPX2;Detectados;Troyano;Alta;Parcial;TFM-VI\V;Usuario activo
Hoy, 5/24/2026 7:48:15 AM;\\VBoxSvr\shared_data\upx\default\windows_shell_bind_hidden_ipknock_tcp.exeUPX0;Detectados;Objeto malicioso detectado;HEUR:Trojan.Win32.Generic;Hash;Archivo;\\VBoxSvr\shared_data\upx\default;windows_shell_bind_hidden_ipknock_tcp.exeUPX0;Detectados;Troyano;Alta;Parcial;TFM-VI\V;Usuario activo
Hoy, 5/24/2026 7:48:16 AM;\\VBoxSvr\shared_data\upx\default\windows_shell_hidden_bind_tcp.exeUPX0;Detectados;Objeto malicioso detectado;HEUR:Trojan.Win32.Generic;Hash;Archivo;\\VBoxSvr\shared_data\upx\default;windows_shell_hidden_bind_tcp.exeUPX0;Detectados;Troyano;Alta;Parcial;TFM-VI\V;Usuario activo
Hoy, 5/24/2026 7:48:16 AM;\\VBoxSvr\shared_data\upx\default\windows_powershell_reverse_tcp_ssl.exe;Detectados;Objeto malicioso detectado;HEUR:Trojan.Win32.Generic;Hash;Archivo;\\VBoxSvr\shared_data\upx\default;windows_powershell_reverse_tcp_ssl.exe;Detectados;Troyano;Alta;Análisis heurístico;TFM-VI\V;Usuario activo
Hoy, 5/24/2026 7:48:15 AM;\\VBoxSvr\shared_data\upx\default\windows_meterpreter_reverse_https.exeUPX0;Eliminado;Objeto eliminado;HEUR:Trojan.Win32.Generic;;Archivo;\\VBoxSvr\shared_data\upx\default;windows_meterpreter_reverse_https.exeUPX0;Eliminado;Troyano;Alta;Parcial;TFM-VI\V;Usuario activo
Hoy, 5/24/2026 7:48:15 AM;\\VBoxSvr\shared_data\upx\default\windows_pingback_reverse_tcp.exeUPX2;Eliminado;Objeto eliminado;HEUR:Trojan.Win32.Generic;;Archivo;\\VBoxSvr\shared_data\upx\default;windows_pingback_reverse_tcp.exeUPX2;Eliminado;Troyano;Alta;Parcial;TFM-VI\V;Usuario activo
Hoy, 5/24/2026 7:48:16 AM;\\VBoxSvr\shared_data\upx\default\windows_shell_bind_hidden_ipknock_tcp.exeUPX0;Eliminado;Objeto eliminado;HEUR:Trojan.Win32.Generic;;Archivo;\\VBoxSvr\shared_data\upx\default;windows_shell_bind_hidden_ipknock_tcp.exeUPX0;Eliminado;Troyano;Alta;Parcial;TFM-VI\V;Usuario activo
Hoy, 5/24/2026 7:48:16 AM;\\VBoxSvr\shared_data\upx\default\windows_shell_hidden_bind_tcp.exeUPX0;Eliminado;Objeto eliminado;HEUR:Trojan.Win32.Generic;;Archivo;\\VBoxSvr\shared_data\upx\default;windows_shell_hidden_bind_tcp.exeUPX0;Eliminado;Troyano;Alta;Parcial;TFM-VI\V;Usuario activo
Hoy, 5/24/2026 7:48:16 AM;\\VBoxSvr\shared_data\upx\default\windows_powershell_reverse_tcp_ssl.exe;Eliminado;Objeto eliminado;HEUR:Trojan.Win32.Generic;;Archivo;\\VBoxSvr\shared_data\upx\default;windows_powershell_reverse_tcp_ssl.exe;Eliminado;Troyano;Alta;Análisis heurístico;TFM-VI\V;Usuario activo
Hoy, 5/24/2026 7:48:15 AM;\\VBoxSvr\shared_data\upx\default\windows_meterpreter_reverse_https.exeUPX0;Copia de seguridad creada;Se ha creado una copia de seguridad del objeto;HEUR:Trojan.Win32.Generic;;Archivo;\\VBoxSvr\shared_data\upx\default;windows_meterpreter_reverse_https.exeUPX0;Copia de seguridad creada;Troyano;Alta;Parcial;TFM-VI\V;Usuario activo
Hoy, 5/24/2026 7:48:15 AM;\\VBoxSvr\shared_data\upx\default\windows_pingback_reverse_tcp.exeUPX2;Copia de seguridad creada;Se ha creado una copia de seguridad del objeto;HEUR:Trojan.Win32.Generic;;Archivo;\\VBoxSvr\shared_data\upx\default;windows_pingback_reverse_tcp.exeUPX2;Copia de seguridad creada;Troyano;Alta;Parcial;TFM-VI\V;Usuario activo
Hoy, 5/24/2026 7:48:15 AM;\\VBoxSvr\shared_data\upx\default\windows_shell_bind_hidden_ipknock_tcp.exeUPX0;Copia de seguridad creada;Se ha creado una copia de seguridad del objeto;HEUR:Trojan.Win32.Generic;;Archivo;\\VBoxSvr\shared_data\upx\default;windows_shell_bind_hidden_ipknock_tcp.exeUPX0;Copia de seguridad creada;Troyano;Alta;Parcial;TFM-VI\V;Usuario activo
Hoy, 5/24/2026 7:48:16 AM;\\VBoxSvr\shared_data\upx\default\windows_shell_hidden_bind_tcp.exeUPX0;Copia de seguridad creada;Se ha creado una copia de seguridad del objeto;HEUR:Trojan.Win32.Generic;;Archivo;\\VBoxSvr\shared_data\upx\default;windows_shell_hidden_bind_tcp.exeUPX0;Copia de seguridad creada;Troyano;Alta;Parcial;TFM-VI\V;Usuario activo
Hoy, 5/24/2026 7:48:16 AM;\\VBoxSvr\shared_data\upx\default\windows_powershell_reverse_tcp_ssl.exe;Copia de seguridad creada;Se ha creado una copia de seguridad del objeto;HEUR:Trojan.Win32.Generic;;Archivo;\\VBoxSvr\shared_data\upx\default;windows_powershell_reverse_tcp_ssl.exe;Copia de seguridad creada;Troyano;Alta;Análisis heurístico;TFM-VI\V;Usuario activo
Hoy, 5/24/2026 7:48:17 AM;\\VBoxSvr\shared_data\upx\default\windows_meterpreter_reverse_tcp.exe;Detectados;Objeto malicioso detectado;HEUR:Trojan.Win32.Generic;Hash;Archivo;\\VBoxSvr\shared_data\upx\default;windows_meterpreter_reverse_tcp.exe;Detectados;Troyano;Alta;Parcial;TFM-VI\V;Usuario activo
Hoy, 5/24/2026 7:48:18 AM;\\VBoxSvr\shared_data\upx\default\windows_powershell_reverse_tcp_ssl.exeUPX0;Detectados;Objeto malicioso detectado;HEUR:Trojan.Win32.Generic;Hash;Archivo;\\VBoxSvr\shared_data\upx\default;windows_powershell_reverse_tcp_ssl.exeUPX0;Detectados;Troyano;Alta;Análisis heurístico;TFM-VI\V;Usuario activo
Hoy, 5/24/2026 7:48:18 AM;\\VBoxSvr\shared_data\upx\default\windows_shell_bind_tcp.exeUPX0;Detectados;Objeto malicioso detectado;HEUR:Trojan.Win32.Generic;Hash;Archivo;\\VBoxSvr\shared_data\upx\default;windows_shell_bind_tcp.exeUPX0;Detectados;Troyano;Alta;Parcial;TFM-VI\V;Usuario activo
Hoy, 5/24/2026 7:48:18 AM;\\VBoxSvr\shared_data\upx\default\windows_shell_reverse_tcp_rc4.exeUPX0;Detectados;Objeto malicioso detectado;HEUR:Trojan.Win32.Generic;Hash;Archivo;\\VBoxSvr\shared_data\upx\default;windows_shell_reverse_tcp_rc4.exeUPX0;Detectados;Troyano;Alta;Parcial;TFM-VI\V;Usuario activo
Hoy, 5/24/2026 7:48:17 AM;\\VBoxSvr\shared_data\upx\default\windows_meterpreter_reverse_tcp.exe;Eliminado;Objeto eliminado;HEUR:Trojan.Win32.Generic;;Archivo;\\VBoxSvr\shared_data\upx\default;windows_meterpreter_reverse_tcp.exe;Eliminado;Troyano;Alta;Parcial;TFM-VI\V;Usuario activo
Hoy, 5/24/2026 7:48:18 AM;\\VBoxSvr\shared_data\upx\default\windows_powershell_reverse_tcp_ssl.exeUPX0;Eliminado;Objeto eliminado;HEUR:Trojan.Win32.Generic;;Archivo;\\VBoxSvr\shared_data\upx\default;windows_powershell_reverse_tcp_ssl.exeUPX0;Eliminado;Troyano;Alta;Análisis heurístico;TFM-VI\V;Usuario activo
Hoy, 5/24/2026 7:48:18 AM;\\VBoxSvr\shared_data\upx\default\windows_shell_bind_tcp.exeUPX0;Eliminado;Objeto eliminado;HEUR:Trojan.Win32.Generic;;Archivo;\\VBoxSvr\shared_data\upx\default;windows_shell_bind_tcp.exeUPX0;Eliminado;Troyano;Alta;Parcial;TFM-VI\V;Usuario activo
Hoy, 5/24/2026 7:48:18 AM;\\VBoxSvr\shared_data\upx\default\windows_shell_reverse_tcp_rc4.exeUPX0;Eliminado;Objeto eliminado;HEUR:Trojan.Win32.Generic;;Archivo;\\VBoxSvr\shared_data\upx\default;windows_shell_reverse_tcp_rc4.exeUPX0;Eliminado;Troyano;Alta;Parcial;TFM-VI\V;Usuario activo
Hoy, 5/24/2026 7:48:17 AM;\\VBoxSvr\shared_data\upx\default\windows_meterpreter_reverse_tcp.exe;Copia de seguridad creada;Se ha creado una copia de seguridad del objeto;HEUR:Trojan.Win32.Generic;;Archivo;\\VBoxSvr\shared_data\upx\default;windows_meterpreter_reverse_tcp.exe;Copia de seguridad creada;Troyano;Alta;Parcial;TFM-VI\V;Usuario activo
Hoy, 5/24/2026 7:48:18 AM;\\VBoxSvr\shared_data\upx\default\windows_powershell_reverse_tcp_ssl.exeUPX0;Copia de seguridad creada;Se ha creado una copia de seguridad del objeto;HEUR:Trojan.Win32.Generic;;Archivo;\\VBoxSvr\shared_data\upx\default;windows_powershell_reverse_tcp_ssl.exeUPX0;Copia de seguridad creada;Troyano;Alta;Análisis heurístico;TFM-VI\V;Usuario activo
Hoy, 5/24/2026 7:48:18 AM;\\VBoxSvr\shared_data\upx\default\windows_shell_bind_tcp.exeUPX0;Copia de seguridad creada;Se ha creado una copia de seguridad del objeto;HEUR:Trojan.Win32.Generic;;Archivo;\\VBoxSvr\shared_data\upx\default;windows_shell_bind_tcp.exeUPX0;Copia de seguridad creada;Troyano;Alta;Parcial;TFM-VI\V;Usuario activo
Hoy, 5/24/2026 7:48:18 AM;\\VBoxSvr\shared_data\upx\default\windows_shell_reverse_tcp_rc4.exeUPX0;Copia de seguridad creada;Se ha creado una copia de seguridad del objeto;HEUR:Trojan.Win32.Generic;;Archivo;\\VBoxSvr\shared_data\upx\default;windows_shell_reverse_tcp_rc4.exeUPX0;Copia de seguridad creada;Troyano;Alta;Parcial;TFM-VI\V;Usuario activo
Hoy, 5/24/2026 7:48:20 AM;\\VBoxSvr\shared_data\upx\default\windows_meterpreter_reverse_https.exeUPX2;Detectados;Objeto malicioso detectado;HEUR:Trojan.Win32.Generic;Hash;Archivo;\\VBoxSvr\shared_data\upx\default;windows_meterpreter_reverse_https.exeUPX2;Detectados;Troyano;Alta;Parcial;TFM-VI\V;Usuario activo
Hoy, 5/24/2026 7:48:20 AM;\\VBoxSvr\shared_data\upx\default\windows_powershell_reverse_tcp_ssl.exeUPX2;Detectados;Objeto malicioso detectado;HEUR:Trojan.Win32.Generic;Hash;Archivo;\\VBoxSvr\shared_data\upx\default;windows_powershell_reverse_tcp_ssl.exeUPX2;Detectados;Troyano;Alta;Análisis heurístico;TFM-VI\V;Usuario activo
Hoy, 5/24/2026 7:48:21 AM;\\VBoxSvr\shared_data\upx\default\windows_pingback_bind_tcp.exeUPX0;Detectados;Objeto malicioso detectado;HEUR:Trojan.Win32.Generic;Hash;Archivo;\\VBoxSvr\shared_data\upx\default;windows_pingback_bind_tcp.exeUPX0;Detectados;Troyano;Alta;Parcial;TFM-VI\V;Usuario activo
Hoy, 5/24/2026 7:48:21 AM;\\VBoxSvr\shared_data\upx\default\windows_pingback_bind_tcp.exeUPX2;Detectados;Objeto malicioso detectado;HEUR:Trojan.Win32.Generic;Hash;Archivo;\\VBoxSvr\shared_data\upx\default;windows_pingback_bind_tcp.exeUPX2;Detectados;Troyano;Alta;Parcial;TFM-VI\V;Usuario activo
Hoy, 5/24/2026 7:48:20 AM;\\VBoxSvr\shared_data\upx\default\windows_meterpreter_reverse_https.exeUPX2;Eliminado;Objeto eliminado;HEUR:Trojan.Win32.Generic;;Archivo;\\VBoxSvr\shared_data\upx\default;windows_meterpreter_reverse_https.exeUPX2;Eliminado;Troyano;Alta;Parcial;TFM-VI\V;Usuario activo
Hoy, 5/24/2026 7:48:21 AM;\\VBoxSvr\shared_data\upx\default\windows_powershell_reverse_tcp_ssl.exeUPX2;Eliminado;Objeto eliminado;HEUR:Trojan.Win32.Generic;;Archivo;\\VBoxSvr\shared_data\upx\default;windows_powershell_reverse_tcp_ssl.exeUPX2;Eliminado;Troyano;Alta;Análisis heurístico;TFM-VI\V;Usuario activo
Hoy, 5/24/2026 7:48:21 AM;\\VBoxSvr\shared_data\upx\default\windows_pingback_bind_tcp.exeUPX0;Eliminado;Objeto eliminado;HEUR:Trojan.Win32.Generic;;Archivo;\\VBoxSvr\shared_data\upx\default;windows_pingback_bind_tcp.exeUPX0;Eliminado;Troyano;Alta;Parcial;TFM-VI\V;Usuario activo
Hoy, 5/24/2026 7:48:21 AM;\\VBoxSvr\shared_data\upx\default\windows_pingback_bind_tcp.exeUPX2;Eliminado;Objeto eliminado;HEUR:Trojan.Win32.Generic;;Archivo;\\VBoxSvr\shared_data\upx\default;windows_pingback_bind_tcp.exeUPX2;Eliminado;Troyano;Alta;Parcial;TFM-VI\V;Usuario activo
Hoy, 5/24/2026 7:48:20 AM;\\VBoxSvr\shared_data\upx\default\windows_meterpreter_reverse_https.exeUPX2;Copia de seguridad creada;Se ha creado una copia de seguridad del objeto;HEUR:Trojan.Win32.Generic;;Archivo;\\VBoxSvr\shared_data\upx\default;windows_meterpreter_reverse_https.exeUPX2;Copia de seguridad creada;Troyano;Alta;Parcial;TFM-VI\V;Usuario activo
Hoy, 5/24/2026 7:48:20 AM;\\VBoxSvr\shared_data\upx\default\windows_powershell_reverse_tcp_ssl.exeUPX2;Copia de seguridad creada;Se ha creado una copia de seguridad del objeto;HEUR:Trojan.Win32.Generic;;Archivo;\\VBoxSvr\shared_data\upx\default;windows_powershell_reverse_tcp_ssl.exeUPX2;Copia de seguridad creada;Troyano;Alta;Análisis heurístico;TFM-VI\V;Usuario activo
Hoy, 5/24/2026 7:48:21 AM;\\VBoxSvr\shared_data\upx\default\windows_pingback_bind_tcp.exeUPX0;Copia de seguridad creada;Se ha creado una copia de seguridad del objeto;HEUR:Trojan.Win32.Generic;;Archivo;\\VBoxSvr\shared_data\upx\default;windows_pingback_bind_tcp.exeUPX0;Copia de seguridad creada;Troyano;Alta;Parcial;TFM-VI\V;Usuario activo
Hoy, 5/24/2026 7:48:21 AM;\\VBoxSvr\shared_data\upx\default\windows_pingback_bind_tcp.exeUPX2;Copia de seguridad creada;Se ha creado una copia de seguridad del objeto;HEUR:Trojan.Win32.Generic;;Archivo;\\VBoxSvr\shared_data\upx\default;windows_pingback_bind_tcp.exeUPX2;Copia de seguridad creada;Troyano;Alta;Parcial;TFM-VI\V;Usuario activo
Hoy, 5/24/2026 7:48:22 AM;\\VBoxSvr\shared_data\upx\default\windows_meterpreter_reverse_tcp.exeUPX2;Detectados;Objeto malicioso detectado;HEUR:Trojan.Win32.Generic;Hash;Archivo;\\VBoxSvr\shared_data\upx\default;windows_meterpreter_reverse_tcp.exeUPX2;Detectados;Troyano;Alta;Parcial;TFM-VI\V;Usuario activo
Hoy, 5/24/2026 7:48:22 AM;\\VBoxSvr\shared_data\upx\default\windows_meterpreter_reverse_tcp.exeUPX2;Copia de seguridad creada;Se ha creado una copia de seguridad del objeto;HEUR:Trojan.Win32.Generic;;Archivo;\\VBoxSvr\shared_data\upx\default;windows_meterpreter_reverse_tcp.exeUPX2;Copia de seguridad creada;Troyano;Alta;Parcial;TFM-VI\V;Usuario activo
Hoy, 5/24/2026 7:48:22 AM;\\VBoxSvr\shared_data\upx\default\windows_shell_reverse_tcp_rc4.exeUPX2;Detectados;Objeto malicioso detectado;HEUR:Trojan.Win32.Generic;Hash;Archivo;\\VBoxSvr\shared_data\upx\default;windows_shell_reverse_tcp_rc4.exeUPX2;Detectados;Troyano;Alta;Parcial;TFM-VI\V;Usuario activo
Hoy, 5/24/2026 7:48:23 AM;\\VBoxSvr\shared_data\upx\default\windows_meterpreter_bind_tcp.exeUPX2;Detectados;Objeto malicioso detectado;HEUR:Trojan.Win32.Generic;Hash;Archivo;\\VBoxSvr\shared_data\upx\default;windows_meterpreter_bind_tcp.exeUPX2;Detectados;Troyano;Alta;Parcial;TFM-VI\V;Usuario activo
Hoy, 5/24/2026 7:48:23 AM;\\VBoxSvr\shared_data\upx\default\windows_encrypted_shell_reverse_tcp.exeUPX0;Detectados;Objeto malicioso detectado;HEUR:Trojan.Win32.Generic;Hash;Archivo;\\VBoxSvr\shared_data\upx\default;windows_encrypted_shell_reverse_tcp.exeUPX0;Detectados;Troyano;Alta;Parcial;TFM-VI\V;Usuario activo
Hoy, 5/24/2026 7:48:23 AM;\\VBoxSvr\shared_data\upx\default\windows_shell_bind_tcp.exe;Detectados;Objeto malicioso detectado;HEUR:Trojan.Win32.Generic;Hash;Archivo;\\VBoxSvr\shared_data\upx\default;windows_shell_bind_tcp.exe;Detectados;Troyano;Alta;Parcial;TFM-VI\V;Usuario activo
Hoy, 5/24/2026 7:48:22 AM;\\VBoxSvr\shared_data\upx\default\windows_meterpreter_reverse_tcp.exeUPX2;Eliminado;Objeto eliminado;HEUR:Trojan.Win32.Generic;;Archivo;\\VBoxSvr\shared_data\upx\default;windows_meterpreter_reverse_tcp.exeUPX2;Eliminado;Troyano;Alta;Parcial;TFM-VI\V;Usuario activo
Hoy, 5/24/2026 7:48:22 AM;\\VBoxSvr\shared_data\upx\default\windows_shell_reverse_tcp_rc4.exeUPX2;Eliminado;Objeto eliminado;HEUR:Trojan.Win32.Generic;;Archivo;\\VBoxSvr\shared_data\upx\default;windows_shell_reverse_tcp_rc4.exeUPX2;Eliminado;Troyano;Alta;Parcial;TFM-VI\V;Usuario activo
Hoy, 5/24/2026 7:48:23 AM;\\VBoxSvr\shared_data\upx\default\windows_meterpreter_bind_tcp.exeUPX2;Eliminado;Objeto eliminado;HEUR:Trojan.Win32.Generic;;Archivo;\\VBoxSvr\shared_data\upx\default;windows_meterpreter_bind_tcp.exeUPX2;Eliminado;Troyano;Alta;Parcial;TFM-VI\V;Usuario activo
Hoy, 5/24/2026 7:48:23 AM;\\VBoxSvr\shared_data\upx\default\windows_encrypted_shell_reverse_tcp.exeUPX0;Eliminado;Objeto eliminado;HEUR:Trojan.Win32.Generic;;Archivo;\\VBoxSvr\shared_data\upx\default;windows_encrypted_shell_reverse_tcp.exeUPX0;Eliminado;Troyano;Alta;Parcial;TFM-VI\V;Usuario activo
Hoy, 5/24/2026 7:48:23 AM;\\VBoxSvr\shared_data\upx\default\windows_shell_bind_tcp.exe;Eliminado;Objeto eliminado;HEUR:Trojan.Win32.Generic;;Archivo;\\VBoxSvr\shared_data\upx\default;windows_shell_bind_tcp.exe;Eliminado;Troyano;Alta;Parcial;TFM-VI\V;Usuario activo
Hoy, 5/24/2026 7:48:22 AM;\\VBoxSvr\shared_data\upx\default\windows_shell_reverse_tcp_rc4.exeUPX2;Copia de seguridad creada;Se ha creado una copia de seguridad del objeto;HEUR:Trojan.Win32.Generic;;Archivo;\\VBoxSvr\shared_data\upx\default;windows_shell_reverse_tcp_rc4.exeUPX2;Copia de seguridad creada;Troyano;Alta;Parcial;TFM-VI\V;Usuario activo
Hoy, 5/24/2026 7:48:23 AM;\\VBoxSvr\shared_data\upx\default\windows_meterpreter_bind_tcp.exeUPX2;Copia de seguridad creada;Se ha creado una copia de seguridad del objeto;HEUR:Trojan.Win32.Generic;;Archivo;\\VBoxSvr\shared_data\upx\default;windows_meterpreter_bind_tcp.exeUPX2;Copia de seguridad creada;Troyano;Alta;Parcial;TFM-VI\V;Usuario activo
Hoy, 5/24/2026 7:48:23 AM;\\VBoxSvr\shared_data\upx\default\windows_encrypted_shell_reverse_tcp.exeUPX0;Copia de seguridad creada;Se ha creado una copia de seguridad del objeto;HEUR:Trojan.Win32.Generic;;Archivo;\\VBoxSvr\shared_data\upx\default;windows_encrypted_shell_reverse_tcp.exeUPX0;Copia de seguridad creada;Troyano;Alta;Parcial;TFM-VI\V;Usuario activo
Hoy, 5/24/2026 7:48:23 AM;\\VBoxSvr\shared_data\upx\default\windows_shell_bind_tcp.exe;Copia de seguridad creada;Se ha creado una copia de seguridad del objeto;HEUR:Trojan.Win32.Generic;;Archivo;\\VBoxSvr\shared_data\upx\default;windows_shell_bind_tcp.exe;Copia de seguridad creada;Troyano;Alta;Parcial;TFM-VI\V;Usuario activo
Hoy, 5/24/2026 7:48:23 AM;\\VBoxSvr\shared_data\upx\default\windows_pingback_bind_tcp.exeUPX0UPX2;Detectados;Objeto malicioso detectado;HEUR:Trojan.Win32.Generic;Hash;Archivo;\\VBoxSvr\shared_data\upx\default;windows_pingback_bind_tcp.exeUPX0UPX2;Detectados;Troyano;Alta;Parcial;TFM-VI\V;Usuario activo
Hoy, 5/24/2026 7:48:24 AM;\\VBoxSvr\shared_data\upx\default\windows_exec.exeUPX0;Detectados;Objeto malicioso detectado;HEUR:Trojan.Win32.Generic;Hash;Archivo;\\VBoxSvr\shared_data\upx\default;windows_exec.exeUPX0;Detectados;Troyano;Alta;Análisis heurístico;TFM-VI\V;Usuario activo
Hoy, 5/24/2026 7:48:24 AM;\\VBoxSvr\shared_data\upx\default\windows_shell_bind_tcp.exeUPX2;Detectados;Objeto malicioso detectado;HEUR:Trojan.Win32.Generic;Hash;Archivo;\\VBoxSvr\shared_data\upx\default;windows_shell_bind_tcp.exeUPX2;Detectados;Troyano;Alta;Parcial;TFM-VI\V;Usuario activo
Hoy, 5/24/2026 7:48:24 AM;\\VBoxSvr\shared_data\upx\default\windows_exec.exeUPX2;Detectados;Objeto malicioso detectado;HEUR:Trojan.Win32.Generic;Hash;Archivo;\\VBoxSvr\shared_data\upx\default;windows_exec.exeUPX2;Detectados;Troyano;Alta;Análisis heurístico;TFM-VI\V;Usuario activo
Hoy, 5/24/2026 7:48:23 AM;\\VBoxSvr\shared_data\upx\default\windows_pingback_bind_tcp.exeUPX0UPX2;Eliminado;Objeto eliminado;HEUR:Trojan.Win32.Generic;;Archivo;\\VBoxSvr\shared_data\upx\default;windows_pingback_bind_tcp.exeUPX0UPX2;Eliminado;Troyano;Alta;Parcial;TFM-VI\V;Usuario activo
Hoy, 5/24/2026 7:48:24 AM;\\VBoxSvr\shared_data\upx\default\windows_exec.exeUPX0;Eliminado;Objeto eliminado;HEUR:Trojan.Win32.Generic;;Archivo;\\VBoxSvr\shared_data\upx\default;windows_exec.exeUPX0;Eliminado;Troyano;Alta;Análisis heurístico;TFM-VI\V;Usuario activo
Hoy, 5/24/2026 7:48:24 AM;\\VBoxSvr\shared_data\upx\default\windows_shell_bind_tcp.exeUPX2;Eliminado;Objeto eliminado;HEUR:Trojan.Win32.Generic;;Archivo;\\VBoxSvr\shared_data\upx\default;windows_shell_bind_tcp.exeUPX2;Eliminado;Troyano;Alta;Parcial;TFM-VI\V;Usuario activo
Hoy, 5/24/2026 7:48:23 AM;\\VBoxSvr\shared_data\upx\default\windows_pingback_bind_tcp.exeUPX0UPX2;Copia de seguridad creada;Se ha creado una copia de seguridad del objeto;HEUR:Trojan.Win32.Generic;;Archivo;\\VBoxSvr\shared_data\upx\default;windows_pingback_bind_tcp.exeUPX0UPX2;Copia de seguridad creada;Troyano;Alta;Parcial;TFM-VI\V;Usuario activo
Hoy, 5/24/2026 7:48:24 AM;\\VBoxSvr\shared_data\upx\default\windows_exec.exeUPX0;Copia de seguridad creada;Se ha creado una copia de seguridad del objeto;HEUR:Trojan.Win32.Generic;;Archivo;\\VBoxSvr\shared_data\upx\default;windows_exec.exeUPX0;Copia de seguridad creada;Troyano;Alta;Análisis heurístico;TFM-VI\V;Usuario activo
Hoy, 5/24/2026 7:48:24 AM;\\VBoxSvr\shared_data\upx\default\windows_shell_bind_tcp.exeUPX2;Copia de seguridad creada;Se ha creado una copia de seguridad del objeto;HEUR:Trojan.Win32.Generic;;Archivo;\\VBoxSvr\shared_data\upx\default;windows_shell_bind_tcp.exeUPX2;Copia de seguridad creada;Troyano;Alta;Parcial;TFM-VI\V;Usuario activo
Hoy, 5/24/2026 7:48:24 AM;\\VBoxSvr\shared_data\upx\default\windows_exec.exeUPX2;Copia de seguridad creada;Se ha creado una copia de seguridad del objeto;HEUR:Trojan.Win32.Generic;;Archivo;\\VBoxSvr\shared_data\upx\default;windows_exec.exeUPX2;Copia de seguridad creada;Troyano;Alta;Análisis heurístico;TFM-VI\V;Usuario activo
Hoy, 5/24/2026 7:48:24 AM;\\VBoxSvr\shared_data\upx\default\windows_exec.exeUPX2;Eliminado;Objeto eliminado;HEUR:Trojan.Win32.Generic;;Archivo;\\VBoxSvr\shared_data\upx\default;windows_exec.exeUPX2;Eliminado;Troyano;Alta;Análisis heurístico;TFM-VI\V;Usuario activo
Hoy, 5/24/2026 7:48:25 AM;\\VBoxSvr\shared_data\upx\default\windows_shell_hidden_bind_tcp.exeUPX2;Detectados;Objeto malicioso detectado;HEUR:Trojan.Win32.Generic;Hash;Archivo;\\VBoxSvr\shared_data\upx\default;windows_shell_hidden_bind_tcp.exeUPX2;Detectados;Troyano;Alta;Parcial;TFM-VI\V;Usuario activo
Hoy, 5/24/2026 7:48:25 AM;\\VBoxSvr\shared_data\upx\default\windows_powershell_bind_tcp.exeUPX0;Detectados;Objeto malicioso detectado;HEUR:Trojan.Win32.Generic;Hash;Archivo;\\VBoxSvr\shared_data\upx\default;windows_powershell_bind_tcp.exeUPX0;Detectados;Troyano;Alta;Análisis heurístico;TFM-VI\V;Usuario activo
Hoy, 5/24/2026 7:48:25 AM;\\VBoxSvr\shared_data\upx\default\windows_shell_bind_hidden_ipknock_tcp.exe;Detectados;Objeto malicioso detectado;HEUR:Trojan.Win32.Generic;Hash;Archivo;\\VBoxSvr\shared_data\upx\default;windows_shell_bind_hidden_ipknock_tcp.exe;Detectados;Troyano;Alta;Parcial;TFM-VI\V;Usuario activo
Hoy, 5/24/2026 7:48:25 AM;\\VBoxSvr\shared_data\upx\default\windows_shell_hidden_bind_tcp.exe;Detectados;Objeto malicioso detectado;HEUR:Trojan.Win32.Generic;Hash;Archivo;\\VBoxSvr\shared_data\upx\default;windows_shell_hidden_bind_tcp.exe;Detectados;Troyano;Alta;Parcial;TFM-VI\V;Usuario activo
Hoy, 5/24/2026 7:48:25 AM;\\VBoxSvr\shared_data\upx\default\windows_shell_hidden_bind_tcp.exeUPX2;Eliminado;Objeto eliminado;HEUR:Trojan.Win32.Generic;;Archivo;\\VBoxSvr\shared_data\upx\default;windows_shell_hidden_bind_tcp.exeUPX2;Eliminado;Troyano;Alta;Parcial;TFM-VI\V;Usuario activo
Hoy, 5/24/2026 7:48:25 AM;\\VBoxSvr\shared_data\upx\default\windows_powershell_bind_tcp.exeUPX0;Eliminado;Objeto eliminado;HEUR:Trojan.Win32.Generic;;Archivo;\\VBoxSvr\shared_data\upx\default;windows_powershell_bind_tcp.exeUPX0;Eliminado;Troyano;Alta;Análisis heurístico;TFM-VI\V;Usuario activo
Hoy, 5/24/2026 7:48:25 AM;\\VBoxSvr\shared_data\upx\default\windows_shell_bind_hidden_ipknock_tcp.exe;Eliminado;Objeto eliminado;HEUR:Trojan.Win32.Generic;;Archivo;\\VBoxSvr\shared_data\upx\default;windows_shell_bind_hidden_ipknock_tcp.exe;Eliminado;Troyano;Alta;Parcial;TFM-VI\V;Usuario activo
Hoy, 5/24/2026 7:48:25 AM;\\VBoxSvr\shared_data\upx\default\windows_shell_hidden_bind_tcp.exe;Eliminado;Objeto eliminado;HEUR:Trojan.Win32.Generic;;Archivo;\\VBoxSvr\shared_data\upx\default;windows_shell_hidden_bind_tcp.exe;Eliminado;Troyano;Alta;Parcial;TFM-VI\V;Usuario activo
Hoy, 5/24/2026 7:48:25 AM;\\VBoxSvr\shared_data\upx\default\windows_shell_hidden_bind_tcp.exeUPX2;Copia de seguridad creada;Se ha creado una copia de seguridad del objeto;HEUR:Trojan.Win32.Generic;;Archivo;\\VBoxSvr\shared_data\upx\default;windows_shell_hidden_bind_tcp.exeUPX2;Copia de seguridad creada;Troyano;Alta;Parcial;TFM-VI\V;Usuario activo
Hoy, 5/24/2026 7:48:25 AM;\\VBoxSvr\shared_data\upx\default\windows_powershell_bind_tcp.exeUPX0;Copia de seguridad creada;Se ha creado una copia de seguridad del objeto;HEUR:Trojan.Win32.Generic;;Archivo;\\VBoxSvr\shared_data\upx\default;windows_powershell_bind_tcp.exeUPX0;Copia de seguridad creada;Troyano;Alta;Análisis heurístico;TFM-VI\V;Usuario activo
Hoy, 5/24/2026 7:48:25 AM;\\VBoxSvr\shared_data\upx\default\windows_shell_bind_hidden_ipknock_tcp.exe;Copia de seguridad creada;Se ha creado una copia de seguridad del objeto;HEUR:Trojan.Win32.Generic;;Archivo;\\VBoxSvr\shared_data\upx\default;windows_shell_bind_hidden_ipknock_tcp.exe;Copia de seguridad creada;Troyano;Alta;Parcial;TFM-VI\V;Usuario activo
Hoy, 5/24/2026 7:48:25 AM;\\VBoxSvr\shared_data\upx\default\windows_shell_hidden_bind_tcp.exe;Copia de seguridad creada;Se ha creado una copia de seguridad del objeto;HEUR:Trojan.Win32.Generic;;Archivo;\\VBoxSvr\shared_data\upx\default;windows_shell_hidden_bind_tcp.exe;Copia de seguridad creada;Troyano;Alta;Parcial;TFM-VI\V;Usuario activo
Hoy, 5/24/2026 7:48:25 AM;\\VBoxSvr\shared_data\upx\default\windows_encrypted_shell_reverse_tcp.exeUPX0UPX2;Detectados;Objeto malicioso detectado;HEUR:Trojan.Win32.Generic;Hash;Archivo;\\VBoxSvr\shared_data\upx\default;windows_encrypted_shell_reverse_tcp.exeUPX0UPX2;Detectados;Troyano;Alta;Parcial;TFM-VI\V;Usuario activo
Hoy, 5/24/2026 7:48:26 AM;\\VBoxSvr\shared_data\upx\default\windows_meterpreter_bind_tcp.exe;Detectados;Objeto malicioso detectado;HEUR:Trojan.Win32.Generic;Hash;Archivo;\\VBoxSvr\shared_data\upx\default;windows_meterpreter_bind_tcp.exe;Detectados;Troyano;Alta;Parcial;TFM-VI\V;Usuario activo
Hoy, 5/24/2026 7:48:26 AM;\\VBoxSvr\shared_data\upx\default\windows_meterpreter_bind_tcp.exeUPX0;Detectados;Objeto malicioso detectado;HEUR:Trojan.Win32.Generic;Hash;Archivo;\\VBoxSvr\shared_data\upx\default;windows_meterpreter_bind_tcp.exeUPX0;Detectados;Troyano;Alta;Parcial;TFM-VI\V;Usuario activo
Hoy, 5/24/2026 7:48:26 AM;\\VBoxSvr\shared_data\upx\default\windows_encrypted_shell_reverse_tcp.exeUPX2;Detectados;Objeto malicioso detectado;HEUR:Trojan.Win32.Generic;Hash;Archivo;\\VBoxSvr\shared_data\upx\default;windows_encrypted_shell_reverse_tcp.exeUPX2;Detectados;Troyano;Alta;Parcial;TFM-VI\V;Usuario activo
Hoy, 5/24/2026 7:48:25 AM;\\VBoxSvr\shared_data\upx\default\windows_encrypted_shell_reverse_tcp.exeUPX0UPX2;Eliminado;Objeto eliminado;HEUR:Trojan.Win32.Generic;;Archivo;\\VBoxSvr\shared_data\upx\default;windows_encrypted_shell_reverse_tcp.exeUPX0UPX2;Eliminado;Troyano;Alta;Parcial;TFM-VI\V;Usuario activo
Hoy, 5/24/2026 7:48:26 AM;\\VBoxSvr\shared_data\upx\default\windows_meterpreter_bind_tcp.exe;Eliminado;Objeto eliminado;HEUR:Trojan.Win32.Generic;;Archivo;\\VBoxSvr\shared_data\upx\default;windows_meterpreter_bind_tcp.exe;Eliminado;Troyano;Alta;Parcial;TFM-VI\V;Usuario activo
Hoy, 5/24/2026 7:48:26 AM;\\VBoxSvr\shared_data\upx\default\windows_meterpreter_bind_tcp.exeUPX0;Eliminado;Objeto eliminado;HEUR:Trojan.Win32.Generic;;Archivo;\\VBoxSvr\shared_data\upx\default;windows_meterpreter_bind_tcp.exeUPX0;Eliminado;Troyano;Alta;Parcial;TFM-VI\V;Usuario activo
Hoy, 5/24/2026 7:48:26 AM;\\VBoxSvr\shared_data\upx\default\windows_encrypted_shell_reverse_tcp.exeUPX2;Eliminado;Objeto eliminado;HEUR:Trojan.Win32.Generic;;Archivo;\\VBoxSvr\shared_data\upx\default;windows_encrypted_shell_reverse_tcp.exeUPX2;Eliminado;Troyano;Alta;Parcial;TFM-VI\V;Usuario activo
Hoy, 5/24/2026 7:48:25 AM;\\VBoxSvr\shared_data\upx\default\windows_encrypted_shell_reverse_tcp.exeUPX0UPX2;Copia de seguridad creada;Se ha creado una copia de seguridad del objeto;HEUR:Trojan.Win32.Generic;;Archivo;\\VBoxSvr\shared_data\upx\default;windows_encrypted_shell_reverse_tcp.exeUPX0UPX2;Copia de seguridad creada;Troyano;Alta;Parcial;TFM-VI\V;Usuario activo
Hoy, 5/24/2026 7:48:26 AM;\\VBoxSvr\shared_data\upx\default\windows_meterpreter_bind_tcp.exe;Copia de seguridad creada;Se ha creado una copia de seguridad del objeto;HEUR:Trojan.Win32.Generic;;Archivo;\\VBoxSvr\shared_data\upx\default;windows_meterpreter_bind_tcp.exe;Copia de seguridad creada;Troyano;Alta;Parcial;TFM-VI\V;Usuario activo
Hoy, 5/24/2026 7:48:26 AM;\\VBoxSvr\shared_data\upx\default\windows_meterpreter_bind_tcp.exeUPX0;Copia de seguridad creada;Se ha creado una copia de seguridad del objeto;HEUR:Trojan.Win32.Generic;;Archivo;\\VBoxSvr\shared_data\upx\default;windows_meterpreter_bind_tcp.exeUPX0;Copia de seguridad creada;Troyano;Alta;Parcial;TFM-VI\V;Usuario activo
Hoy, 5/24/2026 7:48:26 AM;\\VBoxSvr\shared_data\upx\default\windows_encrypted_shell_reverse_tcp.exeUPX2;Copia de seguridad creada;Se ha creado una copia de seguridad del objeto;HEUR:Trojan.Win32.Generic;;Archivo;\\VBoxSvr\shared_data\upx\default;windows_encrypted_shell_reverse_tcp.exeUPX2;Copia de seguridad creada;Troyano;Alta;Parcial;TFM-VI\V;Usuario activo
Hoy, 5/24/2026 7:48:26 AM;\\VBoxSvr\shared_data\upx\default\windows_meterpreter_bind_tcp.exeUPX0UPX2;Detectados;Objeto malicioso detectado;HEUR:Trojan.Win32.Generic;Hash;Archivo;\\VBoxSvr\shared_data\upx\default;windows_meterpreter_bind_tcp.exeUPX0UPX2;Detectados;Troyano;Alta;Parcial;TFM-VI\V;Usuario activo
Hoy, 5/24/2026 7:48:27 AM;\\VBoxSvr\shared_data\upx\default\windows_shell_bind_tcp.exeUPX0UPX2;Detectados;Objeto malicioso detectado;HEUR:Trojan.Win32.Generic;Hash;Archivo;\\VBoxSvr\shared_data\upx\default;windows_shell_bind_tcp.exeUPX0UPX2;Detectados;Troyano;Alta;Parcial;TFM-VI\V;Usuario activo
Hoy, 5/24/2026 7:48:27 AM;\\VBoxSvr\shared_data\upx\default\windows_encrypted_shell_reverse_tcp.exe;Detectados;Objeto malicioso detectado;HEUR:Trojan.Win32.Generic;Hash;Archivo;\\VBoxSvr\shared_data\upx\default;windows_encrypted_shell_reverse_tcp.exe;Detectados;Troyano;Alta;Parcial;TFM-VI\V;Usuario activo
Hoy, 5/24/2026 7:48:27 AM;\\VBoxSvr\shared_data\mpress\windows_shell_reverse_tcp_rc4.exe;Detectados;Objeto malicioso detectado;HEUR:Trojan.Win32.Generic;Hash;Archivo;\\VBoxSvr\shared_data\mpress;windows_shell_reverse_tcp_rc4.exe;Detectados;Troyano;Alta;Parcial;TFM-VI\V;Usuario activo
Hoy, 5/24/2026 7:48:26 AM;\\VBoxSvr\shared_data\upx\default\windows_meterpreter_bind_tcp.exeUPX0UPX2;Eliminado;Objeto eliminado;HEUR:Trojan.Win32.Generic;;Archivo;\\VBoxSvr\shared_data\upx\default;windows_meterpreter_bind_tcp.exeUPX0UPX2;Eliminado;Troyano;Alta;Parcial;TFM-VI\V;Usuario activo
Hoy, 5/24/2026 7:48:27 AM;\\VBoxSvr\shared_data\upx\default\windows_shell_bind_tcp.exeUPX0UPX2;Eliminado;Objeto eliminado;HEUR:Trojan.Win32.Generic;;Archivo;\\VBoxSvr\shared_data\upx\default;windows_shell_bind_tcp.exeUPX0UPX2;Eliminado;Troyano;Alta;Parcial;TFM-VI\V;Usuario activo
Hoy, 5/24/2026 7:48:27 AM;\\VBoxSvr\shared_data\upx\default\windows_encrypted_shell_reverse_tcp.exe;Eliminado;Objeto eliminado;HEUR:Trojan.Win32.Generic;;Archivo;\\VBoxSvr\shared_data\upx\default;windows_encrypted_shell_reverse_tcp.exe;Eliminado;Troyano;Alta;Parcial;TFM-VI\V;Usuario activo
Hoy, 5/24/2026 7:48:27 AM;\\VBoxSvr\shared_data\mpress\windows_shell_reverse_tcp_rc4.exe;Eliminado;Objeto eliminado;HEUR:Trojan.Win32.Generic;;Archivo;\\VBoxSvr\shared_data\mpress;windows_shell_reverse_tcp_rc4.exe;Eliminado;Troyano;Alta;Parcial;TFM-VI\V;Usuario activo
Hoy, 5/24/2026 7:48:26 AM;\\VBoxSvr\shared_data\upx\default\windows_meterpreter_bind_tcp.exeUPX0UPX2;Copia de seguridad creada;Se ha creado una copia de seguridad del objeto;HEUR:Trojan.Win32.Generic;;Archivo;\\VBoxSvr\shared_data\upx\default;windows_meterpreter_bind_tcp.exeUPX0UPX2;Copia de seguridad creada;Troyano;Alta;Parcial;TFM-VI\V;Usuario activo
Hoy, 5/24/2026 7:48:27 AM;\\VBoxSvr\shared_data\upx\default\windows_shell_bind_tcp.exeUPX0UPX2;Copia de seguridad creada;Se ha creado una copia de seguridad del objeto;HEUR:Trojan.Win32.Generic;;Archivo;\\VBoxSvr\shared_data\upx\default;windows_shell_bind_tcp.exeUPX0UPX2;Copia de seguridad creada;Troyano;Alta;Parcial;TFM-VI\V;Usuario activo
Hoy, 5/24/2026 7:48:27 AM;\\VBoxSvr\shared_data\upx\default\windows_encrypted_shell_reverse_tcp.exe;Copia de seguridad creada;Se ha creado una copia de seguridad del objeto;HEUR:Trojan.Win32.Generic;;Archivo;\\VBoxSvr\shared_data\upx\default;windows_encrypted_shell_reverse_tcp.exe;Copia de seguridad creada;Troyano;Alta;Parcial;TFM-VI\V;Usuario activo
Hoy, 5/24/2026 7:48:27 AM;\\VBoxSvr\shared_data\mpress\windows_shell_reverse_tcp_rc4.exe;Copia de seguridad creada;Se ha creado una copia de seguridad del objeto;HEUR:Trojan.Win32.Generic;;Archivo;\\VBoxSvr\shared_data\mpress;windows_shell_reverse_tcp_rc4.exe;Copia de seguridad creada;Troyano;Alta;Parcial;TFM-VI\V;Usuario activo
Hoy, 5/24/2026 7:48:29 AM;\\VBoxSvr\shared_data\upx\default\windows_meterpreter_reverse_http.exeUPX0UPX2;Detectados;Objeto malicioso detectado;HEUR:Trojan.Win32.Generic;Hash;Archivo;\\VBoxSvr\shared_data\upx\default;windows_meterpreter_reverse_http.exeUPX0UPX2;Detectados;Troyano;Alta;Parcial;TFM-VI\V;Usuario activo
Hoy, 5/24/2026 7:48:29 AM;\\VBoxSvr\shared_data\mpress\windows_pingback_reverse_tcp.exe;Detectados;Objeto malicioso detectado;HEUR:Trojan.Win32.Generic;Hash;Archivo;\\VBoxSvr\shared_data\mpress;windows_pingback_reverse_tcp.exe;Detectados;Troyano;Alta;Parcial;TFM-VI\V;Usuario activo
Hoy, 5/24/2026 7:48:29 AM;\\VBoxSvr\shared_data\mpress\windows_pingback_bind_tcp.exe;Detectados;Objeto malicioso detectado;HEUR:Trojan.Win32.Generic;Hash;Archivo;\\VBoxSvr\shared_data\mpress;windows_pingback_bind_tcp.exe;Detectados;Troyano;Alta;Parcial;TFM-VI\V;Usuario activo
Hoy, 5/24/2026 7:48:30 AM;\\VBoxSvr\shared_data\mpress\windows_exec.exe;Detectados;Objeto malicioso detectado;HEUR:Trojan.Win32.Generic;Hash;Archivo;\\VBoxSvr\shared_data\mpress;windows_exec.exe;Detectados;Troyano;Alta;Análisis heurístico;TFM-VI\V;Usuario activo
Hoy, 5/24/2026 7:48:29 AM;\\VBoxSvr\shared_data\upx\default\windows_meterpreter_reverse_http.exeUPX0UPX2;Eliminado;Objeto eliminado;HEUR:Trojan.Win32.Generic;;Archivo;\\VBoxSvr\shared_data\upx\default;windows_meterpreter_reverse_http.exeUPX0UPX2;Eliminado;Troyano;Alta;Parcial;TFM-VI\V;Usuario activo
Hoy, 5/24/2026 7:48:29 AM;\\VBoxSvr\shared_data\mpress\windows_pingback_reverse_tcp.exe;Eliminado;Objeto eliminado;HEUR:Trojan.Win32.Generic;;Archivo;\\VBoxSvr\shared_data\mpress;windows_pingback_reverse_tcp.exe;Eliminado;Troyano;Alta;Parcial;TFM-VI\V;Usuario activo
Hoy, 5/24/2026 7:48:30 AM;\\VBoxSvr\shared_data\mpress\windows_pingback_bind_tcp.exe;Eliminado;Objeto eliminado;HEUR:Trojan.Win32.Generic;;Archivo;\\VBoxSvr\shared_data\mpress;windows_pingback_bind_tcp.exe;Eliminado;Troyano;Alta;Parcial;TFM-VI\V;Usuario activo
Hoy, 5/24/2026 7:48:30 AM;\\VBoxSvr\shared_data\mpress\windows_exec.exe;Eliminado;Objeto eliminado;HEUR:Trojan.Win32.Generic;;Archivo;\\VBoxSvr\shared_data\mpress;windows_exec.exe;Eliminado;Troyano;Alta;Análisis heurístico;TFM-VI\V;Usuario activo
Hoy, 5/24/2026 7:48:29 AM;\\VBoxSvr\shared_data\upx\default\windows_meterpreter_reverse_http.exeUPX0UPX2;Copia de seguridad creada;Se ha creado una copia de seguridad del objeto;HEUR:Trojan.Win32.Generic;;Archivo;\\VBoxSvr\shared_data\upx\default;windows_meterpreter_reverse_http.exeUPX0UPX2;Copia de seguridad creada;Troyano;Alta;Parcial;TFM-VI\V;Usuario activo
Hoy, 5/24/2026 7:48:29 AM;\\VBoxSvr\shared_data\mpress\windows_pingback_reverse_tcp.exe;Copia de seguridad creada;Se ha creado una copia de seguridad del objeto;HEUR:Trojan.Win32.Generic;;Archivo;\\VBoxSvr\shared_data\mpress;windows_pingback_reverse_tcp.exe;Copia de seguridad creada;Troyano;Alta;Parcial;TFM-VI\V;Usuario activo
Hoy, 5/24/2026 7:48:29 AM;\\VBoxSvr\shared_data\mpress\windows_pingback_bind_tcp.exe;Copia de seguridad creada;Se ha creado una copia de seguridad del objeto;HEUR:Trojan.Win32.Generic;;Archivo;\\VBoxSvr\shared_data\mpress;windows_pingback_bind_tcp.exe;Copia de seguridad creada;Troyano;Alta;Parcial;TFM-VI\V;Usuario activo
Hoy, 5/24/2026 7:48:30 AM;\\VBoxSvr\shared_data\mpress\windows_exec.exe;Copia de seguridad creada;Se ha creado una copia de seguridad del objeto;HEUR:Trojan.Win32.Generic;;Archivo;\\VBoxSvr\shared_data\mpress;windows_exec.exe;Copia de seguridad creada;Troyano;Alta;Análisis heurístico;TFM-VI\V;Usuario activo
Hoy, 5/24/2026 7:48:30 AM;\\VBoxSvr\shared_data\mpress\windows_powershell_reverse_tcp.exe;Detectados;Objeto malicioso detectado;HEUR:Trojan.Win32.Generic;Hash;Archivo;\\VBoxSvr\shared_data\mpress;windows_powershell_reverse_tcp.exe;Detectados;Troyano;Alta;Análisis heurístico;TFM-VI\V;Usuario activo
Hoy, 5/24/2026 7:48:30 AM;\\VBoxSvr\shared_data\mpress\windows_powershell_bind_tcp.exe;Detectados;Objeto malicioso detectado;HEUR:Trojan.Win32.Generic;Hash;Archivo;\\VBoxSvr\shared_data\mpress;windows_powershell_bind_tcp.exe;Detectados;Troyano;Alta;Análisis heurístico;TFM-VI\V;Usuario activo
Hoy, 5/24/2026 7:48:30 AM;\\VBoxSvr\shared_data\mpress\windows_powershell_reverse_tcp.exe;Eliminado;Objeto eliminado;HEUR:Trojan.Win32.Generic;;Archivo;\\VBoxSvr\shared_data\mpress;windows_powershell_reverse_tcp.exe;Eliminado;Troyano;Alta;Análisis heurístico;TFM-VI\V;Usuario activo
Hoy, 5/24/2026 7:48:30 AM;\\VBoxSvr\shared_data\mpress\windows_powershell_bind_tcp.exe;Eliminado;Objeto eliminado;HEUR:Trojan.Win32.Generic;;Archivo;\\VBoxSvr\shared_data\mpress;windows_powershell_bind_tcp.exe;Eliminado;Troyano;Alta;Análisis heurístico;TFM-VI\V;Usuario activo
Hoy, 5/24/2026 7:48:30 AM;\\VBoxSvr\shared_data\mpress\windows_powershell_reverse_tcp.exe;Copia de seguridad creada;Se ha creado una copia de seguridad del objeto;HEUR:Trojan.Win32.Generic;;Archivo;\\VBoxSvr\shared_data\mpress;windows_powershell_reverse_tcp.exe;Copia de seguridad creada;Troyano;Alta;Análisis heurístico;TFM-VI\V;Usuario activo
Hoy, 5/24/2026 7:48:30 AM;\\VBoxSvr\shared_data\mpress\windows_powershell_bind_tcp.exe;Copia de seguridad creada;Se ha creado una copia de seguridad del objeto;HEUR:Trojan.Win32.Generic;;Archivo;\\VBoxSvr\shared_data\mpress;windows_powershell_bind_tcp.exe;Copia de seguridad creada;Troyano;Alta;Análisis heurístico;TFM-VI\V;Usuario activo
Hoy, 5/24/2026 7:48:32 AM;\\VBoxSvr\shared_data\upx\default\windows_meterpreter_reverse_https.exe;Detectados;Objeto malicioso detectado;HEUR:Trojan.Win32.Generic;Hash;Archivo;\\VBoxSvr\shared_data\upx\default;windows_meterpreter_reverse_https.exe;Detectados;Troyano;Alta;Parcial;TFM-VI\V;Usuario activo
Hoy, 5/24/2026 7:48:32 AM;\\VBoxSvr\shared_data\mpress\windows_powershell_reverse_tcp_ssl.exe;Detectados;Objeto malicioso detectado;HEUR:Trojan.Win32.Generic;Hash;Archivo;\\VBoxSvr\shared_data\mpress;windows_powershell_reverse_tcp_ssl.exe;Detectados;Troyano;Alta;Análisis heurístico;TFM-VI\V;Usuario activo
Hoy, 5/24/2026 7:48:33 AM;\\VBoxSvr\shared_data\mpress\windows_shell_bind_tcp.exe;Detectados;Objeto malicioso detectado;HEUR:Trojan.Win32.Generic;Hash;Archivo;\\VBoxSvr\shared_data\mpress;windows_shell_bind_tcp.exe;Detectados;Troyano;Alta;Parcial;TFM-VI\V;Usuario activo
Hoy, 5/24/2026 7:48:33 AM;\\VBoxSvr\shared_data\mpress\windows_shell_bind_hidden_ipknock_tcp.exe;Detectados;Objeto malicioso detectado;HEUR:Trojan.Win32.Generic;Hash;Archivo;\\VBoxSvr\shared_data\mpress;windows_shell_bind_hidden_ipknock_tcp.exe;Detectados;Troyano;Alta;Parcial;TFM-VI\V;Usuario activo
Hoy, 5/24/2026 7:48:33 AM;\\VBoxSvr\shared_data\mpress\windows_shell_hidden_bind_tcp.exe;Detectados;Objeto malicioso detectado;HEUR:Trojan.Win32.Generic;Hash;Archivo;\\VBoxSvr\shared_data\mpress;windows_shell_hidden_bind_tcp.exe;Detectados;Troyano;Alta;Parcial;TFM-VI\V;Usuario activo
Hoy, 5/24/2026 7:48:32 AM;\\VBoxSvr\shared_data\upx\default\windows_meterpreter_reverse_https.exe;Eliminado;Objeto eliminado;HEUR:Trojan.Win32.Generic;;Archivo;\\VBoxSvr\shared_data\upx\default;windows_meterpreter_reverse_https.exe;Eliminado;Troyano;Alta;Parcial;TFM-VI\V;Usuario activo
Hoy, 5/24/2026 7:48:32 AM;\\VBoxSvr\shared_data\mpress\windows_powershell_reverse_tcp_ssl.exe;Eliminado;Objeto eliminado;HEUR:Trojan.Win32.Generic;;Archivo;\\VBoxSvr\shared_data\mpress;windows_powershell_reverse_tcp_ssl.exe;Eliminado;Troyano;Alta;Análisis heurístico;TFM-VI\V;Usuario activo
Hoy, 5/24/2026 7:48:33 AM;\\VBoxSvr\shared_data\mpress\windows_shell_bind_tcp.exe;Eliminado;Objeto eliminado;HEUR:Trojan.Win32.Generic;;Archivo;\\VBoxSvr\shared_data\mpress;windows_shell_bind_tcp.exe;Eliminado;Troyano;Alta;Parcial;TFM-VI\V;Usuario activo
Hoy, 5/24/2026 7:48:33 AM;\\VBoxSvr\shared_data\mpress\windows_shell_bind_hidden_ipknock_tcp.exe;Eliminado;Objeto eliminado;HEUR:Trojan.Win32.Generic;;Archivo;\\VBoxSvr\shared_data\mpress;windows_shell_bind_hidden_ipknock_tcp.exe;Eliminado;Troyano;Alta;Parcial;TFM-VI\V;Usuario activo
Hoy, 5/24/2026 7:48:33 AM;\\VBoxSvr\shared_data\mpress\windows_shell_hidden_bind_tcp.exe;Eliminado;Objeto eliminado;HEUR:Trojan.Win32.Generic;;Archivo;\\VBoxSvr\shared_data\mpress;windows_shell_hidden_bind_tcp.exe;Eliminado;Troyano;Alta;Parcial;TFM-VI\V;Usuario activo
Hoy, 5/24/2026 7:48:32 AM;\\VBoxSvr\shared_data\upx\default\windows_meterpreter_reverse_https.exe;Copia de seguridad creada;Se ha creado una copia de seguridad del objeto;HEUR:Trojan.Win32.Generic;;Archivo;\\VBoxSvr\shared_data\upx\default;windows_meterpreter_reverse_https.exe;Copia de seguridad creada;Troyano;Alta;Parcial;TFM-VI\V;Usuario activo
Hoy, 5/24/2026 7:48:32 AM;\\VBoxSvr\shared_data\mpress\windows_powershell_reverse_tcp_ssl.exe;Copia de seguridad creada;Se ha creado una copia de seguridad del objeto;HEUR:Trojan.Win32.Generic;;Archivo;\\VBoxSvr\shared_data\mpress;windows_powershell_reverse_tcp_ssl.exe;Copia de seguridad creada;Troyano;Alta;Análisis heurístico;TFM-VI\V;Usuario activo
Hoy, 5/24/2026 7:48:33 AM;\\VBoxSvr\shared_data\mpress\windows_shell_bind_tcp.exe;Copia de seguridad creada;Se ha creado una copia de seguridad del objeto;HEUR:Trojan.Win32.Generic;;Archivo;\\VBoxSvr\shared_data\mpress;windows_shell_bind_tcp.exe;Copia de seguridad creada;Troyano;Alta;Parcial;TFM-VI\V;Usuario activo
Hoy, 5/24/2026 7:48:33 AM;\\VBoxSvr\shared_data\mpress\windows_shell_bind_hidden_ipknock_tcp.exe;Copia de seguridad creada;Se ha creado una copia de seguridad del objeto;HEUR:Trojan.Win32.Generic;;Archivo;\\VBoxSvr\shared_data\mpress;windows_shell_bind_hidden_ipknock_tcp.exe;Copia de seguridad creada;Troyano;Alta;Parcial;TFM-VI\V;Usuario activo
Hoy, 5/24/2026 7:48:33 AM;\\VBoxSvr\shared_data\mpress\windows_shell_hidden_bind_tcp.exe;Copia de seguridad creada;Se ha creado una copia de seguridad del objeto;HEUR:Trojan.Win32.Generic;;Archivo;\\VBoxSvr\shared_data\mpress;windows_shell_hidden_bind_tcp.exe;Copia de seguridad creada;Troyano;Alta;Parcial;TFM-VI\V;Usuario activo
Hoy, 5/24/2026 7:48:33 AM;\\VBoxSvr\shared_data\mpress\windows_meterpreter_bind_tcp.exe;Detectados;Objeto malicioso detectado;HEUR:Trojan.Win32.Generic;Hash;Archivo;\\VBoxSvr\shared_data\mpress;windows_meterpreter_bind_tcp.exe;Detectados;Troyano;Alta;Parcial;TFM-VI\V;Usuario activo
Hoy, 5/24/2026 7:48:33 AM;\\VBoxSvr\shared_data\mpress\windows_meterpreter_bind_tcp.exe;Eliminado;Objeto eliminado;HEUR:Trojan.Win32.Generic;;Archivo;\\VBoxSvr\shared_data\mpress;windows_meterpreter_bind_tcp.exe;Eliminado;Troyano;Alta;Parcial;TFM-VI\V;Usuario activo
Hoy, 5/24/2026 7:48:33 AM;\\VBoxSvr\shared_data\mpress\windows_meterpreter_bind_tcp.exe;Copia de seguridad creada;Se ha creado una copia de seguridad del objeto;HEUR:Trojan.Win32.Generic;;Archivo;\\VBoxSvr\shared_data\mpress;windows_meterpreter_bind_tcp.exe;Copia de seguridad creada;Troyano;Alta;Parcial;TFM-VI\V;Usuario activo
Hoy, 5/24/2026 7:48:35 AM;\\VBoxSvr\shared_data\mpress\windows_meterpreter_reverse_tcp.exe;Detectados;Objeto malicioso detectado;HEUR:Trojan.Win32.Generic;Hash;Archivo;\\VBoxSvr\shared_data\mpress;windows_meterpreter_reverse_tcp.exe;Detectados;Troyano;Alta;Parcial;TFM-VI\V;Usuario activo
Hoy, 5/24/2026 7:48:35 AM;\\VBoxSvr\shared_data\mpress\windows_encrypted_shell_reverse_tcp.exe;Detectados;Objeto malicioso detectado;HEUR:Trojan.Win32.Generic;Hash;Archivo;\\VBoxSvr\shared_data\mpress;windows_encrypted_shell_reverse_tcp.exe;Detectados;Troyano;Alta;Parcial;TFM-VI\V;Usuario activo
Hoy, 5/24/2026 7:48:35 AM;\\VBoxSvr\shared_data\mpress\windows_meterpreter_reverse_tcp.exe;Eliminado;Objeto eliminado;HEUR:Trojan.Win32.Generic;;Archivo;\\VBoxSvr\shared_data\mpress;windows_meterpreter_reverse_tcp.exe;Eliminado;Troyano;Alta;Parcial;TFM-VI\V;Usuario activo
Hoy, 5/24/2026 7:48:36 AM;\\VBoxSvr\shared_data\mpress\windows_encrypted_shell_reverse_tcp.exe;Eliminado;Objeto eliminado;HEUR:Trojan.Win32.Generic;;Archivo;\\VBoxSvr\shared_data\mpress;windows_encrypted_shell_reverse_tcp.exe;Eliminado;Troyano;Alta;Parcial;TFM-VI\V;Usuario activo
Hoy, 5/24/2026 7:48:35 AM;\\VBoxSvr\shared_data\mpress\windows_meterpreter_reverse_tcp.exe;Copia de seguridad creada;Se ha creado una copia de seguridad del objeto;HEUR:Trojan.Win32.Generic;;Archivo;\\VBoxSvr\shared_data\mpress;windows_meterpreter_reverse_tcp.exe;Copia de seguridad creada;Troyano;Alta;Parcial;TFM-VI\V;Usuario activo
Hoy, 5/24/2026 7:48:35 AM;\\VBoxSvr\shared_data\mpress\windows_encrypted_shell_reverse_tcp.exe;Copia de seguridad creada;Se ha creado una copia de seguridad del objeto;HEUR:Trojan.Win32.Generic;;Archivo;\\VBoxSvr\shared_data\mpress;windows_encrypted_shell_reverse_tcp.exe;Copia de seguridad creada;Troyano;Alta;Parcial;TFM-VI\V;Usuario activo
Hoy, 5/24/2026 7:48:37 AM;\\VBoxSvr\shared_data\mpress\windows_meterpreter_reverse_http.exe;Detectados;Objeto malicioso detectado;HEUR:Trojan.Win32.Generic;Hash;Archivo;\\VBoxSvr\shared_data\mpress;windows_meterpreter_reverse_http.exe;Detectados;Troyano;Alta;Parcial;TFM-VI\V;Usuario activo
Hoy, 5/24/2026 7:48:37 AM;\\VBoxSvr\shared_data\mpress\windows_meterpreter_reverse_http.exe;Eliminado;Objeto eliminado;HEUR:Trojan.Win32.Generic;;Archivo;\\VBoxSvr\shared_data\mpress;windows_meterpreter_reverse_http.exe;Eliminado;Troyano;Alta;Parcial;TFM-VI\V;Usuario activo
Hoy, 5/24/2026 7:48:37 AM;\\VBoxSvr\shared_data\mpress\windows_meterpreter_reverse_http.exe;Copia de seguridad creada;Se ha creado una copia de seguridad del objeto;HEUR:Trojan.Win32.Generic;;Archivo;\\VBoxSvr\shared_data\mpress;windows_meterpreter_reverse_http.exe;Copia de seguridad creada;Troyano;Alta;Parcial;TFM-VI\V;Usuario activo
Hoy, 5/24/2026 7:48:39 AM;\\VBoxSvr\shared_data\mpress\windows_meterpreter_reverse_https.exe;Detectados;Objeto malicioso detectado;HEUR:Trojan.Win32.Generic;Hash;Archivo;\\VBoxSvr\shared_data\mpress;windows_meterpreter_reverse_https.exe;Detectados;Troyano;Alta;Parcial;TFM-VI\V;Usuario activo
Hoy, 5/24/2026 7:48:39 AM;\\VBoxSvr\shared_data\mpress\windows_meterpreter_reverse_https.exe;Eliminado;Objeto eliminado;HEUR:Trojan.Win32.Generic;;Archivo;\\VBoxSvr\shared_data\mpress;windows_meterpreter_reverse_https.exe;Eliminado;Troyano;Alta;Parcial;TFM-VI\V;Usuario activo
Hoy, 5/24/2026 7:48:39 AM;\\VBoxSvr\shared_data\mpress\windows_meterpreter_reverse_https.exe;Copia de seguridad creada;Se ha creado una copia de seguridad del objeto;HEUR:Trojan.Win32.Generic;;Archivo;\\VBoxSvr\shared_data\mpress;windows_meterpreter_reverse_https.exe;Copia de seguridad creada;Troyano;Alta;Parcial;TFM-VI\V;Usuario activo
Hoy, 5/24/2026 7:48:39 AM;;Tarea terminada;Tarea terminada;;;;;;;;;;TFM-VI\V;Usuario activo
Hoy, 5/24/2026 7:44:38 AM;;Tarea iniciada;Tarea iniciada;;;;;;;;;;TFM-VI\V;Usuario activo
Hoy, 5/24/2026 7:48:39 AM;;;El análisis se ha completado. No hay amenazas activas;;;;;;;;;;TFM-VI\V;Iniciador
