Hoy, 5/28/2026 2:37:41 AM;\\VBoxSvr\machine_malware\windows_pingback_reverse_tcp.exeUPX0UPX2;Detectados;Objeto malicioso detectado;HEUR:Trojan.Win32.Generic;Análisis experto;Archivo;\\VBoxSvr\machine_malware;windows_pingback_reverse_tcp.exeUPX0UPX2;Detectados;Troyano;Alta;Parcial;TFM-VI\V;Usuario activo
Hoy, 5/28/2026 2:37:41 AM;\\VBoxSvr\machine_malware\windows_shell_reverse_tcp_rc4.exe;Detectados;Objeto malicioso detectado;HEUR:Trojan.Win32.Generic;Análisis experto;Archivo;\\VBoxSvr\machine_malware;windows_shell_reverse_tcp_rc4.exe;Detectados;Troyano;Alta;Parcial;TFM-VI\V;Usuario activo
Hoy, 5/28/2026 2:37:41 AM;\\VBoxSvr\machine_malware\windows_shell_hidden_bind_tcp.exeUPX1UPX2;Detectados;Objeto malicioso detectado;VHO:Trojan.Win32.Convagent.gen;Protección en la nube;Archivo;\\VBoxSvr\machine_malware;windows_shell_hidden_bind_tcp.exeUPX1UPX2;Detectados;Troyano;Alta;Análisis heurístico;TFM-VI\V;Usuario activo
Hoy, 5/28/2026 2:37:41 AM;\\VBoxSvr\machine_malware\windows_shell_hidden_bind_tcp.exeUPX1UPX2;Detectados;Objeto malicioso detectado;VHO:Trojan.Win32.Convagent.gen;Protección en la nube;Archivo;\\VBoxSvr\machine_malware;windows_shell_hidden_bind_tcp.exeUPX1UPX2;Detectados;Troyano;Alta;Análisis heurístico;TFM-VI\V;Usuario activo
Hoy, 5/28/2026 2:37:41 AM;\\VBoxSvr\machine_malware\windows_shell_reverse_tcp_rc4.exe;Detectados;Objeto malicioso detectado;HEUR:Trojan.Win32.Generic;Análisis experto;Archivo;\\VBoxSvr\machine_malware;windows_shell_reverse_tcp_rc4.exe;Detectados;Troyano;Alta;Parcial;TFM-VI\V;Usuario activo
Hoy, 5/28/2026 2:37:41 AM;\\VBoxSvr\machine_malware\windows_pingback_reverse_tcp.exeUPX0;Detectados;Objeto malicioso detectado;HEUR:Trojan.Win32.Generic;Análisis experto;Archivo;\\VBoxSvr\machine_malware;windows_pingback_reverse_tcp.exeUPX0;Detectados;Troyano;Alta;Parcial;TFM-VI\V;Usuario activo
Hoy, 5/28/2026 2:37:41 AM;\\VBoxSvr\machine_malware\windows_pingback_reverse_tcp.exeUPX0;Detectados;Objeto malicioso detectado;HEUR:Trojan.Win32.Generic;Análisis experto;Archivo;\\VBoxSvr\machine_malware;windows_pingback_reverse_tcp.exeUPX0;Detectados;Troyano;Alta;Parcial;TFM-VI\V;Usuario activo
Hoy, 5/28/2026 2:37:42 AM;\\VBoxSvr\machine_malware\windows_powershell_reverse_tcp.exeUPX2;Detectados;Objeto malicioso detectado;HEUR:Trojan.Win32.Generic;Análisis experto;Archivo;\\VBoxSvr\machine_malware;windows_powershell_reverse_tcp.exeUPX2;Detectados;Troyano;Alta;Análisis heurístico;TFM-VI\V;Usuario activo
Hoy, 5/28/2026 2:37:43 AM;\\VBoxSvr\machine_malware\windows_meterpreter_reverse_http.exeUPX0UPX1UPX2;Detectados;Objeto malicioso detectado;VHO:Trojan.Win32.Convagent.gen;Protección en la nube;Archivo;\\VBoxSvr\machine_malware;windows_meterpreter_reverse_http.exeUPX0UPX1UPX2;Detectados;Troyano;Alta;Análisis heurístico;TFM-VI\V;Usuario activo
Hoy, 5/28/2026 2:37:43 AM;\\VBoxSvr\machine_malware\windows_pingback_reverse_tcp.exe;Detectados;Objeto malicioso detectado;HEUR:Trojan.Win32.Generic;Análisis experto;Archivo;\\VBoxSvr\machine_malware;windows_pingback_reverse_tcp.exe;Detectados;Troyano;Alta;Parcial;TFM-VI\V;Usuario activo
Hoy, 5/28/2026 2:37:43 AM;\\VBoxSvr\machine_malware\windows_meterpreter_reverse_http.exeUPX0UPX1UPX2;Detectados;Objeto malicioso detectado;VHO:Trojan.Win32.Convagent.gen;Protección en la nube;Archivo;\\VBoxSvr\machine_malware;windows_meterpreter_reverse_http.exeUPX0UPX1UPX2;Detectados;Troyano;Alta;Análisis heurístico;TFM-VI\V;Usuario activo
Hoy, 5/28/2026 2:37:43 AM;\\VBoxSvr\machine_malware\windows_pingback_reverse_tcp.exe;Detectados;Objeto malicioso detectado;HEUR:Trojan.Win32.Generic;Análisis experto;Archivo;\\VBoxSvr\machine_malware;windows_pingback_reverse_tcp.exe;Detectados;Troyano;Alta;Parcial;TFM-VI\V;Usuario activo
Hoy, 5/28/2026 2:37:43 AM;\\VBoxSvr\machine_malware\windows_powershell_reverse_tcp.exeUPX2;Detectados;Objeto malicioso detectado;HEUR:Trojan.Win32.Generic;Análisis experto;Archivo;\\VBoxSvr\machine_malware;windows_powershell_reverse_tcp.exeUPX2;Detectados;Troyano;Alta;Análisis heurístico;TFM-VI\V;Usuario activo
Hoy, 5/28/2026 2:37:43 AM;\\VBoxSvr\machine_malware\windows_meterpreter_reverse_tcp.exeUPX1UPX2;Detectados;Objeto malicioso detectado;VHO:Trojan.Win32.Convagent.gen;Protección en la nube;Archivo;\\VBoxSvr\machine_malware;windows_meterpreter_reverse_tcp.exeUPX1UPX2;Detectados;Troyano;Alta;Análisis heurístico;TFM-VI\V;Usuario activo
Hoy, 5/28/2026 2:37:43 AM;\\VBoxSvr\machine_malware\windows_exec.exeUPX0UPX2;Detectados;Objeto malicioso detectado;HEUR:Trojan.Win32.Generic;Análisis experto;Archivo;\\VBoxSvr\machine_malware;windows_exec.exeUPX0UPX2;Detectados;Troyano;Alta;Análisis heurístico;TFM-VI\V;Usuario activo
Hoy, 5/28/2026 2:37:43 AM;\\VBoxSvr\machine_malware\windows_meterpreter_reverse_tcp.exeUPX1UPX2;Detectados;Objeto malicioso detectado;VHO:Trojan.Win32.Convagent.gen;Protección en la nube;Archivo;\\VBoxSvr\machine_malware;windows_meterpreter_reverse_tcp.exeUPX1UPX2;Detectados;Troyano;Alta;Análisis heurístico;TFM-VI\V;Usuario activo
Hoy, 5/28/2026 2:37:44 AM;\\VBoxSvr\machine_malware\windows_exec.exeUPX0UPX2;Detectados;Objeto malicioso detectado;HEUR:Trojan.Win32.Generic;Análisis experto;Archivo;\\VBoxSvr\machine_malware;windows_exec.exeUPX0UPX2;Detectados;Troyano;Alta;Análisis heurístico;TFM-VI\V;Usuario activo
Hoy, 5/28/2026 2:37:44 AM;\\VBoxSvr\machine_malware\windows_pingback_reverse_tcp.exeUPX0UPX2;Detectados;Objeto malicioso detectado;HEUR:Trojan.Win32.Generic;Análisis experto;Archivo;\\VBoxSvr\machine_malware;windows_pingback_reverse_tcp.exeUPX0UPX2;Detectados;Troyano;Alta;Parcial;TFM-VI\V;Usuario activo
Hoy, 5/28/2026 2:37:44 AM;\\VBoxSvr\machine_malware\windows_powershell_reverse_tcp_ssl.exeUPX0UPX1UPX2;Detectados;Objeto malicioso detectado;VHO:Trojan.Win32.Convagent.gen;Protección en la nube;Archivo;\\VBoxSvr\machine_malware;windows_powershell_reverse_tcp_ssl.exeUPX0UPX1UPX2;Detectados;Troyano;Alta;Análisis heurístico;TFM-VI\V;Usuario activo
Hoy, 5/28/2026 2:37:44 AM;\\VBoxSvr\machine_malware\windows_shell_bind_hidden_ipknock_tcp.exeUPX2;Detectados;Objeto malicioso detectado;HEUR:Trojan.Win32.Generic;Análisis experto;Archivo;\\VBoxSvr\machine_malware;windows_shell_bind_hidden_ipknock_tcp.exeUPX2;Detectados;Troyano;Alta;Parcial;TFM-VI\V;Usuario activo
Hoy, 5/28/2026 2:37:44 AM;\\VBoxSvr\machine_malware\windows_pingback_reverse_tcp.exeUPX1UPX2;Detectados;Objeto malicioso detectado;VHO:Trojan.Win32.Convagent.gen;Protección en la nube;Archivo;\\VBoxSvr\machine_malware;windows_pingback_reverse_tcp.exeUPX1UPX2;Detectados;Troyano;Alta;Análisis heurístico;TFM-VI\V;Usuario activo
Hoy, 5/28/2026 2:37:44 AM;\\VBoxSvr\machine_malware\windows_powershell_reverse_tcp_ssl.exeUPX0UPX1UPX2;Detectados;Objeto malicioso detectado;VHO:Trojan.Win32.Convagent.gen;Protección en la nube;Archivo;\\VBoxSvr\machine_malware;windows_powershell_reverse_tcp_ssl.exeUPX0UPX1UPX2;Detectados;Troyano;Alta;Análisis heurístico;TFM-VI\V;Usuario activo
Hoy, 5/28/2026 2:37:44 AM;\\VBoxSvr\machine_malware\windows_shell_bind_hidden_ipknock_tcp.exeUPX2;Detectados;Objeto malicioso detectado;HEUR:Trojan.Win32.Generic;Análisis experto;Archivo;\\VBoxSvr\machine_malware;windows_shell_bind_hidden_ipknock_tcp.exeUPX2;Detectados;Troyano;Alta;Parcial;TFM-VI\V;Usuario activo
Hoy, 5/28/2026 2:37:44 AM;\\VBoxSvr\machine_malware\windows_pingback_reverse_tcp.exeUPX1UPX2;Detectados;Objeto malicioso detectado;VHO:Trojan.Win32.Convagent.gen;Protección en la nube;Archivo;\\VBoxSvr\machine_malware;windows_pingback_reverse_tcp.exeUPX1UPX2;Detectados;Troyano;Alta;Análisis heurístico;TFM-VI\V;Usuario activo
Hoy, 5/28/2026 2:37:44 AM;\\VBoxSvr\machine_malware\windows_powershell_reverse_tcp_ssl.exeUPX1UPX2;Detectados;Objeto malicioso detectado;VHO:Trojan.Win32.Convagent.gen;Protección en la nube;Archivo;\\VBoxSvr\machine_malware;windows_powershell_reverse_tcp_ssl.exeUPX1UPX2;Detectados;Troyano;Alta;Análisis heurístico;TFM-VI\V;Usuario activo
Hoy, 5/28/2026 2:37:44 AM;\\VBoxSvr\machine_malware\windows_powershell_reverse_tcp_ssl.exeUPX1UPX2;Detectados;Objeto malicioso detectado;VHO:Trojan.Win32.Convagent.gen;Protección en la nube;Archivo;\\VBoxSvr\machine_malware;windows_powershell_reverse_tcp_ssl.exeUPX1UPX2;Detectados;Troyano;Alta;Análisis heurístico;TFM-VI\V;Usuario activo
Hoy, 5/28/2026 2:37:44 AM;\\VBoxSvr\machine_malware\windows_pingback_bind_tcp.exeUPX1UPX2;Detectados;Objeto malicioso detectado;VHO:Trojan.Win32.Convagent.gen;Protección en la nube;Archivo;\\VBoxSvr\machine_malware;windows_pingback_bind_tcp.exeUPX1UPX2;Detectados;Troyano;Alta;Análisis heurístico;TFM-VI\V;Usuario activo
Hoy, 5/28/2026 2:37:44 AM;\\VBoxSvr\machine_malware\windows_shell_bind_tcp.exeUPX0UPX1UPX2;Detectados;Objeto malicioso detectado;VHO:Trojan.Win32.Convagent.gen;Protección en la nube;Archivo;\\VBoxSvr\machine_malware;windows_shell_bind_tcp.exeUPX0UPX1UPX2;Detectados;Troyano;Alta;Análisis heurístico;TFM-VI\V;Usuario activo
Hoy, 5/28/2026 2:37:45 AM;\\VBoxSvr\machine_malware\windows_shell_bind_tcp.exeUPX0UPX1UPX2;Detectados;Objeto malicioso detectado;VHO:Trojan.Win32.Convagent.gen;Protección en la nube;Archivo;\\VBoxSvr\machine_malware;windows_shell_bind_tcp.exeUPX0UPX1UPX2;Detectados;Troyano;Alta;Análisis heurístico;TFM-VI\V;Usuario activo
Hoy, 5/28/2026 2:37:45 AM;\\VBoxSvr\machine_malware\windows_pingback_bind_tcp.exeUPX1UPX2;Detectados;Objeto malicioso detectado;VHO:Trojan.Win32.Convagent.gen;Protección en la nube;Archivo;\\VBoxSvr\machine_malware;windows_pingback_bind_tcp.exeUPX1UPX2;Detectados;Troyano;Alta;Análisis heurístico;TFM-VI\V;Usuario activo
Hoy, 5/28/2026 2:37:45 AM;\\VBoxSvr\machine_malware\windows_shell_reverse_tcp_rc4.exeUPX0UPX2;Detectados;Objeto malicioso detectado;HEUR:Trojan.Win32.Generic;Análisis experto;Archivo;\\VBoxSvr\machine_malware;windows_shell_reverse_tcp_rc4.exeUPX0UPX2;Detectados;Troyano;Alta;Parcial;TFM-VI\V;Usuario activo
Hoy, 5/28/2026 2:37:45 AM;\\VBoxSvr\machine_malware\windows_shell_reverse_tcp_rc4.exeUPX0UPX2;Detectados;Objeto malicioso detectado;HEUR:Trojan.Win32.Generic;Análisis experto;Archivo;\\VBoxSvr\machine_malware;windows_shell_reverse_tcp_rc4.exeUPX0UPX2;Detectados;Troyano;Alta;Parcial;TFM-VI\V;Usuario activo
Hoy, 5/28/2026 2:37:45 AM;\\VBoxSvr\machine_malware\windows_powershell_bind_tcp.exeUPX1UPX2;Detectados;Objeto malicioso detectado;VHO:Trojan.Win32.Convagent.gen;Protección en la nube;Archivo;\\VBoxSvr\machine_malware;windows_powershell_bind_tcp.exeUPX1UPX2;Detectados;Troyano;Alta;Análisis heurístico;TFM-VI\V;Usuario activo
Hoy, 5/28/2026 2:37:46 AM;\\VBoxSvr\machine_malware\windows_powershell_bind_tcp.exeUPX1UPX2;Detectados;Objeto malicioso detectado;VHO:Trojan.Win32.Convagent.gen;Protección en la nube;Archivo;\\VBoxSvr\machine_malware;windows_powershell_bind_tcp.exeUPX1UPX2;Detectados;Troyano;Alta;Análisis heurístico;TFM-VI\V;Usuario activo
Hoy, 5/28/2026 2:37:47 AM;\\VBoxSvr\machine_malware\windows_powershell_reverse_tcp_ssl.exeUPX0UPX2;Detectados;Objeto malicioso detectado;HEUR:Trojan.Win32.Generic;Análisis experto;Archivo;\\VBoxSvr\machine_malware;windows_powershell_reverse_tcp_ssl.exeUPX0UPX2;Detectados;Troyano;Alta;Análisis heurístico;TFM-VI\V;Usuario activo
Hoy, 5/28/2026 2:37:47 AM;\\VBoxSvr\machine_malware\windows_powershell_reverse_tcp_ssl.exeUPX0UPX2;Detectados;Objeto malicioso detectado;HEUR:Trojan.Win32.Generic;Análisis experto;Archivo;\\VBoxSvr\machine_malware;windows_powershell_reverse_tcp_ssl.exeUPX0UPX2;Detectados;Troyano;Alta;Análisis heurístico;TFM-VI\V;Usuario activo
Hoy, 5/28/2026 2:37:47 AM;\\VBoxSvr\machine_malware\windows_pingback_bind_tcp.exe;Detectados;Objeto malicioso detectado;HEUR:Trojan.Win32.Generic;Análisis experto;Archivo;\\VBoxSvr\machine_malware;windows_pingback_bind_tcp.exe;Detectados;Troyano;Alta;Parcial;TFM-VI\V;Usuario activo
Hoy, 5/28/2026 2:37:47 AM;\\VBoxSvr\machine_malware\windows_pingback_bind_tcp.exe;Detectados;Objeto malicioso detectado;HEUR:Trojan.Win32.Generic;Análisis experto;Archivo;\\VBoxSvr\machine_malware;windows_pingback_bind_tcp.exe;Detectados;Troyano;Alta;Parcial;TFM-VI\V;Usuario activo
Hoy, 5/28/2026 2:37:48 AM;\\VBoxSvr\machine_malware\windows_powershell_bind_tcp.exeUPX0UPX2;Detectados;Objeto malicioso detectado;HEUR:Trojan.Win32.Generic;Análisis experto;Archivo;\\VBoxSvr\machine_malware;windows_powershell_bind_tcp.exeUPX0UPX2;Detectados;Troyano;Alta;Análisis heurístico;TFM-VI\V;Usuario activo
Hoy, 5/28/2026 2:37:48 AM;\\VBoxSvr\machine_malware\windows_powershell_bind_tcp.exeUPX0UPX2;Detectados;Objeto malicioso detectado;HEUR:Trojan.Win32.Generic;Análisis experto;Archivo;\\VBoxSvr\machine_malware;windows_powershell_bind_tcp.exeUPX0UPX2;Detectados;Troyano;Alta;Análisis heurístico;TFM-VI\V;Usuario activo
Hoy, 5/28/2026 2:37:48 AM;\\VBoxSvr\machine_malware\windows_shell_bind_hidden_ipknock_tcp.exeUPX0UPX2;Detectados;Objeto malicioso detectado;HEUR:Trojan.Win32.Generic;Análisis experto;Archivo;\\VBoxSvr\machine_malware;windows_shell_bind_hidden_ipknock_tcp.exeUPX0UPX2;Detectados;Troyano;Alta;Parcial;TFM-VI\V;Usuario activo
Hoy, 5/28/2026 2:37:48 AM;\\VBoxSvr\machine_malware\windows_shell_bind_hidden_ipknock_tcp.exeUPX0UPX2;Detectados;Objeto malicioso detectado;HEUR:Trojan.Win32.Generic;Análisis experto;Archivo;\\VBoxSvr\machine_malware;windows_shell_bind_hidden_ipknock_tcp.exeUPX0UPX2;Detectados;Troyano;Alta;Parcial;TFM-VI\V;Usuario activo
Hoy, 5/28/2026 2:37:49 AM;\\VBoxSvr\machine_malware\windows_powershell_reverse_tcp.exeUPX0;Detectados;Objeto malicioso detectado;HEUR:Trojan.Win32.Generic;Análisis experto;Archivo;\\VBoxSvr\machine_malware;windows_powershell_reverse_tcp.exeUPX0;Detectados;Troyano;Alta;Análisis heurístico;TFM-VI\V;Usuario activo
Hoy, 5/28/2026 2:37:49 AM;\\VBoxSvr\machine_malware\windows_powershell_reverse_tcp.exeUPX0;Detectados;Objeto malicioso detectado;HEUR:Trojan.Win32.Generic;Análisis experto;Archivo;\\VBoxSvr\machine_malware;windows_powershell_reverse_tcp.exeUPX0;Detectados;Troyano;Alta;Análisis heurístico;TFM-VI\V;Usuario activo
Hoy, 5/28/2026 2:37:50 AM;\\VBoxSvr\machine_malware\windows_meterpreter_reverse_tcp.exeUPX0;Detectados;Objeto malicioso detectado;HEUR:Trojan.Win32.Generic;Análisis experto;Archivo;\\VBoxSvr\machine_malware;windows_meterpreter_reverse_tcp.exeUPX0;Detectados;Troyano;Alta;Parcial;TFM-VI\V;Usuario activo
Hoy, 5/28/2026 2:37:51 AM;\\VBoxSvr\machine_malware\windows_meterpreter_reverse_tcp.exeUPX0;Detectados;Objeto malicioso detectado;HEUR:Trojan.Win32.Generic;Análisis experto;Archivo;\\VBoxSvr\machine_malware;windows_meterpreter_reverse_tcp.exeUPX0;Detectados;Troyano;Alta;Parcial;TFM-VI\V;Usuario activo
Hoy, 5/28/2026 2:37:51 AM;\\VBoxSvr\machine_malware\windows_meterpreter_reverse_http.exeUPX0;Detectados;Objeto malicioso detectado;HEUR:Trojan.Win32.Generic;Análisis experto;Archivo;\\VBoxSvr\machine_malware;windows_meterpreter_reverse_http.exeUPX0;Detectados;Troyano;Alta;Parcial;TFM-VI\V;Usuario activo
Hoy, 5/28/2026 2:37:51 AM;\\VBoxSvr\machine_malware\windows_meterpreter_reverse_http.exeUPX0;Detectados;Objeto malicioso detectado;HEUR:Trojan.Win32.Generic;Análisis experto;Archivo;\\VBoxSvr\machine_malware;windows_meterpreter_reverse_http.exeUPX0;Detectados;Troyano;Alta;Parcial;TFM-VI\V;Usuario activo
Hoy, 5/28/2026 2:37:51 AM;\\VBoxSvr\machine_malware\windows_encrypted_shell_reverse_tcp.exeUPX1UPX2;Detectados;Objeto malicioso detectado;VHO:Trojan.Win32.Convagent.gen;Protección en la nube;Archivo;\\VBoxSvr\machine_malware;windows_encrypted_shell_reverse_tcp.exeUPX1UPX2;Detectados;Troyano;Alta;Análisis heurístico;TFM-VI\V;Usuario activo
Hoy, 5/28/2026 2:37:51 AM;\\VBoxSvr\machine_malware\windows_encrypted_shell_reverse_tcp.exeUPX1UPX2;Detectados;Objeto malicioso detectado;VHO:Trojan.Win32.Convagent.gen;Protección en la nube;Archivo;\\VBoxSvr\machine_malware;windows_encrypted_shell_reverse_tcp.exeUPX1UPX2;Detectados;Troyano;Alta;Análisis heurístico;TFM-VI\V;Usuario activo
Hoy, 5/28/2026 2:37:51 AM;\\VBoxSvr\machine_malware\windows_shell_hidden_bind_tcp.exeUPX0UPX2;Detectados;Objeto malicioso detectado;HEUR:Trojan.Win32.Generic;Análisis experto;Archivo;\\VBoxSvr\machine_malware;windows_shell_hidden_bind_tcp.exeUPX0UPX2;Detectados;Troyano;Alta;Parcial;TFM-VI\V;Usuario activo
Hoy, 5/28/2026 2:37:51 AM;\\VBoxSvr\machine_malware\windows_shell_hidden_bind_tcp.exeUPX0UPX2;Detectados;Objeto malicioso detectado;HEUR:Trojan.Win32.Generic;Análisis experto;Archivo;\\VBoxSvr\machine_malware;windows_shell_hidden_bind_tcp.exeUPX0UPX2;Detectados;Troyano;Alta;Parcial;TFM-VI\V;Usuario activo
Hoy, 5/28/2026 2:37:52 AM;\\VBoxSvr\machine_malware\windows_exec.exe;Detectados;Objeto malicioso detectado;HEUR:Trojan.Win32.Generic;Análisis experto;Archivo;\\VBoxSvr\machine_malware;windows_exec.exe;Detectados;Troyano;Alta;Análisis heurístico;TFM-VI\V;Usuario activo
Hoy, 5/28/2026 2:37:52 AM;\\VBoxSvr\machine_malware\windows_exec.exe;Detectados;Objeto malicioso detectado;HEUR:Trojan.Win32.Generic;Análisis experto;Archivo;\\VBoxSvr\machine_malware;windows_exec.exe;Detectados;Troyano;Alta;Análisis heurístico;TFM-VI\V;Usuario activo
Hoy, 5/28/2026 2:37:52 AM;\\VBoxSvr\machine_malware\windows_powershell_bind_tcp.exeUPX2;Detectados;Objeto malicioso detectado;HEUR:Trojan.Win32.Generic;Análisis experto;Archivo;\\VBoxSvr\machine_malware;windows_powershell_bind_tcp.exeUPX2;Detectados;Troyano;Alta;Análisis heurístico;TFM-VI\V;Usuario activo
Hoy, 5/28/2026 2:37:53 AM;\\VBoxSvr\machine_malware\windows_powershell_bind_tcp.exeUPX2;Detectados;Objeto malicioso detectado;HEUR:Trojan.Win32.Generic;Análisis experto;Archivo;\\VBoxSvr\machine_malware;windows_powershell_bind_tcp.exeUPX2;Detectados;Troyano;Alta;Análisis heurístico;TFM-VI\V;Usuario activo
Hoy, 5/28/2026 2:37:54 AM;\\VBoxSvr\machine_malware\windows_encrypted_shell_reverse_tcp.exeUPX0UPX1UPX2;Detectados;Objeto malicioso detectado;VHO:Trojan.Win32.Convagent.gen;Protección en la nube;Archivo;\\VBoxSvr\machine_malware;windows_encrypted_shell_reverse_tcp.exeUPX0UPX1UPX2;Detectados;Troyano;Alta;Análisis heurístico;TFM-VI\V;Usuario activo
Hoy, 5/28/2026 2:37:55 AM;\\VBoxSvr\machine_malware\windows_shell_bind_tcp.exeUPX1UPX2;Detectados;Objeto malicioso detectado;VHO:Trojan.Win32.Convagent.gen;Protección en la nube;Archivo;\\VBoxSvr\machine_malware;windows_shell_bind_tcp.exeUPX1UPX2;Detectados;Troyano;Alta;Análisis heurístico;TFM-VI\V;Usuario activo
Hoy, 5/28/2026 2:37:55 AM;\\VBoxSvr\machine_malware\windows_encrypted_shell_reverse_tcp.exeUPX0UPX1UPX2;Detectados;Objeto malicioso detectado;VHO:Trojan.Win32.Convagent.gen;Protección en la nube;Archivo;\\VBoxSvr\machine_malware;windows_encrypted_shell_reverse_tcp.exeUPX0UPX1UPX2;Detectados;Troyano;Alta;Análisis heurístico;TFM-VI\V;Usuario activo
Hoy, 5/28/2026 2:37:55 AM;\\VBoxSvr\machine_malware\windows_shell_bind_tcp.exeUPX1UPX2;Detectados;Objeto malicioso detectado;VHO:Trojan.Win32.Convagent.gen;Protección en la nube;Archivo;\\VBoxSvr\machine_malware;windows_shell_bind_tcp.exeUPX1UPX2;Detectados;Troyano;Alta;Análisis heurístico;TFM-VI\V;Usuario activo
Hoy, 5/28/2026 2:37:55 AM;\\VBoxSvr\machine_malware\windows_powershell_reverse_tcp.exeUPX0UPX2;Detectados;Objeto malicioso detectado;HEUR:Trojan.Win32.Generic;Análisis experto;Archivo;\\VBoxSvr\machine_malware;windows_powershell_reverse_tcp.exeUPX0UPX2;Detectados;Troyano;Alta;Análisis heurístico;TFM-VI\V;Usuario activo
Hoy, 5/28/2026 2:37:55 AM;\\VBoxSvr\machine_malware\windows_powershell_reverse_tcp.exeUPX0UPX2;Detectados;Objeto malicioso detectado;HEUR:Trojan.Win32.Generic;Análisis experto;Archivo;\\VBoxSvr\machine_malware;windows_powershell_reverse_tcp.exeUPX0UPX2;Detectados;Troyano;Alta;Análisis heurístico;TFM-VI\V;Usuario activo
Hoy, 5/28/2026 2:37:56 AM;\\VBoxSvr\machine_malware\windows_powershell_reverse_tcp.exe;Detectados;Objeto malicioso detectado;HEUR:Trojan.Win32.Generic;Análisis experto;Archivo;\\VBoxSvr\machine_malware;windows_powershell_reverse_tcp.exe;Detectados;Troyano;Alta;Análisis heurístico;TFM-VI\V;Usuario activo
Hoy, 5/28/2026 2:37:56 AM;\\VBoxSvr\machine_malware\windows_powershell_reverse_tcp.exe;Detectados;Objeto malicioso detectado;HEUR:Trojan.Win32.Generic;Análisis experto;Archivo;\\VBoxSvr\machine_malware;windows_powershell_reverse_tcp.exe;Detectados;Troyano;Alta;Análisis heurístico;TFM-VI\V;Usuario activo
Hoy, 5/28/2026 2:37:56 AM;\\VBoxSvr\machine_malware\windows_meterpreter_reverse_tcp.exeUPX0UPX2;Detectados;Objeto malicioso detectado;HEUR:Trojan.Win32.Generic;Análisis experto;Archivo;\\VBoxSvr\machine_malware;windows_meterpreter_reverse_tcp.exeUPX0UPX2;Detectados;Troyano;Alta;Parcial;TFM-VI\V;Usuario activo
Hoy, 5/28/2026 2:37:56 AM;\\VBoxSvr\machine_malware\windows_meterpreter_reverse_tcp.exeUPX0UPX2;Detectados;Objeto malicioso detectado;HEUR:Trojan.Win32.Generic;Análisis experto;Archivo;\\VBoxSvr\machine_malware;windows_meterpreter_reverse_tcp.exeUPX0UPX2;Detectados;Troyano;Alta;Parcial;TFM-VI\V;Usuario activo
Hoy, 5/28/2026 2:37:58 AM;\\VBoxSvr\machine_malware\windows_powershell_bind_tcp.exe;Detectados;Objeto malicioso detectado;HEUR:Trojan.Win32.Generic;Análisis experto;Archivo;\\VBoxSvr\machine_malware;windows_powershell_bind_tcp.exe;Detectados;Troyano;Alta;Análisis heurístico;TFM-VI\V;Usuario activo
Hoy, 5/28/2026 2:37:59 AM;\\VBoxSvr\machine_malware\windows_meterpreter_reverse_http.exeUPX2;Detectados;Objeto malicioso detectado;HEUR:Trojan.Win32.Generic;Análisis experto;Archivo;\\VBoxSvr\machine_malware;windows_meterpreter_reverse_http.exeUPX2;Detectados;Troyano;Alta;Parcial;TFM-VI\V;Usuario activo
Hoy, 5/28/2026 2:37:59 AM;\\VBoxSvr\machine_malware\windows_meterpreter_reverse_http.exeUPX2;Detectados;Objeto malicioso detectado;HEUR:Trojan.Win32.Generic;Análisis experto;Archivo;\\VBoxSvr\machine_malware;windows_meterpreter_reverse_http.exeUPX2;Detectados;Troyano;Alta;Parcial;TFM-VI\V;Usuario activo
Hoy, 5/28/2026 2:38:00 AM;\\VBoxSvr\machine_malware\windows_powershell_bind_tcp.exe;Detectados;Objeto malicioso detectado;HEUR:Trojan.Win32.Generic;Análisis experto;Archivo;\\VBoxSvr\machine_malware;windows_powershell_bind_tcp.exe;Detectados;Troyano;Alta;Análisis heurístico;TFM-VI\V;Usuario activo
Hoy, 5/28/2026 2:38:02 AM;\\VBoxSvr\machine_malware\windows_meterpreter_reverse_https.exeUPX0UPX2;Detectados;Objeto malicioso detectado;HEUR:Trojan.Win32.Generic;Análisis experto;Archivo;\\VBoxSvr\machine_malware;windows_meterpreter_reverse_https.exeUPX0UPX2;Detectados;Troyano;Alta;Parcial;TFM-VI\V;Usuario activo
Hoy, 5/28/2026 2:38:05 AM;\\VBoxSvr\machine_malware\windows_meterpreter_reverse_http.exe;Detectados;Objeto malicioso detectado;HEUR:Trojan.Win32.Generic;Análisis experto;Archivo;\\VBoxSvr\machine_malware;windows_meterpreter_reverse_http.exe;Detectados;Troyano;Alta;Parcial;TFM-VI\V;Usuario activo
Hoy, 5/28/2026 2:38:05 AM;\\VBoxSvr\machine_malware\windows_meterpreter_reverse_https.exeUPX0UPX2;Detectados;Objeto malicioso detectado;HEUR:Trojan.Win32.Generic;Análisis experto;Archivo;\\VBoxSvr\machine_malware;windows_meterpreter_reverse_https.exeUPX0UPX2;Detectados;Troyano;Alta;Parcial;TFM-VI\V;Usuario activo
Hoy, 5/28/2026 2:38:05 AM;\\VBoxSvr\machine_malware\windows_meterpreter_reverse_http.exe;Detectados;Objeto malicioso detectado;HEUR:Trojan.Win32.Generic;Análisis experto;Archivo;\\VBoxSvr\machine_malware;windows_meterpreter_reverse_http.exe;Detectados;Troyano;Alta;Parcial;TFM-VI\V;Usuario activo
Hoy, 5/28/2026 2:38:06 AM;\\VBoxSvr\machine_malware\windows_meterpreter_reverse_https.exeUPX0;Detectados;Objeto malicioso detectado;HEUR:Trojan.Win32.Generic;Análisis experto;Archivo;\\VBoxSvr\machine_malware;windows_meterpreter_reverse_https.exeUPX0;Detectados;Troyano;Alta;Parcial;TFM-VI\V;Usuario activo
Hoy, 5/28/2026 2:38:07 AM;\\VBoxSvr\machine_malware\windows_meterpreter_reverse_https.exeUPX0;Detectados;Objeto malicioso detectado;HEUR:Trojan.Win32.Generic;Análisis experto;Archivo;\\VBoxSvr\machine_malware;windows_meterpreter_reverse_https.exeUPX0;Detectados;Troyano;Alta;Parcial;TFM-VI\V;Usuario activo
Hoy, 5/28/2026 2:38:07 AM;\\VBoxSvr\machine_malware\windows_meterpreter_reverse_tcp.exeUPX0UPX1UPX2;Detectados;Objeto malicioso detectado;VHO:Trojan.Win32.Convagent.gen;Protección en la nube;Archivo;\\VBoxSvr\machine_malware;windows_meterpreter_reverse_tcp.exeUPX0UPX1UPX2;Detectados;Troyano;Alta;Análisis heurístico;TFM-VI\V;Usuario activo
Hoy, 5/28/2026 2:38:07 AM;\\VBoxSvr\machine_malware\windows_pingback_reverse_tcp.exeUPX2;Detectados;Objeto malicioso detectado;HEUR:Trojan.Win32.Generic;Análisis experto;Archivo;\\VBoxSvr\machine_malware;windows_pingback_reverse_tcp.exeUPX2;Detectados;Troyano;Alta;Parcial;TFM-VI\V;Usuario activo
Hoy, 5/28/2026 2:38:07 AM;\\VBoxSvr\machine_malware\windows_meterpreter_reverse_tcp.exeUPX0UPX1UPX2;Detectados;Objeto malicioso detectado;VHO:Trojan.Win32.Convagent.gen;Protección en la nube;Archivo;\\VBoxSvr\machine_malware;windows_meterpreter_reverse_tcp.exeUPX0UPX1UPX2;Detectados;Troyano;Alta;Análisis heurístico;TFM-VI\V;Usuario activo
Hoy, 5/28/2026 2:38:08 AM;\\VBoxSvr\machine_malware\windows_pingback_reverse_tcp.exeUPX2;Detectados;Objeto malicioso detectado;HEUR:Trojan.Win32.Generic;Análisis experto;Archivo;\\VBoxSvr\machine_malware;windows_pingback_reverse_tcp.exeUPX2;Detectados;Troyano;Alta;Parcial;TFM-VI\V;Usuario activo
Hoy, 5/28/2026 2:38:08 AM;\\VBoxSvr\machine_malware\windows_meterpreter_reverse_tcp.exe;Detectados;Objeto malicioso detectado;HEUR:Trojan.Win32.Generic;Análisis experto;Archivo;\\VBoxSvr\machine_malware;windows_meterpreter_reverse_tcp.exe;Detectados;Troyano;Alta;Parcial;TFM-VI\V;Usuario activo
Hoy, 5/28/2026 2:38:09 AM;\\VBoxSvr\machine_malware\windows_shell_bind_hidden_ipknock_tcp.exeUPX0;Detectados;Objeto malicioso detectado;HEUR:Trojan.Win32.Generic;Análisis experto;Archivo;\\VBoxSvr\machine_malware;windows_shell_bind_hidden_ipknock_tcp.exeUPX0;Detectados;Troyano;Alta;Parcial;TFM-VI\V;Usuario activo
Hoy, 5/28/2026 2:38:09 AM;\\VBoxSvr\machine_malware\windows_shell_hidden_bind_tcp.exeUPX0;Detectados;Objeto malicioso detectado;HEUR:Trojan.Win32.Generic;Análisis experto;Archivo;\\VBoxSvr\machine_malware;windows_shell_hidden_bind_tcp.exeUPX0;Detectados;Troyano;Alta;Parcial;TFM-VI\V;Usuario activo
Hoy, 5/28/2026 2:38:09 AM;\\VBoxSvr\machine_malware\windows_shell_bind_hidden_ipknock_tcp.exeUPX0;Detectados;Objeto malicioso detectado;HEUR:Trojan.Win32.Generic;Análisis experto;Archivo;\\VBoxSvr\machine_malware;windows_shell_bind_hidden_ipknock_tcp.exeUPX0;Detectados;Troyano;Alta;Parcial;TFM-VI\V;Usuario activo
Hoy, 5/28/2026 2:38:09 AM;\\VBoxSvr\machine_malware\windows_shell_hidden_bind_tcp.exeUPX0;Detectados;Objeto malicioso detectado;HEUR:Trojan.Win32.Generic;Análisis experto;Archivo;\\VBoxSvr\machine_malware;windows_shell_hidden_bind_tcp.exeUPX0;Detectados;Troyano;Alta;Parcial;TFM-VI\V;Usuario activo
Hoy, 5/28/2026 2:38:09 AM;\\VBoxSvr\machine_malware\windows_meterpreter_reverse_http.exeUPX1UPX2;Detectados;Objeto malicioso detectado;VHO:Trojan.Win32.Convagent.gen;Protección en la nube;Archivo;\\VBoxSvr\machine_malware;windows_meterpreter_reverse_http.exeUPX1UPX2;Detectados;Troyano;Alta;Análisis heurístico;TFM-VI\V;Usuario activo
Hoy, 5/28/2026 2:38:10 AM;\\VBoxSvr\machine_malware\windows_powershell_reverse_tcp_ssl.exe;Detectados;Objeto malicioso detectado;HEUR:Trojan.Win32.Generic;Análisis experto;Archivo;\\VBoxSvr\machine_malware;windows_powershell_reverse_tcp_ssl.exe;Detectados;Troyano;Alta;Análisis heurístico;TFM-VI\V;Usuario activo
Hoy, 5/28/2026 2:38:12 AM;\\VBoxSvr\machine_malware\windows_powershell_reverse_tcp_ssl.exe;Detectados;Objeto malicioso detectado;HEUR:Trojan.Win32.Generic;Análisis experto;Archivo;\\VBoxSvr\machine_malware;windows_powershell_reverse_tcp_ssl.exe;Detectados;Troyano;Alta;Análisis heurístico;TFM-VI\V;Usuario activo
Hoy, 5/28/2026 2:38:12 AM;\\VBoxSvr\machine_malware\windows_meterpreter_bind_tcp.exeUPX1UPX2;Detectados;Objeto malicioso detectado;VHO:Trojan.Win32.Convagent.gen;Protección en la nube;Archivo;\\VBoxSvr\machine_malware;windows_meterpreter_bind_tcp.exeUPX1UPX2;Detectados;Troyano;Alta;Análisis heurístico;TFM-VI\V;Usuario activo
Hoy, 5/28/2026 2:38:13 AM;\\VBoxSvr\machine_malware\windows_meterpreter_reverse_http.exeUPX1UPX2;Detectados;Objeto malicioso detectado;VHO:Trojan.Win32.Convagent.gen;Protección en la nube;Archivo;\\VBoxSvr\machine_malware;windows_meterpreter_reverse_http.exeUPX1UPX2;Detectados;Troyano;Alta;Análisis heurístico;TFM-VI\V;Usuario activo
Hoy, 5/28/2026 2:38:13 AM;\\VBoxSvr\machine_malware\windows_powershell_reverse_tcp_ssl.exeUPX0;Detectados;Objeto malicioso detectado;HEUR:Trojan.Win32.Generic;Análisis experto;Archivo;\\VBoxSvr\machine_malware;windows_powershell_reverse_tcp_ssl.exeUPX0;Detectados;Troyano;Alta;Análisis heurístico;TFM-VI\V;Usuario activo
Hoy, 5/28/2026 2:38:14 AM;\\VBoxSvr\machine_malware\windows_shell_bind_tcp.exeUPX0;Detectados;Objeto malicioso detectado;HEUR:Trojan.Win32.Generic;Análisis experto;Archivo;\\VBoxSvr\machine_malware;windows_shell_bind_tcp.exeUPX0;Detectados;Troyano;Alta;Parcial;TFM-VI\V;Usuario activo
Hoy, 5/28/2026 2:38:15 AM;\\VBoxSvr\machine_malware\windows_pingback_bind_tcp.exeUPX0UPX1UPX2;Detectados;Objeto malicioso detectado;VHO:Trojan.Win32.Convagent.gen;Protección en la nube;Archivo;\\VBoxSvr\machine_malware;windows_pingback_bind_tcp.exeUPX0UPX1UPX2;Detectados;Troyano;Alta;Análisis heurístico;TFM-VI\V;Usuario activo
Hoy, 5/28/2026 2:38:15 AM;\\VBoxSvr\machine_malware\windows_shell_bind_hidden_ipknock_tcp.exeUPX0UPX1UPX2;Detectados;Objeto malicioso detectado;VHO:Trojan.Win32.Convagent.gen;Protección en la nube;Archivo;\\VBoxSvr\machine_malware;windows_shell_bind_hidden_ipknock_tcp.exeUPX0UPX1UPX2;Detectados;Troyano;Alta;Análisis heurístico;TFM-VI\V;Usuario activo
Hoy, 5/28/2026 2:38:15 AM;\\VBoxSvr\machine_malware\windows_meterpreter_reverse_tcp.exe;Detectados;Objeto malicioso detectado;HEUR:Trojan.Win32.Generic;Análisis experto;Archivo;\\VBoxSvr\machine_malware;windows_meterpreter_reverse_tcp.exe;Detectados;Troyano;Alta;Parcial;TFM-VI\V;Usuario activo
Hoy, 5/28/2026 2:38:15 AM;\\VBoxSvr\machine_malware\windows_shell_reverse_tcp_rc4.exeUPX0;Detectados;Objeto malicioso detectado;HEUR:Trojan.Win32.Generic;Análisis experto;Archivo;\\VBoxSvr\machine_malware;windows_shell_reverse_tcp_rc4.exeUPX0;Detectados;Troyano;Alta;Parcial;TFM-VI\V;Usuario activo
Hoy, 5/28/2026 2:38:15 AM;\\VBoxSvr\machine_malware\windows_meterpreter_bind_tcp.exeUPX1UPX2;Detectados;Objeto malicioso detectado;VHO:Trojan.Win32.Convagent.gen;Protección en la nube;Archivo;\\VBoxSvr\machine_malware;windows_meterpreter_bind_tcp.exeUPX1UPX2;Detectados;Troyano;Alta;Análisis heurístico;TFM-VI\V;Usuario activo
Hoy, 5/28/2026 2:38:16 AM;\\VBoxSvr\machine_malware\windows_meterpreter_reverse_https.exeUPX0UPX1UPX2;Detectados;Objeto malicioso detectado;VHO:Trojan.Win32.Convagent.gen;Protección en la nube;Archivo;\\VBoxSvr\machine_malware;windows_meterpreter_reverse_https.exeUPX0UPX1UPX2;Detectados;Troyano;Alta;Análisis heurístico;TFM-VI\V;Usuario activo
Hoy, 5/28/2026 2:38:16 AM;\\VBoxSvr\machine_malware\windows_powershell_reverse_tcp_ssl.exeUPX0;Detectados;Objeto malicioso detectado;HEUR:Trojan.Win32.Generic;Análisis experto;Archivo;\\VBoxSvr\machine_malware;windows_powershell_reverse_tcp_ssl.exeUPX0;Detectados;Troyano;Alta;Análisis heurístico;TFM-VI\V;Usuario activo
Hoy, 5/28/2026 2:38:16 AM;\\VBoxSvr\machine_malware\windows_exec.exeUPX0UPX1UPX2;Detectados;Objeto malicioso detectado;VHO:Trojan.Win32.Convagent.gen;Protección en la nube;Archivo;\\VBoxSvr\machine_malware;windows_exec.exeUPX0UPX1UPX2;Detectados;Troyano;Alta;Análisis heurístico;TFM-VI\V;Usuario activo
Hoy, 5/28/2026 2:38:16 AM;\\VBoxSvr\machine_malware\windows_meterpreter_bind_tcp.exeUPX0UPX1UPX2;Detectados;Objeto malicioso detectado;VHO:Trojan.Win32.Convagent.gen;Protección en la nube;Archivo;\\VBoxSvr\machine_malware;windows_meterpreter_bind_tcp.exeUPX0UPX1UPX2;Detectados;Troyano;Alta;Análisis heurístico;TFM-VI\V;Usuario activo
Hoy, 5/28/2026 2:38:17 AM;\\VBoxSvr\machine_malware\windows_powershell_reverse_tcp_ssl.exeUPX2;Detectados;Objeto malicioso detectado;HEUR:Trojan.Win32.Generic;Análisis experto;Archivo;\\VBoxSvr\machine_malware;windows_powershell_reverse_tcp_ssl.exeUPX2;Detectados;Troyano;Alta;Análisis heurístico;TFM-VI\V;Usuario activo
Hoy, 5/28/2026 2:38:17 AM;\\VBoxSvr\machine_malware\windows_pingback_bind_tcp.exeUPX0;Detectados;Objeto malicioso detectado;HEUR:Trojan.Win32.Generic;Análisis experto;Archivo;\\VBoxSvr\machine_malware;windows_pingback_bind_tcp.exeUPX0;Detectados;Troyano;Alta;Parcial;TFM-VI\V;Usuario activo
Hoy, 5/28/2026 2:38:17 AM;\\VBoxSvr\machine_malware\windows_shell_bind_hidden_ipknock_tcp.exeUPX1UPX2;Detectados;Objeto malicioso detectado;VHO:Trojan.Win32.Convagent.gen;Protección en la nube;Archivo;\\VBoxSvr\machine_malware;windows_shell_bind_hidden_ipknock_tcp.exeUPX1UPX2;Detectados;Troyano;Alta;Análisis heurístico;TFM-VI\V;Usuario activo
Hoy, 5/28/2026 2:38:17 AM;\\VBoxSvr\machine_malware\windows_shell_bind_tcp.exeUPX0;Detectados;Objeto malicioso detectado;HEUR:Trojan.Win32.Generic;Análisis experto;Archivo;\\VBoxSvr\machine_malware;windows_shell_bind_tcp.exeUPX0;Detectados;Troyano;Alta;Parcial;TFM-VI\V;Usuario activo
Hoy, 5/28/2026 2:38:18 AM;\\VBoxSvr\machine_malware\windows_pingback_reverse_tcp.exeUPX0UPX1UPX2;Detectados;Objeto malicioso detectado;VHO:Trojan.Win32.Convagent.gen;Protección en la nube;Archivo;\\VBoxSvr\machine_malware;windows_pingback_reverse_tcp.exeUPX0UPX1UPX2;Detectados;Troyano;Alta;Análisis heurístico;TFM-VI\V;Usuario activo
Hoy, 5/28/2026 2:38:18 AM;\\VBoxSvr\machine_malware\windows_pingback_bind_tcp.exeUPX0UPX1UPX2;Detectados;Objeto malicioso detectado;VHO:Trojan.Win32.Convagent.gen;Protección en la nube;Archivo;\\VBoxSvr\machine_malware;windows_pingback_bind_tcp.exeUPX0UPX1UPX2;Detectados;Troyano;Alta;Análisis heurístico;TFM-VI\V;Usuario activo
Hoy, 5/28/2026 2:38:18 AM;\\VBoxSvr\machine_malware\windows_exec.exeUPX1UPX2;Detectados;Objeto malicioso detectado;VHO:Trojan.Win32.Convagent.gen;Protección en la nube;Archivo;\\VBoxSvr\machine_malware;windows_exec.exeUPX1UPX2;Detectados;Troyano;Alta;Análisis heurístico;TFM-VI\V;Usuario activo
Hoy, 5/28/2026 2:38:18 AM;\\VBoxSvr\machine_malware\windows_shell_bind_hidden_ipknock_tcp.exeUPX0UPX1UPX2;Detectados;Objeto malicioso detectado;VHO:Trojan.Win32.Convagent.gen;Protección en la nube;Archivo;\\VBoxSvr\machine_malware;windows_shell_bind_hidden_ipknock_tcp.exeUPX0UPX1UPX2;Detectados;Troyano;Alta;Análisis heurístico;TFM-VI\V;Usuario activo
Hoy, 5/28/2026 2:38:18 AM;\\VBoxSvr\machine_malware\windows_shell_reverse_tcp_rc4.exeUPX0;Detectados;Objeto malicioso detectado;HEUR:Trojan.Win32.Generic;Análisis experto;Archivo;\\VBoxSvr\machine_malware;windows_shell_reverse_tcp_rc4.exeUPX0;Detectados;Troyano;Alta;Parcial;TFM-VI\V;Usuario activo
Hoy, 5/28/2026 2:38:18 AM;\\VBoxSvr\machine_malware\windows_pingback_bind_tcp.exeUPX2;Detectados;Objeto malicioso detectado;HEUR:Trojan.Win32.Generic;Análisis experto;Archivo;\\VBoxSvr\machine_malware;windows_pingback_bind_tcp.exeUPX2;Detectados;Troyano;Alta;Parcial;TFM-VI\V;Usuario activo
Hoy, 5/28/2026 2:38:19 AM;\\VBoxSvr\machine_malware\windows_meterpreter_reverse_https.exeUPX0UPX1UPX2;Detectados;Objeto malicioso detectado;VHO:Trojan.Win32.Convagent.gen;Protección en la nube;Archivo;\\VBoxSvr\machine_malware;windows_meterpreter_reverse_https.exeUPX0UPX1UPX2;Detectados;Troyano;Alta;Análisis heurístico;TFM-VI\V;Usuario activo
Hoy, 5/28/2026 2:38:19 AM;\\VBoxSvr\machine_malware\windows_meterpreter_reverse_https.exeUPX2;Detectados;Objeto malicioso detectado;HEUR:Trojan.Win32.Generic;Análisis experto;Archivo;\\VBoxSvr\machine_malware;windows_meterpreter_reverse_https.exeUPX2;Detectados;Troyano;Alta;Parcial;TFM-VI\V;Usuario activo
Hoy, 5/28/2026 2:38:19 AM;\\VBoxSvr\machine_malware\windows_exec.exeUPX0UPX1UPX2;Detectados;Objeto malicioso detectado;VHO:Trojan.Win32.Convagent.gen;Protección en la nube;Archivo;\\VBoxSvr\machine_malware;windows_exec.exeUPX0UPX1UPX2;Detectados;Troyano;Alta;Análisis heurístico;TFM-VI\V;Usuario activo
Hoy, 5/28/2026 2:38:19 AM;\\VBoxSvr\machine_malware\windows_meterpreter_reverse_tcp.exeUPX2;Detectados;Objeto malicioso detectado;HEUR:Trojan.Win32.Generic;Análisis experto;Archivo;\\VBoxSvr\machine_malware;windows_meterpreter_reverse_tcp.exeUPX2;Detectados;Troyano;Alta;Parcial;TFM-VI\V;Usuario activo
Hoy, 5/28/2026 2:38:20 AM;\\VBoxSvr\machine_malware\windows_meterpreter_reverse_https.exeUPX2;Detectados;Objeto malicioso detectado;HEUR:Trojan.Win32.Generic;Análisis experto;Archivo;\\VBoxSvr\machine_malware;windows_meterpreter_reverse_https.exeUPX2;Detectados;Troyano;Alta;Parcial;TFM-VI\V;Usuario activo
Hoy, 5/28/2026 2:38:21 AM;\\VBoxSvr\machine_malware\windows_shell_reverse_tcp_rc4.exeUPX2;Detectados;Objeto malicioso detectado;HEUR:Trojan.Win32.Generic;Análisis experto;Archivo;\\VBoxSvr\machine_malware;windows_shell_reverse_tcp_rc4.exeUPX2;Detectados;Troyano;Alta;Parcial;TFM-VI\V;Usuario activo
Hoy, 5/28/2026 2:38:21 AM;\\VBoxSvr\machine_malware\windows_meterpreter_bind_tcp.exeUPX0UPX1UPX2;Detectados;Objeto malicioso detectado;VHO:Trojan.Win32.Convagent.gen;Protección en la nube;Archivo;\\VBoxSvr\machine_malware;windows_meterpreter_bind_tcp.exeUPX0UPX1UPX2;Detectados;Troyano;Alta;Análisis heurístico;TFM-VI\V;Usuario activo
Hoy, 5/28/2026 2:38:21 AM;\\VBoxSvr\machine_malware\windows_pingback_bind_tcp.exeUPX0;Detectados;Objeto malicioso detectado;HEUR:Trojan.Win32.Generic;Análisis experto;Archivo;\\VBoxSvr\machine_malware;windows_pingback_bind_tcp.exeUPX0;Detectados;Troyano;Alta;Parcial;TFM-VI\V;Usuario activo
Hoy, 5/28/2026 2:38:21 AM;\\VBoxSvr\machine_malware\windows_shell_hidden_bind_tcp.exeUPX0UPX1UPX2;Detectados;Objeto malicioso detectado;VHO:Trojan.Win32.Convagent.gen;Protección en la nube;Archivo;\\VBoxSvr\machine_malware;windows_shell_hidden_bind_tcp.exeUPX0UPX1UPX2;Detectados;Troyano;Alta;Análisis heurístico;TFM-VI\V;Usuario activo
Hoy, 5/28/2026 2:38:22 AM;\\VBoxSvr\machine_malware\windows_powershell_reverse_tcp_ssl.exeUPX2;Detectados;Objeto malicioso detectado;HEUR:Trojan.Win32.Generic;Análisis experto;Archivo;\\VBoxSvr\machine_malware;windows_powershell_reverse_tcp_ssl.exeUPX2;Detectados;Troyano;Alta;Análisis heurístico;TFM-VI\V;Usuario activo
Hoy, 5/28/2026 2:38:22 AM;\\VBoxSvr\machine_malware\windows_shell_bind_hidden_ipknock_tcp.exeUPX1UPX2;Detectados;Objeto malicioso detectado;VHO:Trojan.Win32.Convagent.gen;Protección en la nube;Archivo;\\VBoxSvr\machine_malware;windows_shell_bind_hidden_ipknock_tcp.exeUPX1UPX2;Detectados;Troyano;Alta;Análisis heurístico;TFM-VI\V;Usuario activo
Hoy, 5/28/2026 2:38:22 AM;\\VBoxSvr\machine_malware\windows_meterpreter_bind_tcp.exeUPX2;Detectados;Objeto malicioso detectado;HEUR:Trojan.Win32.Generic;Análisis experto;Archivo;\\VBoxSvr\machine_malware;windows_meterpreter_bind_tcp.exeUPX2;Detectados;Troyano;Alta;Parcial;TFM-VI\V;Usuario activo
Hoy, 5/28/2026 2:38:22 AM;\\VBoxSvr\machine_malware\windows_encrypted_shell_reverse_tcp.exeUPX0;Detectados;Objeto malicioso detectado;HEUR:Trojan.Win32.Generic;Análisis experto;Archivo;\\VBoxSvr\machine_malware;windows_encrypted_shell_reverse_tcp.exeUPX0;Detectados;Troyano;Alta;Parcial;TFM-VI\V;Usuario activo
Hoy, 5/28/2026 2:38:22 AM;\\VBoxSvr\machine_malware\windows_pingback_reverse_tcp.exeUPX0UPX1UPX2;Detectados;Objeto malicioso detectado;VHO:Trojan.Win32.Convagent.gen;Protección en la nube;Archivo;\\VBoxSvr\machine_malware;windows_pingback_reverse_tcp.exeUPX0UPX1UPX2;Detectados;Troyano;Alta;Análisis heurístico;TFM-VI\V;Usuario activo
Hoy, 5/28/2026 2:38:22 AM;\\VBoxSvr\machine_malware\windows_shell_bind_tcp.exe;Detectados;Objeto malicioso detectado;HEUR:Trojan.Win32.Generic;Análisis experto;Archivo;\\VBoxSvr\machine_malware;windows_shell_bind_tcp.exe;Detectados;Troyano;Alta;Parcial;TFM-VI\V;Usuario activo
Hoy, 5/28/2026 2:38:23 AM;\\VBoxSvr\machine_malware\windows_meterpreter_reverse_tcp.exeUPX2;Detectados;Objeto malicioso detectado;HEUR:Trojan.Win32.Generic;Análisis experto;Archivo;\\VBoxSvr\machine_malware;windows_meterpreter_reverse_tcp.exeUPX2;Detectados;Troyano;Alta;Parcial;TFM-VI\V;Usuario activo
Hoy, 5/28/2026 2:38:23 AM;\\VBoxSvr\machine_malware\windows_exec.exeUPX1UPX2;Detectados;Objeto malicioso detectado;VHO:Trojan.Win32.Convagent.gen;Protección en la nube;Archivo;\\VBoxSvr\machine_malware;windows_exec.exeUPX1UPX2;Detectados;Troyano;Alta;Análisis heurístico;TFM-VI\V;Usuario activo
Hoy, 5/28/2026 2:38:23 AM;\\VBoxSvr\machine_malware\windows_pingback_bind_tcp.exeUPX2;Detectados;Objeto malicioso detectado;HEUR:Trojan.Win32.Generic;Análisis experto;Archivo;\\VBoxSvr\machine_malware;windows_pingback_bind_tcp.exeUPX2;Detectados;Troyano;Alta;Parcial;TFM-VI\V;Usuario activo
Hoy, 5/28/2026 2:38:23 AM;\\VBoxSvr\machine_malware\windows_pingback_bind_tcp.exeUPX0UPX2;Detectados;Objeto malicioso detectado;HEUR:Trojan.Win32.Generic;Análisis experto;Archivo;\\VBoxSvr\machine_malware;windows_pingback_bind_tcp.exeUPX0UPX2;Detectados;Troyano;Alta;Parcial;TFM-VI\V;Usuario activo
Hoy, 5/28/2026 2:38:23 AM;\\VBoxSvr\machine_malware\windows_shell_reverse_tcp_rc4.exeUPX2;Detectados;Objeto malicioso detectado;HEUR:Trojan.Win32.Generic;Análisis experto;Archivo;\\VBoxSvr\machine_malware;windows_shell_reverse_tcp_rc4.exeUPX2;Detectados;Troyano;Alta;Parcial;TFM-VI\V;Usuario activo
Hoy, 5/28/2026 2:38:24 AM;\\VBoxSvr\machine_malware\windows_shell_hidden_bind_tcp.exeUPX0UPX1UPX2;Detectados;Objeto malicioso detectado;VHO:Trojan.Win32.Convagent.gen;Protección en la nube;Archivo;\\VBoxSvr\machine_malware;windows_shell_hidden_bind_tcp.exeUPX0UPX1UPX2;Detectados;Troyano;Alta;Análisis heurístico;TFM-VI\V;Usuario activo
Hoy, 5/28/2026 2:38:24 AM;\\VBoxSvr\machine_malware\windows_exec.exeUPX0;Detectados;Objeto malicioso detectado;HEUR:Trojan.Win32.Generic;Análisis experto;Archivo;\\VBoxSvr\machine_malware;windows_exec.exeUPX0;Detectados;Troyano;Alta;Análisis heurístico;TFM-VI\V;Usuario activo
Hoy, 5/28/2026 2:38:24 AM;\\VBoxSvr\machine_malware\windows_meterpreter_bind_tcp.exeUPX2;Detectados;Objeto malicioso detectado;HEUR:Trojan.Win32.Generic;Análisis experto;Archivo;\\VBoxSvr\machine_malware;windows_meterpreter_bind_tcp.exeUPX2;Detectados;Troyano;Alta;Parcial;TFM-VI\V;Usuario activo
Hoy, 5/28/2026 2:38:24 AM;\\VBoxSvr\machine_malware\windows_encrypted_shell_reverse_tcp.exeUPX0;Detectados;Objeto malicioso detectado;HEUR:Trojan.Win32.Generic;Análisis experto;Archivo;\\VBoxSvr\machine_malware;windows_encrypted_shell_reverse_tcp.exeUPX0;Detectados;Troyano;Alta;Parcial;TFM-VI\V;Usuario activo
Hoy, 5/28/2026 2:38:24 AM;\\VBoxSvr\machine_malware\windows_shell_bind_tcp.exe;Detectados;Objeto malicioso detectado;HEUR:Trojan.Win32.Generic;Análisis experto;Archivo;\\VBoxSvr\machine_malware;windows_shell_bind_tcp.exe;Detectados;Troyano;Alta;Parcial;TFM-VI\V;Usuario activo
Hoy, 5/28/2026 2:38:24 AM;\\VBoxSvr\machine_malware\windows_pingback_bind_tcp.exeUPX0UPX2;Detectados;Objeto malicioso detectado;HEUR:Trojan.Win32.Generic;Análisis experto;Archivo;\\VBoxSvr\machine_malware;windows_pingback_bind_tcp.exeUPX0UPX2;Detectados;Troyano;Alta;Parcial;TFM-VI\V;Usuario activo
Hoy, 5/28/2026 2:38:24 AM;\\VBoxSvr\machine_malware\windows_exec.exeUPX2;Detectados;Objeto malicioso detectado;HEUR:Trojan.Win32.Generic;Análisis experto;Archivo;\\VBoxSvr\machine_malware;windows_exec.exeUPX2;Detectados;Troyano;Alta;Análisis heurístico;TFM-VI\V;Usuario activo
Hoy, 5/28/2026 2:38:25 AM;\\VBoxSvr\machine_malware\windows_shell_bind_tcp.exeUPX2;Detectados;Objeto malicioso detectado;HEUR:Trojan.Win32.Generic;Análisis experto;Archivo;\\VBoxSvr\machine_malware;windows_shell_bind_tcp.exeUPX2;Detectados;Troyano;Alta;Parcial;TFM-VI\V;Usuario activo
Hoy, 5/28/2026 2:38:25 AM;\\VBoxSvr\machine_malware\windows_exec.exeUPX0;Detectados;Objeto malicioso detectado;HEUR:Trojan.Win32.Generic;Análisis experto;Archivo;\\VBoxSvr\machine_malware;windows_exec.exeUPX0;Detectados;Troyano;Alta;Análisis heurístico;TFM-VI\V;Usuario activo
Hoy, 5/28/2026 2:38:25 AM;\\VBoxSvr\machine_malware\windows_powershell_reverse_tcp.exeUPX1UPX2;Detectados;Objeto malicioso detectado;VHO:Trojan.Win32.Convagent.gen;Protección en la nube;Archivo;\\VBoxSvr\machine_malware;windows_powershell_reverse_tcp.exeUPX1UPX2;Detectados;Troyano;Alta;Análisis heurístico;TFM-VI\V;Usuario activo
Hoy, 5/28/2026 2:38:25 AM;\\VBoxSvr\machine_malware\windows_meterpreter_reverse_https.exeUPX1UPX2;Detectados;Objeto malicioso detectado;VHO:Trojan.Win32.Convagent.gen;Protección en la nube;Archivo;\\VBoxSvr\machine_malware;windows_meterpreter_reverse_https.exeUPX1UPX2;Detectados;Troyano;Alta;Análisis heurístico;TFM-VI\V;Usuario activo
Hoy, 5/28/2026 2:38:26 AM;\\VBoxSvr\machine_malware\windows_powershell_reverse_tcp.exeUPX0UPX1UPX2;Detectados;Objeto malicioso detectado;VHO:Trojan.Win32.Convagent.gen;Protección en la nube;Archivo;\\VBoxSvr\machine_malware;windows_powershell_reverse_tcp.exeUPX0UPX1UPX2;Detectados;Troyano;Alta;Análisis heurístico;TFM-VI\V;Usuario activo
Hoy, 5/28/2026 2:38:26 AM;\\VBoxSvr\machine_malware\windows_shell_hidden_bind_tcp.exeUPX2;Detectados;Objeto malicioso detectado;HEUR:Trojan.Win32.Generic;Análisis experto;Archivo;\\VBoxSvr\machine_malware;windows_shell_hidden_bind_tcp.exeUPX2;Detectados;Troyano;Alta;Parcial;TFM-VI\V;Usuario activo
Hoy, 5/28/2026 2:38:26 AM;\\VBoxSvr\machine_malware\windows_shell_bind_tcp.exeUPX2;Detectados;Objeto malicioso detectado;HEUR:Trojan.Win32.Generic;Análisis experto;Archivo;\\VBoxSvr\machine_malware;windows_shell_bind_tcp.exeUPX2;Detectados;Troyano;Alta;Parcial;TFM-VI\V;Usuario activo
Hoy, 5/28/2026 2:38:26 AM;\\VBoxSvr\machine_malware\windows_exec.exeUPX2;Detectados;Objeto malicioso detectado;HEUR:Trojan.Win32.Generic;Análisis experto;Archivo;\\VBoxSvr\machine_malware;windows_exec.exeUPX2;Detectados;Troyano;Alta;Análisis heurístico;TFM-VI\V;Usuario activo
Hoy, 5/28/2026 2:38:26 AM;\\VBoxSvr\machine_malware\windows_shell_bind_hidden_ipknock_tcp.exe;Detectados;Objeto malicioso detectado;HEUR:Trojan.Win32.Generic;Análisis experto;Archivo;\\VBoxSvr\machine_malware;windows_shell_bind_hidden_ipknock_tcp.exe;Detectados;Troyano;Alta;Parcial;TFM-VI\V;Usuario activo
Hoy, 5/28/2026 2:38:26 AM;\\VBoxSvr\machine_malware\windows_powershell_bind_tcp.exeUPX0;Detectados;Objeto malicioso detectado;HEUR:Trojan.Win32.Generic;Análisis experto;Archivo;\\VBoxSvr\machine_malware;windows_powershell_bind_tcp.exeUPX0;Detectados;Troyano;Alta;Análisis heurístico;TFM-VI\V;Usuario activo
Hoy, 5/28/2026 2:38:27 AM;\\VBoxSvr\machine_malware\windows_powershell_reverse_tcp.exeUPX1UPX2;Detectados;Objeto malicioso detectado;VHO:Trojan.Win32.Convagent.gen;Protección en la nube;Archivo;\\VBoxSvr\machine_malware;windows_powershell_reverse_tcp.exeUPX1UPX2;Detectados;Troyano;Alta;Análisis heurístico;TFM-VI\V;Usuario activo
Hoy, 5/28/2026 2:38:27 AM;\\VBoxSvr\machine_malware\windows_powershell_bind_tcp.exeUPX0UPX1UPX2;Detectados;Objeto malicioso detectado;VHO:Trojan.Win32.Convagent.gen;Protección en la nube;Archivo;\\VBoxSvr\machine_malware;windows_powershell_bind_tcp.exeUPX0UPX1UPX2;Detectados;Troyano;Alta;Análisis heurístico;TFM-VI\V;Usuario activo
Hoy, 5/28/2026 2:38:28 AM;\\VBoxSvr\machine_malware\windows_meterpreter_reverse_https.exeUPX1UPX2;Detectados;Objeto malicioso detectado;VHO:Trojan.Win32.Convagent.gen;Protección en la nube;Archivo;\\VBoxSvr\machine_malware;windows_meterpreter_reverse_https.exeUPX1UPX2;Detectados;Troyano;Alta;Análisis heurístico;TFM-VI\V;Usuario activo
Hoy, 5/28/2026 2:38:28 AM;\\VBoxSvr\machine_malware\windows_powershell_reverse_tcp.exeUPX0UPX1UPX2;Detectados;Objeto malicioso detectado;VHO:Trojan.Win32.Convagent.gen;Protección en la nube;Archivo;\\VBoxSvr\machine_malware;windows_powershell_reverse_tcp.exeUPX0UPX1UPX2;Detectados;Troyano;Alta;Análisis heurístico;TFM-VI\V;Usuario activo
Hoy, 5/28/2026 2:38:28 AM;\\VBoxSvr\machine_malware\windows_shell_hidden_bind_tcp.exeUPX2;Detectados;Objeto malicioso detectado;HEUR:Trojan.Win32.Generic;Análisis experto;Archivo;\\VBoxSvr\machine_malware;windows_shell_hidden_bind_tcp.exeUPX2;Detectados;Troyano;Alta;Parcial;TFM-VI\V;Usuario activo
Hoy, 5/28/2026 2:38:28 AM;\\VBoxSvr\machine_malware\windows_shell_hidden_bind_tcp.exe;Detectados;Objeto malicioso detectado;HEUR:Trojan.Win32.Generic;Análisis experto;Archivo;\\VBoxSvr\machine_malware;windows_shell_hidden_bind_tcp.exe;Detectados;Troyano;Alta;Parcial;TFM-VI\V;Usuario activo
Hoy, 5/28/2026 2:38:29 AM;\\VBoxSvr\machine_malware\windows_encrypted_shell_reverse_tcp.exeUPX0UPX2;Detectados;Objeto malicioso detectado;HEUR:Trojan.Win32.Generic;Análisis experto;Archivo;\\VBoxSvr\machine_malware;windows_encrypted_shell_reverse_tcp.exeUPX0UPX2;Detectados;Troyano;Alta;Parcial;TFM-VI\V;Usuario activo
Hoy, 5/28/2026 2:38:30 AM;\\VBoxSvr\machine_malware\windows_shell_bind_hidden_ipknock_tcp.exe;Detectados;Objeto malicioso detectado;HEUR:Trojan.Win32.Generic;Análisis experto;Archivo;\\VBoxSvr\machine_malware;windows_shell_bind_hidden_ipknock_tcp.exe;Detectados;Troyano;Alta;Parcial;TFM-VI\V;Usuario activo
Hoy, 5/28/2026 2:38:30 AM;\\VBoxSvr\machine_malware\windows_shell_reverse_tcp_rc4.exeUPX0UPX1UPX2;Detectados;Objeto malicioso detectado;VHO:Trojan.Win32.Convagent.gen;Protección en la nube;Archivo;\\VBoxSvr\machine_malware;windows_shell_reverse_tcp_rc4.exeUPX0UPX1UPX2;Detectados;Troyano;Alta;Análisis heurístico;TFM-VI\V;Usuario activo
Hoy, 5/28/2026 2:38:30 AM;\\VBoxSvr\machine_malware\windows_powershell_bind_tcp.exeUPX0;Detectados;Objeto malicioso detectado;HEUR:Trojan.Win32.Generic;Análisis experto;Archivo;\\VBoxSvr\machine_malware;windows_powershell_bind_tcp.exeUPX0;Detectados;Troyano;Alta;Análisis heurístico;TFM-VI\V;Usuario activo
Hoy, 5/28/2026 2:38:30 AM;\\VBoxSvr\machine_malware\windows_powershell_bind_tcp.exeUPX0UPX1UPX2;Detectados;Objeto malicioso detectado;VHO:Trojan.Win32.Convagent.gen;Protección en la nube;Archivo;\\VBoxSvr\machine_malware;windows_powershell_bind_tcp.exeUPX0UPX1UPX2;Detectados;Troyano;Alta;Análisis heurístico;TFM-VI\V;Usuario activo
Hoy, 5/28/2026 2:38:30 AM;\\VBoxSvr\machine_malware\windows_shell_hidden_bind_tcp.exe;Detectados;Objeto malicioso detectado;HEUR:Trojan.Win32.Generic;Análisis experto;Archivo;\\VBoxSvr\machine_malware;windows_shell_hidden_bind_tcp.exe;Detectados;Troyano;Alta;Parcial;TFM-VI\V;Usuario activo
Hoy, 5/28/2026 2:38:30 AM;\\VBoxSvr\machine_malware\windows_encrypted_shell_reverse_tcp.exeUPX0UPX2;Detectados;Objeto malicioso detectado;HEUR:Trojan.Win32.Generic;Análisis experto;Archivo;\\VBoxSvr\machine_malware;windows_encrypted_shell_reverse_tcp.exeUPX0UPX2;Detectados;Troyano;Alta;Parcial;TFM-VI\V;Usuario activo
Hoy, 5/28/2026 2:38:31 AM;\\VBoxSvr\machine_malware\windows_meterpreter_bind_tcp.exe;Detectados;Objeto malicioso detectado;HEUR:Trojan.Win32.Generic;Análisis experto;Archivo;\\VBoxSvr\machine_malware;windows_meterpreter_bind_tcp.exe;Detectados;Troyano;Alta;Parcial;TFM-VI\V;Usuario activo
Hoy, 5/28/2026 2:38:31 AM;\\VBoxSvr\machine_malware\windows_meterpreter_bind_tcp.exeUPX0;Detectados;Objeto malicioso detectado;HEUR:Trojan.Win32.Generic;Análisis experto;Archivo;\\VBoxSvr\machine_malware;windows_meterpreter_bind_tcp.exeUPX0;Detectados;Troyano;Alta;Parcial;TFM-VI\V;Usuario activo
Hoy, 5/28/2026 2:38:31 AM;\\VBoxSvr\machine_malware\windows_shell_reverse_tcp_rc4.exeUPX0UPX1UPX2;Detectados;Objeto malicioso detectado;VHO:Trojan.Win32.Convagent.gen;Protección en la nube;Archivo;\\VBoxSvr\machine_malware;windows_shell_reverse_tcp_rc4.exeUPX0UPX1UPX2;Detectados;Troyano;Alta;Análisis heurístico;TFM-VI\V;Usuario activo
Hoy, 5/28/2026 2:38:31 AM;\\VBoxSvr\machine_malware\windows_encrypted_shell_reverse_tcp.exeUPX2;Detectados;Objeto malicioso detectado;HEUR:Trojan.Win32.Generic;Análisis experto;Archivo;\\VBoxSvr\machine_malware;windows_encrypted_shell_reverse_tcp.exeUPX2;Detectados;Troyano;Alta;Parcial;TFM-VI\V;Usuario activo
Hoy, 5/28/2026 2:38:32 AM;\\VBoxSvr\machine_malware\windows_meterpreter_bind_tcp.exe;Detectados;Objeto malicioso detectado;HEUR:Trojan.Win32.Generic;Análisis experto;Archivo;\\VBoxSvr\machine_malware;windows_meterpreter_bind_tcp.exe;Detectados;Troyano;Alta;Parcial;TFM-VI\V;Usuario activo
Hoy, 5/28/2026 2:38:32 AM;\\VBoxSvr\machine_malware\windows_meterpreter_bind_tcp.exeUPX0;Detectados;Objeto malicioso detectado;HEUR:Trojan.Win32.Generic;Análisis experto;Archivo;\\VBoxSvr\machine_malware;windows_meterpreter_bind_tcp.exeUPX0;Detectados;Troyano;Alta;Parcial;TFM-VI\V;Usuario activo
Hoy, 5/28/2026 2:38:32 AM;\\VBoxSvr\machine_malware\windows_meterpreter_bind_tcp.exeUPX0UPX2;Detectados;Objeto malicioso detectado;HEUR:Trojan.Win32.Generic;Análisis experto;Archivo;\\VBoxSvr\machine_malware;windows_meterpreter_bind_tcp.exeUPX0UPX2;Detectados;Troyano;Alta;Parcial;TFM-VI\V;Usuario activo
Hoy, 5/28/2026 2:38:32 AM;\\VBoxSvr\machine_malware\windows_encrypted_shell_reverse_tcp.exeUPX2;Detectados;Objeto malicioso detectado;HEUR:Trojan.Win32.Generic;Análisis experto;Archivo;\\VBoxSvr\machine_malware;windows_encrypted_shell_reverse_tcp.exeUPX2;Detectados;Troyano;Alta;Parcial;TFM-VI\V;Usuario activo
Hoy, 5/28/2026 2:38:33 AM;\\VBoxSvr\machine_malware\windows_meterpreter_bind_tcp.exeUPX0UPX2;Detectados;Objeto malicioso detectado;HEUR:Trojan.Win32.Generic;Análisis experto;Archivo;\\VBoxSvr\machine_malware;windows_meterpreter_bind_tcp.exeUPX0UPX2;Detectados;Troyano;Alta;Parcial;TFM-VI\V;Usuario activo
Hoy, 5/28/2026 2:38:33 AM;\\VBoxSvr\machine_malware\windows_shell_bind_tcp.exeUPX0UPX2;Detectados;Objeto malicioso detectado;HEUR:Trojan.Win32.Generic;Análisis experto;Archivo;\\VBoxSvr\machine_malware;windows_shell_bind_tcp.exeUPX0UPX2;Detectados;Troyano;Alta;Parcial;TFM-VI\V;Usuario activo
Hoy, 5/28/2026 2:38:33 AM;\\VBoxSvr\machine_malware\windows_shell_reverse_tcp_rc4.exeUPX1UPX2;Detectados;Objeto malicioso detectado;VHO:Trojan.Win32.Convagent.gen;Protección en la nube;Archivo;\\VBoxSvr\machine_malware;windows_shell_reverse_tcp_rc4.exeUPX1UPX2;Detectados;Troyano;Alta;Análisis heurístico;TFM-VI\V;Usuario activo
Hoy, 5/28/2026 2:38:33 AM;\\VBoxSvr\machine_malware\windows_encrypted_shell_reverse_tcp.exe;Detectados;Objeto malicioso detectado;HEUR:Trojan.Win32.Generic;Análisis experto;Archivo;\\VBoxSvr\machine_malware;windows_encrypted_shell_reverse_tcp.exe;Detectados;Troyano;Alta;Parcial;TFM-VI\V;Usuario activo
Hoy, 5/28/2026 2:38:34 AM;\\VBoxSvr\machine_malware\windows_shell_bind_tcp.exeUPX0UPX2;Detectados;Objeto malicioso detectado;HEUR:Trojan.Win32.Generic;Análisis experto;Archivo;\\VBoxSvr\machine_malware;windows_shell_bind_tcp.exeUPX0UPX2;Detectados;Troyano;Alta;Parcial;TFM-VI\V;Usuario activo
Hoy, 5/28/2026 2:38:34 AM;\\VBoxSvr\machine_malware\windows_shell_reverse_tcp_rc4.exeUPX1UPX2;Detectados;Objeto malicioso detectado;VHO:Trojan.Win32.Convagent.gen;Protección en la nube;Archivo;\\VBoxSvr\machine_malware;windows_shell_reverse_tcp_rc4.exeUPX1UPX2;Detectados;Troyano;Alta;Análisis heurístico;TFM-VI\V;Usuario activo
Hoy, 5/28/2026 2:38:34 AM;\\VBoxSvr\machine_malware\windows_encrypted_shell_reverse_tcp.exe;Detectados;Objeto malicioso detectado;HEUR:Trojan.Win32.Generic;Análisis experto;Archivo;\\VBoxSvr\machine_malware;windows_encrypted_shell_reverse_tcp.exe;Detectados;Troyano;Alta;Parcial;TFM-VI\V;Usuario activo
Hoy, 5/28/2026 2:38:35 AM;\\VBoxSvr\machine_malware\windows_meterpreter_reverse_http.exeUPX0UPX2;Detectados;Objeto malicioso detectado;HEUR:Trojan.Win32.Generic;Análisis experto;Archivo;\\VBoxSvr\machine_malware;windows_meterpreter_reverse_http.exeUPX0UPX2;Detectados;Troyano;Alta;Parcial;TFM-VI\V;Usuario activo
Hoy, 5/28/2026 2:38:35 AM;\\VBoxSvr\machine_malware\windows_meterpreter_reverse_http.exeUPX0UPX2;Detectados;Objeto malicioso detectado;HEUR:Trojan.Win32.Generic;Análisis experto;Archivo;\\VBoxSvr\machine_malware;windows_meterpreter_reverse_http.exeUPX0UPX2;Detectados;Troyano;Alta;Parcial;TFM-VI\V;Usuario activo
Hoy, 5/28/2026 2:38:37 AM;\\VBoxSvr\machine_malware\windows_meterpreter_reverse_https.exe;Detectados;Objeto malicioso detectado;HEUR:Trojan.Win32.Generic;Análisis experto;Archivo;\\VBoxSvr\machine_malware;windows_meterpreter_reverse_https.exe;Detectados;Troyano;Alta;Parcial;TFM-VI\V;Usuario activo
Hoy, 5/28/2026 2:38:37 AM;\\VBoxSvr\machine_malware\windows_meterpreter_reverse_https.exe;Detectados;Objeto malicioso detectado;HEUR:Trojan.Win32.Generic;Análisis experto;Archivo;\\VBoxSvr\machine_malware;windows_meterpreter_reverse_https.exe;Detectados;Troyano;Alta;Parcial;TFM-VI\V;Usuario activo
Hoy, 5/28/2026 2:38:37 AM;\\VBoxSvr\machine_malware\windows_pingback_reverse_tcp.exeUPX0UPX2;Detectados;Objeto malicioso detectado;HEUR:Trojan.Win32.Generic;Hash;Archivo;\\VBoxSvr\machine_malware;windows_pingback_reverse_tcp.exeUPX0UPX2;Detectados;Troyano;Alta;Parcial;TFM-VI\V;Usuario activo
Hoy, 5/28/2026 2:38:38 AM;\\VBoxSvr\machine_malware\windows_pingback_reverse_tcp.exe;Detectados;Objeto malicioso detectado;HEUR:Trojan.Win32.Generic;Hash;Archivo;\\VBoxSvr\machine_malware;windows_pingback_reverse_tcp.exe;Detectados;Troyano;Alta;Parcial;TFM-VI\V;Usuario activo
Hoy, 5/28/2026 2:38:37 AM;\\VBoxSvr\machine_malware\windows_pingback_reverse_tcp.exeUPX0UPX2;Eliminado;Objeto eliminado;HEUR:Trojan.Win32.Generic;;Archivo;\\VBoxSvr\machine_malware;windows_pingback_reverse_tcp.exeUPX0UPX2;Eliminado;Troyano;Alta;Parcial;TFM-VI\V;Usuario activo
Hoy, 5/28/2026 2:38:37 AM;\\VBoxSvr\machine_malware\windows_pingback_reverse_tcp.exeUPX0UPX2;Copia de seguridad creada;Se ha creado una copia de seguridad del objeto;HEUR:Trojan.Win32.Generic;;Archivo;\\VBoxSvr\machine_malware;windows_pingback_reverse_tcp.exeUPX0UPX2;Copia de seguridad creada;Troyano;Alta;Parcial;TFM-VI\V;Usuario activo
Hoy, 5/28/2026 2:38:38 AM;\\VBoxSvr\machine_malware\windows_pingback_reverse_tcp.exe;Copia de seguridad creada;Se ha creado una copia de seguridad del objeto;HEUR:Trojan.Win32.Generic;;Archivo;\\VBoxSvr\machine_malware;windows_pingback_reverse_tcp.exe;Copia de seguridad creada;Troyano;Alta;Parcial;TFM-VI\V;Usuario activo
Hoy, 5/28/2026 2:38:38 AM;\\VBoxSvr\machine_malware\windows_meterpreter_reverse_tcp.exeUPX1UPX2;Detectados;Objeto malicioso detectado;VHO:Trojan.Win32.Convagent.gen;Hash;Archivo;\\VBoxSvr\machine_malware;windows_meterpreter_reverse_tcp.exeUPX1UPX2;Detectados;Troyano;Alta;Análisis heurístico;TFM-VI\V;Usuario activo
Hoy, 5/28/2026 2:38:38 AM;\\VBoxSvr\machine_malware\windows_exec.exeUPX0UPX2;Detectados;Objeto malicioso detectado;HEUR:Trojan.Win32.Generic;Hash;Archivo;\\VBoxSvr\machine_malware;windows_exec.exeUPX0UPX2;Detectados;Troyano;Alta;Análisis heurístico;TFM-VI\V;Usuario activo
Hoy, 5/28/2026 2:38:38 AM;\\VBoxSvr\machine_malware\windows_pingback_reverse_tcp.exe;Eliminado;Objeto eliminado;HEUR:Trojan.Win32.Generic;;Archivo;\\VBoxSvr\machine_malware;windows_pingback_reverse_tcp.exe;Eliminado;Troyano;Alta;Parcial;TFM-VI\V;Usuario activo
Hoy, 5/28/2026 2:38:38 AM;\\VBoxSvr\machine_malware\windows_meterpreter_reverse_tcp.exeUPX1UPX2;Eliminado;Objeto eliminado;VHO:Trojan.Win32.Convagent.gen;;Archivo;\\VBoxSvr\machine_malware;windows_meterpreter_reverse_tcp.exeUPX1UPX2;Eliminado;Troyano;Alta;Análisis heurístico;TFM-VI\V;Usuario activo
Hoy, 5/28/2026 2:38:38 AM;\\VBoxSvr\machine_malware\windows_exec.exeUPX0UPX2;Eliminado;Objeto eliminado;HEUR:Trojan.Win32.Generic;;Archivo;\\VBoxSvr\machine_malware;windows_exec.exeUPX0UPX2;Eliminado;Troyano;Alta;Análisis heurístico;TFM-VI\V;Usuario activo
Hoy, 5/28/2026 2:38:38 AM;\\VBoxSvr\machine_malware\windows_meterpreter_reverse_tcp.exeUPX1UPX2;Copia de seguridad creada;Se ha creado una copia de seguridad del objeto;VHO:Trojan.Win32.Convagent.gen;;Archivo;\\VBoxSvr\machine_malware;windows_meterpreter_reverse_tcp.exeUPX1UPX2;Copia de seguridad creada;Troyano;Alta;Análisis heurístico;TFM-VI\V;Usuario activo
Hoy, 5/28/2026 2:38:38 AM;\\VBoxSvr\machine_malware\windows_exec.exeUPX0UPX2;Copia de seguridad creada;Se ha creado una copia de seguridad del objeto;HEUR:Trojan.Win32.Generic;;Archivo;\\VBoxSvr\machine_malware;windows_exec.exeUPX0UPX2;Copia de seguridad creada;Troyano;Alta;Análisis heurístico;TFM-VI\V;Usuario activo
Hoy, 5/28/2026 2:38:39 AM;\\VBoxSvr\machine_malware\windows_shell_reverse_tcp_rc4.exe;Detectados;Objeto malicioso detectado;HEUR:Trojan.Win32.Generic;Hash;Archivo;\\VBoxSvr\machine_malware;windows_shell_reverse_tcp_rc4.exe;Detectados;Troyano;Alta;Parcial;TFM-VI\V;Usuario activo
Hoy, 5/28/2026 2:38:39 AM;\\VBoxSvr\machine_malware\windows_shell_hidden_bind_tcp.exeUPX1UPX2;Detectados;Objeto malicioso detectado;VHO:Trojan.Win32.Convagent.gen;Hash;Archivo;\\VBoxSvr\machine_malware;windows_shell_hidden_bind_tcp.exeUPX1UPX2;Detectados;Troyano;Alta;Análisis heurístico;TFM-VI\V;Usuario activo
Hoy, 5/28/2026 2:38:40 AM;\\VBoxSvr\machine_malware\windows_pingback_reverse_tcp.exeUPX0;Detectados;Objeto malicioso detectado;HEUR:Trojan.Win32.Generic;Hash;Archivo;\\VBoxSvr\machine_malware;windows_pingback_reverse_tcp.exeUPX0;Detectados;Troyano;Alta;Parcial;TFM-VI\V;Usuario activo
Hoy, 5/28/2026 2:38:39 AM;\\VBoxSvr\machine_malware\windows_shell_reverse_tcp_rc4.exe;Eliminado;Objeto eliminado;HEUR:Trojan.Win32.Generic;;Archivo;\\VBoxSvr\machine_malware;windows_shell_reverse_tcp_rc4.exe;Eliminado;Troyano;Alta;Parcial;TFM-VI\V;Usuario activo
Hoy, 5/28/2026 2:38:39 AM;\\VBoxSvr\machine_malware\windows_shell_hidden_bind_tcp.exeUPX1UPX2;Eliminado;Objeto eliminado;VHO:Trojan.Win32.Convagent.gen;;Archivo;\\VBoxSvr\machine_malware;windows_shell_hidden_bind_tcp.exeUPX1UPX2;Eliminado;Troyano;Alta;Análisis heurístico;TFM-VI\V;Usuario activo
Hoy, 5/28/2026 2:38:40 AM;\\VBoxSvr\machine_malware\windows_pingback_reverse_tcp.exeUPX0;Eliminado;Objeto eliminado;HEUR:Trojan.Win32.Generic;;Archivo;\\VBoxSvr\machine_malware;windows_pingback_reverse_tcp.exeUPX0;Eliminado;Troyano;Alta;Parcial;TFM-VI\V;Usuario activo
Hoy, 5/28/2026 2:38:39 AM;\\VBoxSvr\machine_malware\windows_shell_reverse_tcp_rc4.exe;Copia de seguridad creada;Se ha creado una copia de seguridad del objeto;HEUR:Trojan.Win32.Generic;;Archivo;\\VBoxSvr\machine_malware;windows_shell_reverse_tcp_rc4.exe;Copia de seguridad creada;Troyano;Alta;Parcial;TFM-VI\V;Usuario activo
Hoy, 5/28/2026 2:38:39 AM;\\VBoxSvr\machine_malware\windows_shell_hidden_bind_tcp.exeUPX1UPX2;Copia de seguridad creada;Se ha creado una copia de seguridad del objeto;VHO:Trojan.Win32.Convagent.gen;;Archivo;\\VBoxSvr\machine_malware;windows_shell_hidden_bind_tcp.exeUPX1UPX2;Copia de seguridad creada;Troyano;Alta;Análisis heurístico;TFM-VI\V;Usuario activo
Hoy, 5/28/2026 2:38:40 AM;\\VBoxSvr\machine_malware\windows_pingback_reverse_tcp.exeUPX0;Copia de seguridad creada;Se ha creado una copia de seguridad del objeto;HEUR:Trojan.Win32.Generic;;Archivo;\\VBoxSvr\machine_malware;windows_pingback_reverse_tcp.exeUPX0;Copia de seguridad creada;Troyano;Alta;Parcial;TFM-VI\V;Usuario activo
Hoy, 5/28/2026 2:38:40 AM;\\VBoxSvr\machine_malware\windows_meterpreter_reverse_http.exeUPX0UPX1UPX2;Detectados;Objeto malicioso detectado;VHO:Trojan.Win32.Convagent.gen;Hash;Archivo;\\VBoxSvr\machine_malware;windows_meterpreter_reverse_http.exeUPX0UPX1UPX2;Detectados;Troyano;Alta;Análisis heurístico;TFM-VI\V;Usuario activo
Hoy, 5/28/2026 2:38:40 AM;\\VBoxSvr\machine_malware\windows_powershell_reverse_tcp.exeUPX2;Detectados;Objeto malicioso detectado;HEUR:Trojan.Win32.Generic;Hash;Archivo;\\VBoxSvr\machine_malware;windows_powershell_reverse_tcp.exeUPX2;Detectados;Troyano;Alta;Análisis heurístico;TFM-VI\V;Usuario activo
Hoy, 5/28/2026 2:38:41 AM;\\VBoxSvr\machine_malware\windows_powershell_reverse_tcp_ssl.exeUPX0UPX1UPX2;Detectados;Objeto malicioso detectado;VHO:Trojan.Win32.Convagent.gen;Hash;Archivo;\\VBoxSvr\machine_malware;windows_powershell_reverse_tcp_ssl.exeUPX0UPX1UPX2;Detectados;Troyano;Alta;Análisis heurístico;TFM-VI\V;Usuario activo
Hoy, 5/28/2026 2:38:40 AM;\\VBoxSvr\machine_malware\windows_meterpreter_reverse_http.exeUPX0UPX1UPX2;Eliminado;Objeto eliminado;VHO:Trojan.Win32.Convagent.gen;;Archivo;\\VBoxSvr\machine_malware;windows_meterpreter_reverse_http.exeUPX0UPX1UPX2;Eliminado;Troyano;Alta;Análisis heurístico;TFM-VI\V;Usuario activo
Hoy, 5/28/2026 2:38:41 AM;\\VBoxSvr\machine_malware\windows_powershell_reverse_tcp_ssl.exeUPX0UPX1UPX2;Eliminado;Objeto eliminado;VHO:Trojan.Win32.Convagent.gen;;Archivo;\\VBoxSvr\machine_malware;windows_powershell_reverse_tcp_ssl.exeUPX0UPX1UPX2;Eliminado;Troyano;Alta;Análisis heurístico;TFM-VI\V;Usuario activo
Hoy, 5/28/2026 2:38:40 AM;\\VBoxSvr\machine_malware\windows_meterpreter_reverse_http.exeUPX0UPX1UPX2;Copia de seguridad creada;Se ha creado una copia de seguridad del objeto;VHO:Trojan.Win32.Convagent.gen;;Archivo;\\VBoxSvr\machine_malware;windows_meterpreter_reverse_http.exeUPX0UPX1UPX2;Copia de seguridad creada;Troyano;Alta;Análisis heurístico;TFM-VI\V;Usuario activo
Hoy, 5/28/2026 2:38:40 AM;\\VBoxSvr\machine_malware\windows_powershell_reverse_tcp.exeUPX2;Copia de seguridad creada;Se ha creado una copia de seguridad del objeto;HEUR:Trojan.Win32.Generic;;Archivo;\\VBoxSvr\machine_malware;windows_powershell_reverse_tcp.exeUPX2;Copia de seguridad creada;Troyano;Alta;Análisis heurístico;TFM-VI\V;Usuario activo
Hoy, 5/28/2026 2:38:41 AM;\\VBoxSvr\machine_malware\windows_powershell_reverse_tcp_ssl.exeUPX0UPX1UPX2;Copia de seguridad creada;Se ha creado una copia de seguridad del objeto;VHO:Trojan.Win32.Convagent.gen;;Archivo;\\VBoxSvr\machine_malware;windows_powershell_reverse_tcp_ssl.exeUPX0UPX1UPX2;Copia de seguridad creada;Troyano;Alta;Análisis heurístico;TFM-VI\V;Usuario activo
Hoy, 5/28/2026 2:38:41 AM;\\VBoxSvr\machine_malware\windows_shell_bind_hidden_ipknock_tcp.exeUPX2;Detectados;Objeto malicioso detectado;HEUR:Trojan.Win32.Generic;Hash;Archivo;\\VBoxSvr\machine_malware;windows_shell_bind_hidden_ipknock_tcp.exeUPX2;Detectados;Troyano;Alta;Parcial;TFM-VI\V;Usuario activo
Hoy, 5/28/2026 2:38:41 AM;\\VBoxSvr\machine_malware\windows_shell_bind_hidden_ipknock_tcp.exeUPX2;Eliminado;Objeto eliminado;HEUR:Trojan.Win32.Generic;;Archivo;\\VBoxSvr\machine_malware;windows_shell_bind_hidden_ipknock_tcp.exeUPX2;Eliminado;Troyano;Alta;Parcial;TFM-VI\V;Usuario activo
Hoy, 5/28/2026 2:38:41 AM;\\VBoxSvr\machine_malware\windows_powershell_reverse_tcp.exeUPX2;Eliminado;Objeto eliminado;HEUR:Trojan.Win32.Generic;;Archivo;\\VBoxSvr\machine_malware;windows_powershell_reverse_tcp.exeUPX2;Eliminado;Troyano;Alta;Análisis heurístico;TFM-VI\V;Usuario activo
Hoy, 5/28/2026 2:38:41 AM;\\VBoxSvr\machine_malware\windows_shell_bind_hidden_ipknock_tcp.exeUPX2;Copia de seguridad creada;Se ha creado una copia de seguridad del objeto;HEUR:Trojan.Win32.Generic;;Archivo;\\VBoxSvr\machine_malware;windows_shell_bind_hidden_ipknock_tcp.exeUPX2;Copia de seguridad creada;Troyano;Alta;Parcial;TFM-VI\V;Usuario activo
Hoy, 5/28/2026 2:38:42 AM;\\VBoxSvr\machine_malware\windows_powershell_reverse_tcp_ssl.exeUPX1UPX2;Detectados;Objeto malicioso detectado;VHO:Trojan.Win32.Convagent.gen;Hash;Archivo;\\VBoxSvr\machine_malware;windows_powershell_reverse_tcp_ssl.exeUPX1UPX2;Detectados;Troyano;Alta;Análisis heurístico;TFM-VI\V;Usuario activo
Hoy, 5/28/2026 2:38:42 AM;\\VBoxSvr\machine_malware\windows_pingback_reverse_tcp.exeUPX1UPX2;Detectados;Objeto malicioso detectado;VHO:Trojan.Win32.Convagent.gen;Hash;Archivo;\\VBoxSvr\machine_malware;windows_pingback_reverse_tcp.exeUPX1UPX2;Detectados;Troyano;Alta;Análisis heurístico;TFM-VI\V;Usuario activo
Hoy, 5/28/2026 2:38:43 AM;\\VBoxSvr\machine_malware\windows_powershell_reverse_tcp_ssl.exeUPX1UPX2;Eliminado;Objeto eliminado;VHO:Trojan.Win32.Convagent.gen;;Archivo;\\VBoxSvr\machine_malware;windows_powershell_reverse_tcp_ssl.exeUPX1UPX2;Eliminado;Troyano;Alta;Análisis heurístico;TFM-VI\V;Usuario activo
Hoy, 5/28/2026 2:38:43 AM;\\VBoxSvr\machine_malware\windows_pingback_reverse_tcp.exeUPX1UPX2;Eliminado;Objeto eliminado;VHO:Trojan.Win32.Convagent.gen;;Archivo;\\VBoxSvr\machine_malware;windows_pingback_reverse_tcp.exeUPX1UPX2;Eliminado;Troyano;Alta;Análisis heurístico;TFM-VI\V;Usuario activo
Hoy, 5/28/2026 2:38:42 AM;\\VBoxSvr\machine_malware\windows_powershell_reverse_tcp_ssl.exeUPX1UPX2;Copia de seguridad creada;Se ha creado una copia de seguridad del objeto;VHO:Trojan.Win32.Convagent.gen;;Archivo;\\VBoxSvr\machine_malware;windows_powershell_reverse_tcp_ssl.exeUPX1UPX2;Copia de seguridad creada;Troyano;Alta;Análisis heurístico;TFM-VI\V;Usuario activo
Hoy, 5/28/2026 2:38:42 AM;\\VBoxSvr\machine_malware\windows_pingback_reverse_tcp.exeUPX1UPX2;Copia de seguridad creada;Se ha creado una copia de seguridad del objeto;VHO:Trojan.Win32.Convagent.gen;;Archivo;\\VBoxSvr\machine_malware;windows_pingback_reverse_tcp.exeUPX1UPX2;Copia de seguridad creada;Troyano;Alta;Análisis heurístico;TFM-VI\V;Usuario activo
Hoy, 5/28/2026 2:38:43 AM;\\VBoxSvr\machine_malware\windows_pingback_bind_tcp.exeUPX1UPX2;Detectados;Objeto malicioso detectado;VHO:Trojan.Win32.Convagent.gen;Hash;Archivo;\\VBoxSvr\machine_malware;windows_pingback_bind_tcp.exeUPX1UPX2;Detectados;Troyano;Alta;Análisis heurístico;TFM-VI\V;Usuario activo
Hoy, 5/28/2026 2:38:43 AM;\\VBoxSvr\machine_malware\windows_pingback_bind_tcp.exeUPX1UPX2;Eliminado;Objeto eliminado;VHO:Trojan.Win32.Convagent.gen;;Archivo;\\VBoxSvr\machine_malware;windows_pingback_bind_tcp.exeUPX1UPX2;Eliminado;Troyano;Alta;Análisis heurístico;TFM-VI\V;Usuario activo
Hoy, 5/28/2026 2:38:43 AM;\\VBoxSvr\machine_malware\windows_pingback_bind_tcp.exeUPX1UPX2;Copia de seguridad creada;Se ha creado una copia de seguridad del objeto;VHO:Trojan.Win32.Convagent.gen;;Archivo;\\VBoxSvr\machine_malware;windows_pingback_bind_tcp.exeUPX1UPX2;Copia de seguridad creada;Troyano;Alta;Análisis heurístico;TFM-VI\V;Usuario activo
Hoy, 5/28/2026 2:38:43 AM;\\VBoxSvr\machine_malware\windows_shell_bind_tcp.exeUPX0UPX1UPX2;Detectados;Objeto malicioso detectado;VHO:Trojan.Win32.Convagent.gen;Hash;Archivo;\\VBoxSvr\machine_malware;windows_shell_bind_tcp.exeUPX0UPX1UPX2;Detectados;Troyano;Alta;Análisis heurístico;TFM-VI\V;Usuario activo
Hoy, 5/28/2026 2:38:43 AM;\\VBoxSvr\machine_malware\windows_shell_reverse_tcp_rc4.exeUPX0UPX2;Detectados;Objeto malicioso detectado;HEUR:Trojan.Win32.Generic;Hash;Archivo;\\VBoxSvr\machine_malware;windows_shell_reverse_tcp_rc4.exeUPX0UPX2;Detectados;Troyano;Alta;Parcial;TFM-VI\V;Usuario activo
Hoy, 5/28/2026 2:38:44 AM;\\VBoxSvr\machine_malware\windows_powershell_bind_tcp.exeUPX1UPX2;Detectados;Objeto malicioso detectado;VHO:Trojan.Win32.Convagent.gen;Hash;Archivo;\\VBoxSvr\machine_malware;windows_powershell_bind_tcp.exeUPX1UPX2;Detectados;Troyano;Alta;Análisis heurístico;TFM-VI\V;Usuario activo
Hoy, 5/28/2026 2:38:43 AM;\\VBoxSvr\machine_malware\windows_shell_bind_tcp.exeUPX0UPX1UPX2;Eliminado;Objeto eliminado;VHO:Trojan.Win32.Convagent.gen;;Archivo;\\VBoxSvr\machine_malware;windows_shell_bind_tcp.exeUPX0UPX1UPX2;Eliminado;Troyano;Alta;Análisis heurístico;TFM-VI\V;Usuario activo
Hoy, 5/28/2026 2:38:44 AM;\\VBoxSvr\machine_malware\windows_shell_reverse_tcp_rc4.exeUPX0UPX2;Eliminado;Objeto eliminado;HEUR:Trojan.Win32.Generic;;Archivo;\\VBoxSvr\machine_malware;windows_shell_reverse_tcp_rc4.exeUPX0UPX2;Eliminado;Troyano;Alta;Parcial;TFM-VI\V;Usuario activo
Hoy, 5/28/2026 2:38:43 AM;\\VBoxSvr\machine_malware\windows_shell_bind_tcp.exeUPX0UPX1UPX2;Copia de seguridad creada;Se ha creado una copia de seguridad del objeto;VHO:Trojan.Win32.Convagent.gen;;Archivo;\\VBoxSvr\machine_malware;windows_shell_bind_tcp.exeUPX0UPX1UPX2;Copia de seguridad creada;Troyano;Alta;Análisis heurístico;TFM-VI\V;Usuario activo
Hoy, 5/28/2026 2:38:43 AM;\\VBoxSvr\machine_malware\windows_shell_reverse_tcp_rc4.exeUPX0UPX2;Copia de seguridad creada;Se ha creado una copia de seguridad del objeto;HEUR:Trojan.Win32.Generic;;Archivo;\\VBoxSvr\machine_malware;windows_shell_reverse_tcp_rc4.exeUPX0UPX2;Copia de seguridad creada;Troyano;Alta;Parcial;TFM-VI\V;Usuario activo
Hoy, 5/28/2026 2:38:44 AM;\\VBoxSvr\machine_malware\windows_powershell_bind_tcp.exeUPX1UPX2;Copia de seguridad creada;Se ha creado una copia de seguridad del objeto;VHO:Trojan.Win32.Convagent.gen;;Archivo;\\VBoxSvr\machine_malware;windows_powershell_bind_tcp.exeUPX1UPX2;Copia de seguridad creada;Troyano;Alta;Análisis heurístico;TFM-VI\V;Usuario activo
Hoy, 5/28/2026 2:38:44 AM;\\VBoxSvr\machine_malware\windows_pingback_bind_tcp.exe;Detectados;Objeto malicioso detectado;HEUR:Trojan.Win32.Generic;Hash;Archivo;\\VBoxSvr\machine_malware;windows_pingback_bind_tcp.exe;Detectados;Troyano;Alta;Parcial;TFM-VI\V;Usuario activo
Hoy, 5/28/2026 2:38:45 AM;\\VBoxSvr\machine_malware\windows_powershell_reverse_tcp_ssl.exeUPX0UPX2;Detectados;Objeto malicioso detectado;HEUR:Trojan.Win32.Generic;Hash;Archivo;\\VBoxSvr\machine_malware;windows_powershell_reverse_tcp_ssl.exeUPX0UPX2;Detectados;Troyano;Alta;Análisis heurístico;TFM-VI\V;Usuario activo
Hoy, 5/28/2026 2:38:44 AM;\\VBoxSvr\machine_malware\windows_powershell_bind_tcp.exeUPX1UPX2;Eliminado;Objeto eliminado;VHO:Trojan.Win32.Convagent.gen;;Archivo;\\VBoxSvr\machine_malware;windows_powershell_bind_tcp.exeUPX1UPX2;Eliminado;Troyano;Alta;Análisis heurístico;TFM-VI\V;Usuario activo
Hoy, 5/28/2026 2:38:45 AM;\\VBoxSvr\machine_malware\windows_pingback_bind_tcp.exe;Eliminado;Objeto eliminado;HEUR:Trojan.Win32.Generic;;Archivo;\\VBoxSvr\machine_malware;windows_pingback_bind_tcp.exe;Eliminado;Troyano;Alta;Parcial;TFM-VI\V;Usuario activo
Hoy, 5/28/2026 2:38:44 AM;\\VBoxSvr\machine_malware\windows_pingback_bind_tcp.exe;Copia de seguridad creada;Se ha creado una copia de seguridad del objeto;HEUR:Trojan.Win32.Generic;;Archivo;\\VBoxSvr\machine_malware;windows_pingback_bind_tcp.exe;Copia de seguridad creada;Troyano;Alta;Parcial;TFM-VI\V;Usuario activo
Hoy, 5/28/2026 2:38:45 AM;\\VBoxSvr\machine_malware\windows_powershell_reverse_tcp_ssl.exeUPX0UPX2;Copia de seguridad creada;Se ha creado una copia de seguridad del objeto;HEUR:Trojan.Win32.Generic;;Archivo;\\VBoxSvr\machine_malware;windows_powershell_reverse_tcp_ssl.exeUPX0UPX2;Copia de seguridad creada;Troyano;Alta;Análisis heurístico;TFM-VI\V;Usuario activo
Hoy, 5/28/2026 2:38:46 AM;\\VBoxSvr\machine_malware\windows_powershell_bind_tcp.exeUPX0UPX2;Detectados;Objeto malicioso detectado;HEUR:Trojan.Win32.Generic;Hash;Archivo;\\VBoxSvr\machine_malware;windows_powershell_bind_tcp.exeUPX0UPX2;Detectados;Troyano;Alta;Análisis heurístico;TFM-VI\V;Usuario activo
Hoy, 5/28/2026 2:38:46 AM;\\VBoxSvr\machine_malware\windows_shell_bind_hidden_ipknock_tcp.exeUPX0UPX2;Detectados;Objeto malicioso detectado;HEUR:Trojan.Win32.Generic;Hash;Archivo;\\VBoxSvr\machine_malware;windows_shell_bind_hidden_ipknock_tcp.exeUPX0UPX2;Detectados;Troyano;Alta;Parcial;TFM-VI\V;Usuario activo
Hoy, 5/28/2026 2:38:45 AM;\\VBoxSvr\machine_malware\windows_powershell_reverse_tcp_ssl.exeUPX0UPX2;Eliminado;Objeto eliminado;HEUR:Trojan.Win32.Generic;;Archivo;\\VBoxSvr\machine_malware;windows_powershell_reverse_tcp_ssl.exeUPX0UPX2;Eliminado;Troyano;Alta;Análisis heurístico;TFM-VI\V;Usuario activo
Hoy, 5/28/2026 2:38:46 AM;\\VBoxSvr\machine_malware\windows_shell_bind_hidden_ipknock_tcp.exeUPX0UPX2;Eliminado;Objeto eliminado;HEUR:Trojan.Win32.Generic;;Archivo;\\VBoxSvr\machine_malware;windows_shell_bind_hidden_ipknock_tcp.exeUPX0UPX2;Eliminado;Troyano;Alta;Parcial;TFM-VI\V;Usuario activo
Hoy, 5/28/2026 2:38:46 AM;\\VBoxSvr\machine_malware\windows_powershell_bind_tcp.exeUPX0UPX2;Copia de seguridad creada;Se ha creado una copia de seguridad del objeto;HEUR:Trojan.Win32.Generic;;Archivo;\\VBoxSvr\machine_malware;windows_powershell_bind_tcp.exeUPX0UPX2;Copia de seguridad creada;Troyano;Alta;Análisis heurístico;TFM-VI\V;Usuario activo
Hoy, 5/28/2026 2:38:46 AM;\\VBoxSvr\machine_malware\windows_shell_bind_hidden_ipknock_tcp.exeUPX0UPX2;Copia de seguridad creada;Se ha creado una copia de seguridad del objeto;HEUR:Trojan.Win32.Generic;;Archivo;\\VBoxSvr\machine_malware;windows_shell_bind_hidden_ipknock_tcp.exeUPX0UPX2;Copia de seguridad creada;Troyano;Alta;Parcial;TFM-VI\V;Usuario activo
Hoy, 5/28/2026 2:38:47 AM;\\VBoxSvr\machine_malware\windows_powershell_reverse_tcp.exeUPX0;Detectados;Objeto malicioso detectado;HEUR:Trojan.Win32.Generic;Hash;Archivo;\\VBoxSvr\machine_malware;windows_powershell_reverse_tcp.exeUPX0;Detectados;Troyano;Alta;Análisis heurístico;TFM-VI\V;Usuario activo
Hoy, 5/28/2026 2:38:46 AM;\\VBoxSvr\machine_malware\windows_powershell_bind_tcp.exeUPX0UPX2;Eliminado;Objeto eliminado;HEUR:Trojan.Win32.Generic;;Archivo;\\VBoxSvr\machine_malware;windows_powershell_bind_tcp.exeUPX0UPX2;Eliminado;Troyano;Alta;Análisis heurístico;TFM-VI\V;Usuario activo
Hoy, 5/28/2026 2:38:47 AM;\\VBoxSvr\machine_malware\windows_powershell_reverse_tcp.exeUPX0;Eliminado;Objeto eliminado;HEUR:Trojan.Win32.Generic;;Archivo;\\VBoxSvr\machine_malware;windows_powershell_reverse_tcp.exeUPX0;Eliminado;Troyano;Alta;Análisis heurístico;TFM-VI\V;Usuario activo
Hoy, 5/28/2026 2:38:47 AM;\\VBoxSvr\machine_malware\windows_powershell_reverse_tcp.exeUPX0;Copia de seguridad creada;Se ha creado una copia de seguridad del objeto;HEUR:Trojan.Win32.Generic;;Archivo;\\VBoxSvr\machine_malware;windows_powershell_reverse_tcp.exeUPX0;Copia de seguridad creada;Troyano;Alta;Análisis heurístico;TFM-VI\V;Usuario activo
Hoy, 5/28/2026 2:38:53 AM;\\VBoxSvr\machine_malware\windows_meterpreter_reverse_tcp.exeUPX0;Detectados;Objeto malicioso detectado;HEUR:Trojan.Win32.Generic;Hash;Archivo;\\VBoxSvr\machine_malware;windows_meterpreter_reverse_tcp.exeUPX0;Detectados;Troyano;Alta;Parcial;TFM-VI\V;Usuario activo
Hoy, 5/28/2026 2:38:53 AM;\\VBoxSvr\machine_malware\windows_encrypted_shell_reverse_tcp.exeUPX1UPX2;Detectados;Objeto malicioso detectado;VHO:Trojan.Win32.Convagent.gen;Hash;Archivo;\\VBoxSvr\machine_malware;windows_encrypted_shell_reverse_tcp.exeUPX1UPX2;Detectados;Troyano;Alta;Análisis heurístico;TFM-VI\V;Usuario activo
Hoy, 5/28/2026 2:38:54 AM;\\VBoxSvr\machine_malware\windows_shell_hidden_bind_tcp.exeUPX0UPX2;Detectados;Objeto malicioso detectado;HEUR:Trojan.Win32.Generic;Hash;Archivo;\\VBoxSvr\machine_malware;windows_shell_hidden_bind_tcp.exeUPX0UPX2;Detectados;Troyano;Alta;Parcial;TFM-VI\V;Usuario activo
Hoy, 5/28/2026 2:38:53 AM;\\VBoxSvr\machine_malware\windows_meterpreter_reverse_tcp.exeUPX0;Eliminado;Objeto eliminado;HEUR:Trojan.Win32.Generic;;Archivo;\\VBoxSvr\machine_malware;windows_meterpreter_reverse_tcp.exeUPX0;Eliminado;Troyano;Alta;Parcial;TFM-VI\V;Usuario activo
Hoy, 5/28/2026 2:38:53 AM;\\VBoxSvr\machine_malware\windows_encrypted_shell_reverse_tcp.exeUPX1UPX2;Eliminado;Objeto eliminado;VHO:Trojan.Win32.Convagent.gen;;Archivo;\\VBoxSvr\machine_malware;windows_encrypted_shell_reverse_tcp.exeUPX1UPX2;Eliminado;Troyano;Alta;Análisis heurístico;TFM-VI\V;Usuario activo
Hoy, 5/28/2026 2:38:54 AM;\\VBoxSvr\machine_malware\windows_shell_hidden_bind_tcp.exeUPX0UPX2;Eliminado;Objeto eliminado;HEUR:Trojan.Win32.Generic;;Archivo;\\VBoxSvr\machine_malware;windows_shell_hidden_bind_tcp.exeUPX0UPX2;Eliminado;Troyano;Alta;Parcial;TFM-VI\V;Usuario activo
Hoy, 5/28/2026 2:38:53 AM;\\VBoxSvr\machine_malware\windows_meterpreter_reverse_tcp.exeUPX0;Copia de seguridad creada;Se ha creado una copia de seguridad del objeto;HEUR:Trojan.Win32.Generic;;Archivo;\\VBoxSvr\machine_malware;windows_meterpreter_reverse_tcp.exeUPX0;Copia de seguridad creada;Troyano;Alta;Parcial;TFM-VI\V;Usuario activo
Hoy, 5/28/2026 2:38:53 AM;\\VBoxSvr\machine_malware\windows_encrypted_shell_reverse_tcp.exeUPX1UPX2;Copia de seguridad creada;Se ha creado una copia de seguridad del objeto;VHO:Trojan.Win32.Convagent.gen;;Archivo;\\VBoxSvr\machine_malware;windows_encrypted_shell_reverse_tcp.exeUPX1UPX2;Copia de seguridad creada;Troyano;Alta;Análisis heurístico;TFM-VI\V;Usuario activo
Hoy, 5/28/2026 2:38:54 AM;\\VBoxSvr\machine_malware\windows_shell_hidden_bind_tcp.exeUPX0UPX2;Copia de seguridad creada;Se ha creado una copia de seguridad del objeto;HEUR:Trojan.Win32.Generic;;Archivo;\\VBoxSvr\machine_malware;windows_shell_hidden_bind_tcp.exeUPX0UPX2;Copia de seguridad creada;Troyano;Alta;Parcial;TFM-VI\V;Usuario activo
Hoy, 5/28/2026 2:38:54 AM;\\VBoxSvr\machine_malware\windows_exec.exe;Detectados;Objeto malicioso detectado;HEUR:Trojan.Win32.Generic;Hash;Archivo;\\VBoxSvr\machine_malware;windows_exec.exe;Detectados;Troyano;Alta;Análisis heurístico;TFM-VI\V;Usuario activo
Hoy, 5/28/2026 2:38:55 AM;\\VBoxSvr\machine_malware\windows_meterpreter_reverse_http.exeUPX0;Detectados;Objeto malicioso detectado;HEUR:Trojan.Win32.Generic;Hash;Archivo;\\VBoxSvr\machine_malware;windows_meterpreter_reverse_http.exeUPX0;Detectados;Troyano;Alta;Parcial;TFM-VI\V;Usuario activo
Hoy, 5/28/2026 2:38:55 AM;\\VBoxSvr\machine_malware\windows_exec.exe;Eliminado;Objeto eliminado;HEUR:Trojan.Win32.Generic;;Archivo;\\VBoxSvr\machine_malware;windows_exec.exe;Eliminado;Troyano;Alta;Análisis heurístico;TFM-VI\V;Usuario activo
Hoy, 5/28/2026 2:38:55 AM;\\VBoxSvr\machine_malware\windows_meterpreter_reverse_http.exeUPX0;Eliminado;Objeto eliminado;HEUR:Trojan.Win32.Generic;;Archivo;\\VBoxSvr\machine_malware;windows_meterpreter_reverse_http.exeUPX0;Eliminado;Troyano;Alta;Parcial;TFM-VI\V;Usuario activo
Hoy, 5/28/2026 2:38:54 AM;\\VBoxSvr\machine_malware\windows_exec.exe;Copia de seguridad creada;Se ha creado una copia de seguridad del objeto;HEUR:Trojan.Win32.Generic;;Archivo;\\VBoxSvr\machine_malware;windows_exec.exe;Copia de seguridad creada;Troyano;Alta;Análisis heurístico;TFM-VI\V;Usuario activo
Hoy, 5/28/2026 2:38:55 AM;\\VBoxSvr\machine_malware\windows_meterpreter_reverse_http.exeUPX0;Copia de seguridad creada;Se ha creado una copia de seguridad del objeto;HEUR:Trojan.Win32.Generic;;Archivo;\\VBoxSvr\machine_malware;windows_meterpreter_reverse_http.exeUPX0;Copia de seguridad creada;Troyano;Alta;Parcial;TFM-VI\V;Usuario activo
Hoy, 5/28/2026 2:38:55 AM;\\VBoxSvr\machine_malware\windows_encrypted_shell_reverse_tcp.exeUPX0UPX1UPX2;Detectados;Objeto malicioso detectado;VHO:Trojan.Win32.Convagent.gen;Hash;Archivo;\\VBoxSvr\machine_malware;windows_encrypted_shell_reverse_tcp.exeUPX0UPX1UPX2;Detectados;Troyano;Alta;Análisis heurístico;TFM-VI\V;Usuario activo
Hoy, 5/28/2026 2:38:55 AM;\\VBoxSvr\machine_malware\windows_powershell_bind_tcp.exeUPX2;Detectados;Objeto malicioso detectado;HEUR:Trojan.Win32.Generic;Hash;Archivo;\\VBoxSvr\machine_malware;windows_powershell_bind_tcp.exeUPX2;Detectados;Troyano;Alta;Análisis heurístico;TFM-VI\V;Usuario activo
Hoy, 5/28/2026 2:38:56 AM;\\VBoxSvr\machine_malware\windows_shell_bind_tcp.exeUPX1UPX2;Detectados;Objeto malicioso detectado;VHO:Trojan.Win32.Convagent.gen;Hash;Archivo;\\VBoxSvr\machine_malware;windows_shell_bind_tcp.exeUPX1UPX2;Detectados;Troyano;Alta;Análisis heurístico;TFM-VI\V;Usuario activo
Hoy, 5/28/2026 2:38:55 AM;\\VBoxSvr\machine_malware\windows_encrypted_shell_reverse_tcp.exeUPX0UPX1UPX2;Eliminado;Objeto eliminado;VHO:Trojan.Win32.Convagent.gen;;Archivo;\\VBoxSvr\machine_malware;windows_encrypted_shell_reverse_tcp.exeUPX0UPX1UPX2;Eliminado;Troyano;Alta;Análisis heurístico;TFM-VI\V;Usuario activo
Hoy, 5/28/2026 2:38:55 AM;\\VBoxSvr\machine_malware\windows_encrypted_shell_reverse_tcp.exeUPX0UPX1UPX2;Copia de seguridad creada;Se ha creado una copia de seguridad del objeto;VHO:Trojan.Win32.Convagent.gen;;Archivo;\\VBoxSvr\machine_malware;windows_encrypted_shell_reverse_tcp.exeUPX0UPX1UPX2;Copia de seguridad creada;Troyano;Alta;Análisis heurístico;TFM-VI\V;Usuario activo
Hoy, 5/28/2026 2:38:55 AM;\\VBoxSvr\machine_malware\windows_powershell_bind_tcp.exeUPX2;Copia de seguridad creada;Se ha creado una copia de seguridad del objeto;HEUR:Trojan.Win32.Generic;;Archivo;\\VBoxSvr\machine_malware;windows_powershell_bind_tcp.exeUPX2;Copia de seguridad creada;Troyano;Alta;Análisis heurístico;TFM-VI\V;Usuario activo
Hoy, 5/28/2026 2:38:56 AM;\\VBoxSvr\machine_malware\windows_shell_bind_tcp.exeUPX1UPX2;Copia de seguridad creada;Se ha creado una copia de seguridad del objeto;VHO:Trojan.Win32.Convagent.gen;;Archivo;\\VBoxSvr\machine_malware;windows_shell_bind_tcp.exeUPX1UPX2;Copia de seguridad creada;Troyano;Alta;Análisis heurístico;TFM-VI\V;Usuario activo
Hoy, 5/28/2026 2:38:56 AM;\\VBoxSvr\machine_malware\windows_shell_bind_tcp.exeUPX1UPX2;Eliminado;Objeto eliminado;VHO:Trojan.Win32.Convagent.gen;;Archivo;\\VBoxSvr\machine_malware;windows_shell_bind_tcp.exeUPX1UPX2;Eliminado;Troyano;Alta;Análisis heurístico;TFM-VI\V;Usuario activo
Hoy, 5/28/2026 2:38:57 AM;\\VBoxSvr\machine_malware\windows_powershell_bind_tcp.exeUPX2;Eliminado;Objeto eliminado;HEUR:Trojan.Win32.Generic;;Archivo;\\VBoxSvr\machine_malware;windows_powershell_bind_tcp.exeUPX2;Eliminado;Troyano;Alta;Análisis heurístico;TFM-VI\V;Usuario activo
Hoy, 5/28/2026 2:38:57 AM;\\VBoxSvr\machine_malware\windows_powershell_reverse_tcp.exeUPX0UPX2;Detectados;Objeto malicioso detectado;HEUR:Trojan.Win32.Generic;Hash;Archivo;\\VBoxSvr\machine_malware;windows_powershell_reverse_tcp.exeUPX0UPX2;Detectados;Troyano;Alta;Análisis heurístico;TFM-VI\V;Usuario activo
Hoy, 5/28/2026 2:38:57 AM;\\VBoxSvr\machine_malware\windows_powershell_reverse_tcp.exe;Detectados;Objeto malicioso detectado;HEUR:Trojan.Win32.Generic;Hash;Archivo;\\VBoxSvr\machine_malware;windows_powershell_reverse_tcp.exe;Detectados;Troyano;Alta;Análisis heurístico;TFM-VI\V;Usuario activo
Hoy, 5/28/2026 2:38:57 AM;\\VBoxSvr\machine_malware\windows_powershell_reverse_tcp.exeUPX0UPX2;Eliminado;Objeto eliminado;HEUR:Trojan.Win32.Generic;;Archivo;\\VBoxSvr\machine_malware;windows_powershell_reverse_tcp.exeUPX0UPX2;Eliminado;Troyano;Alta;Análisis heurístico;TFM-VI\V;Usuario activo
Hoy, 5/28/2026 2:38:58 AM;\\VBoxSvr\machine_malware\windows_powershell_reverse_tcp.exe;Eliminado;Objeto eliminado;HEUR:Trojan.Win32.Generic;;Archivo;\\VBoxSvr\machine_malware;windows_powershell_reverse_tcp.exe;Eliminado;Troyano;Alta;Análisis heurístico;TFM-VI\V;Usuario activo
Hoy, 5/28/2026 2:38:57 AM;\\VBoxSvr\machine_malware\windows_powershell_reverse_tcp.exeUPX0UPX2;Copia de seguridad creada;Se ha creado una copia de seguridad del objeto;HEUR:Trojan.Win32.Generic;;Archivo;\\VBoxSvr\machine_malware;windows_powershell_reverse_tcp.exeUPX0UPX2;Copia de seguridad creada;Troyano;Alta;Análisis heurístico;TFM-VI\V;Usuario activo
Hoy, 5/28/2026 2:38:57 AM;\\VBoxSvr\machine_malware\windows_powershell_reverse_tcp.exe;Copia de seguridad creada;Se ha creado una copia de seguridad del objeto;HEUR:Trojan.Win32.Generic;;Archivo;\\VBoxSvr\machine_malware;windows_powershell_reverse_tcp.exe;Copia de seguridad creada;Troyano;Alta;Análisis heurístico;TFM-VI\V;Usuario activo
Hoy, 5/28/2026 2:39:00 AM;\\VBoxSvr\machine_malware\windows_powershell_bind_tcp.exe;Detectados;Objeto malicioso detectado;HEUR:Trojan.Win32.Generic;Hash;Archivo;\\VBoxSvr\machine_malware;windows_powershell_bind_tcp.exe;Detectados;Troyano;Alta;Análisis heurístico;TFM-VI\V;Usuario activo
Hoy, 5/28/2026 2:39:00 AM;\\VBoxSvr\machine_malware\windows_powershell_bind_tcp.exe;Copia de seguridad creada;Se ha creado una copia de seguridad del objeto;HEUR:Trojan.Win32.Generic;;Archivo;\\VBoxSvr\machine_malware;windows_powershell_bind_tcp.exe;Copia de seguridad creada;Troyano;Alta;Análisis heurístico;TFM-VI\V;Usuario activo
Hoy, 5/28/2026 2:39:01 AM;\\VBoxSvr\machine_malware\windows_powershell_bind_tcp.exe;Eliminado;Objeto eliminado;HEUR:Trojan.Win32.Generic;;Archivo;\\VBoxSvr\machine_malware;windows_powershell_bind_tcp.exe;Eliminado;Troyano;Alta;Análisis heurístico;TFM-VI\V;Usuario activo
Hoy, 5/28/2026 2:39:02 AM;\\VBoxSvr\machine_malware\windows_meterpreter_reverse_tcp.exeUPX0UPX2;Detectados;Objeto malicioso detectado;HEUR:Trojan.Win32.Generic;Hash;Archivo;\\VBoxSvr\machine_malware;windows_meterpreter_reverse_tcp.exeUPX0UPX2;Detectados;Troyano;Alta;Parcial;TFM-VI\V;Usuario activo
Hoy, 5/28/2026 2:39:02 AM;\\VBoxSvr\machine_malware\windows_meterpreter_reverse_tcp.exeUPX0UPX2;Eliminado;Objeto eliminado;HEUR:Trojan.Win32.Generic;;Archivo;\\VBoxSvr\machine_malware;windows_meterpreter_reverse_tcp.exeUPX0UPX2;Eliminado;Troyano;Alta;Parcial;TFM-VI\V;Usuario activo
Hoy, 5/28/2026 2:39:02 AM;\\VBoxSvr\machine_malware\windows_meterpreter_reverse_tcp.exeUPX0UPX2;Copia de seguridad creada;Se ha creado una copia de seguridad del objeto;HEUR:Trojan.Win32.Generic;;Archivo;\\VBoxSvr\machine_malware;windows_meterpreter_reverse_tcp.exeUPX0UPX2;Copia de seguridad creada;Troyano;Alta;Parcial;TFM-VI\V;Usuario activo
Hoy, 5/28/2026 2:39:04 AM;\\VBoxSvr\machine_malware\windows_meterpreter_reverse_http.exeUPX2;Detectados;Objeto malicioso detectado;HEUR:Trojan.Win32.Generic;Hash;Archivo;\\VBoxSvr\machine_malware;windows_meterpreter_reverse_http.exeUPX2;Detectados;Troyano;Alta;Parcial;TFM-VI\V;Usuario activo
Hoy, 5/28/2026 2:39:04 AM;\\VBoxSvr\machine_malware\windows_meterpreter_reverse_http.exeUPX2;Copia de seguridad creada;Se ha creado una copia de seguridad del objeto;HEUR:Trojan.Win32.Generic;;Archivo;\\VBoxSvr\machine_malware;windows_meterpreter_reverse_http.exeUPX2;Copia de seguridad creada;Troyano;Alta;Parcial;TFM-VI\V;Usuario activo
Hoy, 5/28/2026 2:39:04 AM;\\VBoxSvr\machine_malware\windows_meterpreter_reverse_http.exeUPX2;Eliminado;Objeto eliminado;HEUR:Trojan.Win32.Generic;;Archivo;\\VBoxSvr\machine_malware;windows_meterpreter_reverse_http.exeUPX2;Eliminado;Troyano;Alta;Parcial;TFM-VI\V;Usuario activo
Hoy, 5/28/2026 2:39:05 AM;\\VBoxSvr\machine_malware\windows_meterpreter_reverse_https.exeUPX0UPX2;Detectados;Objeto malicioso detectado;HEUR:Trojan.Win32.Generic;Hash;Archivo;\\VBoxSvr\machine_malware;windows_meterpreter_reverse_https.exeUPX0UPX2;Detectados;Troyano;Alta;Parcial;TFM-VI\V;Usuario activo
Hoy, 5/28/2026 2:39:05 AM;\\VBoxSvr\machine_malware\windows_meterpreter_reverse_https.exeUPX0UPX2;Eliminado;Objeto eliminado;HEUR:Trojan.Win32.Generic;;Archivo;\\VBoxSvr\machine_malware;windows_meterpreter_reverse_https.exeUPX0UPX2;Eliminado;Troyano;Alta;Parcial;TFM-VI\V;Usuario activo
Hoy, 5/28/2026 2:39:05 AM;\\VBoxSvr\machine_malware\windows_meterpreter_reverse_https.exeUPX0UPX2;Copia de seguridad creada;Se ha creado una copia de seguridad del objeto;HEUR:Trojan.Win32.Generic;;Archivo;\\VBoxSvr\machine_malware;windows_meterpreter_reverse_https.exeUPX0UPX2;Copia de seguridad creada;Troyano;Alta;Parcial;TFM-VI\V;Usuario activo
Hoy, 5/28/2026 2:39:08 AM;\\VBoxSvr\machine_malware\windows_meterpreter_reverse_http.exe;Detectados;Objeto malicioso detectado;HEUR:Trojan.Win32.Generic;Hash;Archivo;\\VBoxSvr\machine_malware;windows_meterpreter_reverse_http.exe;Detectados;Troyano;Alta;Parcial;TFM-VI\V;Usuario activo
Hoy, 5/28/2026 2:39:09 AM;\\VBoxSvr\machine_malware\windows_meterpreter_reverse_tcp.exeUPX0UPX1UPX2;Detectados;Objeto malicioso detectado;VHO:Trojan.Win32.Convagent.gen;Hash;Archivo;\\VBoxSvr\machine_malware;windows_meterpreter_reverse_tcp.exeUPX0UPX1UPX2;Detectados;Troyano;Alta;Análisis heurístico;TFM-VI\V;Usuario activo
Hoy, 5/28/2026 2:39:08 AM;\\VBoxSvr\machine_malware\windows_meterpreter_reverse_http.exe;Eliminado;Objeto eliminado;HEUR:Trojan.Win32.Generic;;Archivo;\\VBoxSvr\machine_malware;windows_meterpreter_reverse_http.exe;Eliminado;Troyano;Alta;Parcial;TFM-VI\V;Usuario activo
Hoy, 5/28/2026 2:39:08 AM;\\VBoxSvr\machine_malware\windows_meterpreter_reverse_http.exe;Copia de seguridad creada;Se ha creado una copia de seguridad del objeto;HEUR:Trojan.Win32.Generic;;Archivo;\\VBoxSvr\machine_malware;windows_meterpreter_reverse_http.exe;Copia de seguridad creada;Troyano;Alta;Parcial;TFM-VI\V;Usuario activo
Hoy, 5/28/2026 2:39:09 AM;\\VBoxSvr\machine_malware\windows_meterpreter_reverse_tcp.exeUPX0UPX1UPX2;Copia de seguridad creada;Se ha creado una copia de seguridad del objeto;VHO:Trojan.Win32.Convagent.gen;;Archivo;\\VBoxSvr\machine_malware;windows_meterpreter_reverse_tcp.exeUPX0UPX1UPX2;Copia de seguridad creada;Troyano;Alta;Análisis heurístico;TFM-VI\V;Usuario activo
Hoy, 5/28/2026 2:39:10 AM;\\VBoxSvr\machine_malware\windows_pingback_reverse_tcp.exeUPX2;Detectados;Objeto malicioso detectado;HEUR:Trojan.Win32.Generic;Hash;Archivo;\\VBoxSvr\machine_malware;windows_pingback_reverse_tcp.exeUPX2;Detectados;Troyano;Alta;Parcial;TFM-VI\V;Usuario activo
Hoy, 5/28/2026 2:39:09 AM;\\VBoxSvr\machine_malware\windows_meterpreter_reverse_tcp.exeUPX0UPX1UPX2;Eliminado;Objeto eliminado;VHO:Trojan.Win32.Convagent.gen;;Archivo;\\VBoxSvr\machine_malware;windows_meterpreter_reverse_tcp.exeUPX0UPX1UPX2;Eliminado;Troyano;Alta;Análisis heurístico;TFM-VI\V;Usuario activo
Hoy, 5/28/2026 2:39:10 AM;\\VBoxSvr\machine_malware\windows_pingback_reverse_tcp.exeUPX2;Eliminado;Objeto eliminado;HEUR:Trojan.Win32.Generic;;Archivo;\\VBoxSvr\machine_malware;windows_pingback_reverse_tcp.exeUPX2;Eliminado;Troyano;Alta;Parcial;TFM-VI\V;Usuario activo
Hoy, 5/28/2026 2:39:10 AM;\\VBoxSvr\machine_malware\windows_pingback_reverse_tcp.exeUPX2;Copia de seguridad creada;Se ha creado una copia de seguridad del objeto;HEUR:Trojan.Win32.Generic;;Archivo;\\VBoxSvr\machine_malware;windows_pingback_reverse_tcp.exeUPX2;Copia de seguridad creada;Troyano;Alta;Parcial;TFM-VI\V;Usuario activo
Hoy, 5/28/2026 2:39:18 AM;\\VBoxSvr\machine_malware\windows_meterpreter_reverse_https.exeUPX0;Detectados;Objeto malicioso detectado;HEUR:Trojan.Win32.Generic;Hash;Archivo;\\VBoxSvr\machine_malware;windows_meterpreter_reverse_https.exeUPX0;Detectados;Troyano;Alta;Parcial;TFM-VI\V;Usuario activo
Hoy, 5/28/2026 2:39:19 AM;\\VBoxSvr\machine_malware\windows_shell_bind_hidden_ipknock_tcp.exeUPX0;Detectados;Objeto malicioso detectado;HEUR:Trojan.Win32.Generic;Hash;Archivo;\\VBoxSvr\machine_malware;windows_shell_bind_hidden_ipknock_tcp.exeUPX0;Detectados;Troyano;Alta;Parcial;TFM-VI\V;Usuario activo
Hoy, 5/28/2026 2:39:19 AM;\\VBoxSvr\machine_malware\windows_shell_hidden_bind_tcp.exeUPX0;Detectados;Objeto malicioso detectado;HEUR:Trojan.Win32.Generic;Hash;Archivo;\\VBoxSvr\machine_malware;windows_shell_hidden_bind_tcp.exeUPX0;Detectados;Troyano;Alta;Parcial;TFM-VI\V;Usuario activo
Hoy, 5/28/2026 2:39:18 AM;\\VBoxSvr\machine_malware\windows_meterpreter_reverse_https.exeUPX0;Eliminado;Objeto eliminado;HEUR:Trojan.Win32.Generic;;Archivo;\\VBoxSvr\machine_malware;windows_meterpreter_reverse_https.exeUPX0;Eliminado;Troyano;Alta;Parcial;TFM-VI\V;Usuario activo
Hoy, 5/28/2026 2:39:19 AM;\\VBoxSvr\machine_malware\windows_shell_bind_hidden_ipknock_tcp.exeUPX0;Eliminado;Objeto eliminado;HEUR:Trojan.Win32.Generic;;Archivo;\\VBoxSvr\machine_malware;windows_shell_bind_hidden_ipknock_tcp.exeUPX0;Eliminado;Troyano;Alta;Parcial;TFM-VI\V;Usuario activo
Hoy, 5/28/2026 2:39:18 AM;\\VBoxSvr\machine_malware\windows_meterpreter_reverse_https.exeUPX0;Copia de seguridad creada;Se ha creado una copia de seguridad del objeto;HEUR:Trojan.Win32.Generic;;Archivo;\\VBoxSvr\machine_malware;windows_meterpreter_reverse_https.exeUPX0;Copia de seguridad creada;Troyano;Alta;Parcial;TFM-VI\V;Usuario activo
Hoy, 5/28/2026 2:39:19 AM;\\VBoxSvr\machine_malware\windows_shell_bind_hidden_ipknock_tcp.exeUPX0;Copia de seguridad creada;Se ha creado una copia de seguridad del objeto;HEUR:Trojan.Win32.Generic;;Archivo;\\VBoxSvr\machine_malware;windows_shell_bind_hidden_ipknock_tcp.exeUPX0;Copia de seguridad creada;Troyano;Alta;Parcial;TFM-VI\V;Usuario activo
Hoy, 5/28/2026 2:39:19 AM;\\VBoxSvr\machine_malware\windows_shell_hidden_bind_tcp.exeUPX0;Copia de seguridad creada;Se ha creado una copia de seguridad del objeto;HEUR:Trojan.Win32.Generic;;Archivo;\\VBoxSvr\machine_malware;windows_shell_hidden_bind_tcp.exeUPX0;Copia de seguridad creada;Troyano;Alta;Parcial;TFM-VI\V;Usuario activo
Hoy, 5/28/2026 2:39:19 AM;\\VBoxSvr\machine_malware\windows_shell_hidden_bind_tcp.exeUPX0;Eliminado;Objeto eliminado;HEUR:Trojan.Win32.Generic;;Archivo;\\VBoxSvr\machine_malware;windows_shell_hidden_bind_tcp.exeUPX0;Eliminado;Troyano;Alta;Parcial;TFM-VI\V;Usuario activo
Hoy, 5/28/2026 2:39:20 AM;\\VBoxSvr\machine_malware\windows_meterpreter_reverse_http.exeUPX1UPX2;Detectados;Objeto malicioso detectado;VHO:Trojan.Win32.Convagent.gen;Hash;Archivo;\\VBoxSvr\machine_malware;windows_meterpreter_reverse_http.exeUPX1UPX2;Detectados;Troyano;Alta;Análisis heurístico;TFM-VI\V;Usuario activo
Hoy, 5/28/2026 2:39:21 AM;\\VBoxSvr\machine_malware\windows_powershell_reverse_tcp_ssl.exe;Detectados;Objeto malicioso detectado;HEUR:Trojan.Win32.Generic;Hash;Archivo;\\VBoxSvr\machine_malware;windows_powershell_reverse_tcp_ssl.exe;Detectados;Troyano;Alta;Análisis heurístico;TFM-VI\V;Usuario activo
Hoy, 5/28/2026 2:39:20 AM;\\VBoxSvr\machine_malware\windows_meterpreter_reverse_http.exeUPX1UPX2;Eliminado;Objeto eliminado;VHO:Trojan.Win32.Convagent.gen;;Archivo;\\VBoxSvr\machine_malware;windows_meterpreter_reverse_http.exeUPX1UPX2;Eliminado;Troyano;Alta;Análisis heurístico;TFM-VI\V;Usuario activo
Hoy, 5/28/2026 2:39:20 AM;\\VBoxSvr\machine_malware\windows_meterpreter_reverse_http.exeUPX1UPX2;Copia de seguridad creada;Se ha creado una copia de seguridad del objeto;VHO:Trojan.Win32.Convagent.gen;;Archivo;\\VBoxSvr\machine_malware;windows_meterpreter_reverse_http.exeUPX1UPX2;Copia de seguridad creada;Troyano;Alta;Análisis heurístico;TFM-VI\V;Usuario activo
Hoy, 5/28/2026 2:39:21 AM;\\VBoxSvr\machine_malware\windows_powershell_reverse_tcp_ssl.exe;Copia de seguridad creada;Se ha creado una copia de seguridad del objeto;HEUR:Trojan.Win32.Generic;;Archivo;\\VBoxSvr\machine_malware;windows_powershell_reverse_tcp_ssl.exe;Copia de seguridad creada;Troyano;Alta;Análisis heurístico;TFM-VI\V;Usuario activo
Hoy, 5/28/2026 2:39:22 AM;\\VBoxSvr\machine_malware\windows_powershell_reverse_tcp_ssl.exe;Eliminado;Objeto eliminado;HEUR:Trojan.Win32.Generic;;Archivo;\\VBoxSvr\machine_malware;windows_powershell_reverse_tcp_ssl.exe;Eliminado;Troyano;Alta;Análisis heurístico;TFM-VI\V;Usuario activo
Hoy, 5/28/2026 2:39:23 AM;\\VBoxSvr\machine_malware\windows_meterpreter_bind_tcp.exeUPX1UPX2;Detectados;Objeto malicioso detectado;VHO:Trojan.Win32.Convagent.gen;Hash;Archivo;\\VBoxSvr\machine_malware;windows_meterpreter_bind_tcp.exeUPX1UPX2;Detectados;Troyano;Alta;Análisis heurístico;TFM-VI\V;Usuario activo
Hoy, 5/28/2026 2:39:23 AM;\\VBoxSvr\machine_malware\windows_meterpreter_bind_tcp.exeUPX1UPX2;Eliminado;Objeto eliminado;VHO:Trojan.Win32.Convagent.gen;;Archivo;\\VBoxSvr\machine_malware;windows_meterpreter_bind_tcp.exeUPX1UPX2;Eliminado;Troyano;Alta;Análisis heurístico;TFM-VI\V;Usuario activo
Hoy, 5/28/2026 2:39:23 AM;\\VBoxSvr\machine_malware\windows_meterpreter_bind_tcp.exeUPX1UPX2;Copia de seguridad creada;Se ha creado una copia de seguridad del objeto;VHO:Trojan.Win32.Convagent.gen;;Archivo;\\VBoxSvr\machine_malware;windows_meterpreter_bind_tcp.exeUPX1UPX2;Copia de seguridad creada;Troyano;Alta;Análisis heurístico;TFM-VI\V;Usuario activo
Hoy, 5/28/2026 2:39:28 AM;\\VBoxSvr\machine_malware\windows_meterpreter_reverse_tcp.exe;Detectados;Objeto malicioso detectado;HEUR:Trojan.Win32.Generic;Hash;Archivo;\\VBoxSvr\machine_malware;windows_meterpreter_reverse_tcp.exe;Detectados;Troyano;Alta;Parcial;TFM-VI\V;Usuario activo
Hoy, 5/28/2026 2:39:29 AM;\\VBoxSvr\machine_malware\windows_powershell_reverse_tcp_ssl.exeUPX0;Detectados;Objeto malicioso detectado;HEUR:Trojan.Win32.Generic;Hash;Archivo;\\VBoxSvr\machine_malware;windows_powershell_reverse_tcp_ssl.exeUPX0;Detectados;Troyano;Alta;Análisis heurístico;TFM-VI\V;Usuario activo
Hoy, 5/28/2026 2:39:28 AM;\\VBoxSvr\machine_malware\windows_meterpreter_reverse_tcp.exe;Copia de seguridad creada;Se ha creado una copia de seguridad del objeto;HEUR:Trojan.Win32.Generic;;Archivo;\\VBoxSvr\machine_malware;windows_meterpreter_reverse_tcp.exe;Copia de seguridad creada;Troyano;Alta;Parcial;TFM-VI\V;Usuario activo
Hoy, 5/28/2026 2:39:29 AM;\\VBoxSvr\machine_malware\windows_powershell_reverse_tcp_ssl.exeUPX0;Copia de seguridad creada;Se ha creado una copia de seguridad del objeto;HEUR:Trojan.Win32.Generic;;Archivo;\\VBoxSvr\machine_malware;windows_powershell_reverse_tcp_ssl.exeUPX0;Copia de seguridad creada;Troyano;Alta;Análisis heurístico;TFM-VI\V;Usuario activo
Hoy, 5/28/2026 2:39:31 AM;\\VBoxSvr\machine_malware\windows_meterpreter_reverse_tcp.exe;Eliminado;Objeto eliminado;HEUR:Trojan.Win32.Generic;;Archivo;\\VBoxSvr\machine_malware;windows_meterpreter_reverse_tcp.exe;Eliminado;Troyano;Alta;Parcial;TFM-VI\V;Usuario activo
Hoy, 5/28/2026 2:39:32 AM;\\VBoxSvr\machine_malware\windows_powershell_reverse_tcp_ssl.exeUPX0;Eliminado;Objeto eliminado;HEUR:Trojan.Win32.Generic;;Archivo;\\VBoxSvr\machine_malware;windows_powershell_reverse_tcp_ssl.exeUPX0;Eliminado;Troyano;Alta;Análisis heurístico;TFM-VI\V;Usuario activo
Hoy, 5/28/2026 2:39:32 AM;\\VBoxSvr\machine_malware\windows_shell_bind_tcp.exeUPX0;Detectados;Objeto malicioso detectado;HEUR:Trojan.Win32.Generic;Hash;Archivo;\\VBoxSvr\machine_malware;windows_shell_bind_tcp.exeUPX0;Detectados;Troyano;Alta;Parcial;TFM-VI\V;Usuario activo
Hoy, 5/28/2026 2:39:32 AM;\\VBoxSvr\machine_malware\windows_shell_bind_tcp.exeUPX0;Eliminado;Objeto eliminado;HEUR:Trojan.Win32.Generic;;Archivo;\\VBoxSvr\machine_malware;windows_shell_bind_tcp.exeUPX0;Eliminado;Troyano;Alta;Parcial;TFM-VI\V;Usuario activo
Hoy, 5/28/2026 2:39:32 AM;\\VBoxSvr\machine_malware\windows_shell_bind_tcp.exeUPX0;Copia de seguridad creada;Se ha creado una copia de seguridad del objeto;HEUR:Trojan.Win32.Generic;;Archivo;\\VBoxSvr\machine_malware;windows_shell_bind_tcp.exeUPX0;Copia de seguridad creada;Troyano;Alta;Parcial;TFM-VI\V;Usuario activo
Hoy, 5/28/2026 2:39:34 AM;\\VBoxSvr\machine_malware\windows_shell_bind_hidden_ipknock_tcp.exeUPX0UPX1UPX2;Detectados;Objeto malicioso detectado;VHO:Trojan.Win32.Convagent.gen;Hash;Archivo;\\VBoxSvr\machine_malware;windows_shell_bind_hidden_ipknock_tcp.exeUPX0UPX1UPX2;Detectados;Troyano;Alta;Análisis heurístico;TFM-VI\V;Usuario activo
Hoy, 5/28/2026 2:39:34 AM;\\VBoxSvr\machine_malware\windows_pingback_bind_tcp.exeUPX0UPX1UPX2;Detectados;Objeto malicioso detectado;VHO:Trojan.Win32.Convagent.gen;Hash;Archivo;\\VBoxSvr\machine_malware;windows_pingback_bind_tcp.exeUPX0UPX1UPX2;Detectados;Troyano;Alta;Análisis heurístico;TFM-VI\V;Usuario activo
Hoy, 5/28/2026 2:39:35 AM;\\VBoxSvr\machine_malware\windows_shell_reverse_tcp_rc4.exeUPX0;Detectados;Objeto malicioso detectado;HEUR:Trojan.Win32.Generic;Hash;Archivo;\\VBoxSvr\machine_malware;windows_shell_reverse_tcp_rc4.exeUPX0;Detectados;Troyano;Alta;Parcial;TFM-VI\V;Usuario activo
Hoy, 5/28/2026 2:39:34 AM;\\VBoxSvr\machine_malware\windows_shell_bind_hidden_ipknock_tcp.exeUPX0UPX1UPX2;Eliminado;Objeto eliminado;VHO:Trojan.Win32.Convagent.gen;;Archivo;\\VBoxSvr\machine_malware;windows_shell_bind_hidden_ipknock_tcp.exeUPX0UPX1UPX2;Eliminado;Troyano;Alta;Análisis heurístico;TFM-VI\V;Usuario activo
Hoy, 5/28/2026 2:39:34 AM;\\VBoxSvr\machine_malware\windows_pingback_bind_tcp.exeUPX0UPX1UPX2;Eliminado;Objeto eliminado;VHO:Trojan.Win32.Convagent.gen;;Archivo;\\VBoxSvr\machine_malware;windows_pingback_bind_tcp.exeUPX0UPX1UPX2;Eliminado;Troyano;Alta;Análisis heurístico;TFM-VI\V;Usuario activo
Hoy, 5/28/2026 2:39:35 AM;\\VBoxSvr\machine_malware\windows_shell_reverse_tcp_rc4.exeUPX0;Eliminado;Objeto eliminado;HEUR:Trojan.Win32.Generic;;Archivo;\\VBoxSvr\machine_malware;windows_shell_reverse_tcp_rc4.exeUPX0;Eliminado;Troyano;Alta;Parcial;TFM-VI\V;Usuario activo
Hoy, 5/28/2026 2:39:34 AM;\\VBoxSvr\machine_malware\windows_shell_bind_hidden_ipknock_tcp.exeUPX0UPX1UPX2;Copia de seguridad creada;Se ha creado una copia de seguridad del objeto;VHO:Trojan.Win32.Convagent.gen;;Archivo;\\VBoxSvr\machine_malware;windows_shell_bind_hidden_ipknock_tcp.exeUPX0UPX1UPX2;Copia de seguridad creada;Troyano;Alta;Análisis heurístico;TFM-VI\V;Usuario activo
Hoy, 5/28/2026 2:39:34 AM;\\VBoxSvr\machine_malware\windows_pingback_bind_tcp.exeUPX0UPX1UPX2;Copia de seguridad creada;Se ha creado una copia de seguridad del objeto;VHO:Trojan.Win32.Convagent.gen;;Archivo;\\VBoxSvr\machine_malware;windows_pingback_bind_tcp.exeUPX0UPX1UPX2;Copia de seguridad creada;Troyano;Alta;Análisis heurístico;TFM-VI\V;Usuario activo
Hoy, 5/28/2026 2:39:35 AM;\\VBoxSvr\machine_malware\windows_shell_reverse_tcp_rc4.exeUPX0;Copia de seguridad creada;Se ha creado una copia de seguridad del objeto;HEUR:Trojan.Win32.Generic;;Archivo;\\VBoxSvr\machine_malware;windows_shell_reverse_tcp_rc4.exeUPX0;Copia de seguridad creada;Troyano;Alta;Parcial;TFM-VI\V;Usuario activo
Hoy, 5/28/2026 2:39:35 AM;\\VBoxSvr\machine_malware\windows_meterpreter_reverse_https.exeUPX0UPX1UPX2;Detectados;Objeto malicioso detectado;VHO:Trojan.Win32.Convagent.gen;Hash;Archivo;\\VBoxSvr\machine_malware;windows_meterpreter_reverse_https.exeUPX0UPX1UPX2;Detectados;Troyano;Alta;Análisis heurístico;TFM-VI\V;Usuario activo
Hoy, 5/28/2026 2:39:36 AM;\\VBoxSvr\machine_malware\windows_exec.exeUPX0UPX1UPX2;Detectados;Objeto malicioso detectado;VHO:Trojan.Win32.Convagent.gen;Hash;Archivo;\\VBoxSvr\machine_malware;windows_exec.exeUPX0UPX1UPX2;Detectados;Troyano;Alta;Análisis heurístico;TFM-VI\V;Usuario activo
Hoy, 5/28/2026 2:39:36 AM;\\VBoxSvr\machine_malware\windows_meterpreter_bind_tcp.exeUPX0UPX1UPX2;Detectados;Objeto malicioso detectado;VHO:Trojan.Win32.Convagent.gen;Hash;Archivo;\\VBoxSvr\machine_malware;windows_meterpreter_bind_tcp.exeUPX0UPX1UPX2;Detectados;Troyano;Alta;Análisis heurístico;TFM-VI\V;Usuario activo
Hoy, 5/28/2026 2:39:36 AM;\\VBoxSvr\machine_malware\windows_meterpreter_reverse_https.exeUPX0UPX1UPX2;Eliminado;Objeto eliminado;VHO:Trojan.Win32.Convagent.gen;;Archivo;\\VBoxSvr\machine_malware;windows_meterpreter_reverse_https.exeUPX0UPX1UPX2;Eliminado;Troyano;Alta;Análisis heurístico;TFM-VI\V;Usuario activo
Hoy, 5/28/2026 2:39:36 AM;\\VBoxSvr\machine_malware\windows_exec.exeUPX0UPX1UPX2;Eliminado;Objeto eliminado;VHO:Trojan.Win32.Convagent.gen;;Archivo;\\VBoxSvr\machine_malware;windows_exec.exeUPX0UPX1UPX2;Eliminado;Troyano;Alta;Análisis heurístico;TFM-VI\V;Usuario activo
Hoy, 5/28/2026 2:39:36 AM;\\VBoxSvr\machine_malware\windows_meterpreter_bind_tcp.exeUPX0UPX1UPX2;Eliminado;Objeto eliminado;VHO:Trojan.Win32.Convagent.gen;;Archivo;\\VBoxSvr\machine_malware;windows_meterpreter_bind_tcp.exeUPX0UPX1UPX2;Eliminado;Troyano;Alta;Análisis heurístico;TFM-VI\V;Usuario activo
Hoy, 5/28/2026 2:39:35 AM;\\VBoxSvr\machine_malware\windows_meterpreter_reverse_https.exeUPX0UPX1UPX2;Copia de seguridad creada;Se ha creado una copia de seguridad del objeto;VHO:Trojan.Win32.Convagent.gen;;Archivo;\\VBoxSvr\machine_malware;windows_meterpreter_reverse_https.exeUPX0UPX1UPX2;Copia de seguridad creada;Troyano;Alta;Análisis heurístico;TFM-VI\V;Usuario activo
Hoy, 5/28/2026 2:39:36 AM;\\VBoxSvr\machine_malware\windows_exec.exeUPX0UPX1UPX2;Copia de seguridad creada;Se ha creado una copia de seguridad del objeto;VHO:Trojan.Win32.Convagent.gen;;Archivo;\\VBoxSvr\machine_malware;windows_exec.exeUPX0UPX1UPX2;Copia de seguridad creada;Troyano;Alta;Análisis heurístico;TFM-VI\V;Usuario activo
Hoy, 5/28/2026 2:39:36 AM;\\VBoxSvr\machine_malware\windows_meterpreter_bind_tcp.exeUPX0UPX1UPX2;Copia de seguridad creada;Se ha creado una copia de seguridad del objeto;VHO:Trojan.Win32.Convagent.gen;;Archivo;\\VBoxSvr\machine_malware;windows_meterpreter_bind_tcp.exeUPX0UPX1UPX2;Copia de seguridad creada;Troyano;Alta;Análisis heurístico;TFM-VI\V;Usuario activo
Hoy, 5/28/2026 2:39:37 AM;\\VBoxSvr\machine_malware\windows_powershell_reverse_tcp_ssl.exeUPX2;Detectados;Objeto malicioso detectado;HEUR:Trojan.Win32.Generic;Hash;Archivo;\\VBoxSvr\machine_malware;windows_powershell_reverse_tcp_ssl.exeUPX2;Detectados;Troyano;Alta;Análisis heurístico;TFM-VI\V;Usuario activo
Hoy, 5/28/2026 2:39:37 AM;\\VBoxSvr\machine_malware\windows_pingback_bind_tcp.exeUPX0;Detectados;Objeto malicioso detectado;HEUR:Trojan.Win32.Generic;Hash;Archivo;\\VBoxSvr\machine_malware;windows_pingback_bind_tcp.exeUPX0;Detectados;Troyano;Alta;Parcial;TFM-VI\V;Usuario activo
Hoy, 5/28/2026 2:39:37 AM;\\VBoxSvr\machine_malware\windows_shell_bind_hidden_ipknock_tcp.exeUPX1UPX2;Detectados;Objeto malicioso detectado;VHO:Trojan.Win32.Convagent.gen;Hash;Archivo;\\VBoxSvr\machine_malware;windows_shell_bind_hidden_ipknock_tcp.exeUPX1UPX2;Detectados;Troyano;Alta;Análisis heurístico;TFM-VI\V;Usuario activo
Hoy, 5/28/2026 2:39:37 AM;\\VBoxSvr\machine_malware\windows_pingback_bind_tcp.exeUPX0;Eliminado;Objeto eliminado;HEUR:Trojan.Win32.Generic;;Archivo;\\VBoxSvr\machine_malware;windows_pingback_bind_tcp.exeUPX0;Eliminado;Troyano;Alta;Parcial;TFM-VI\V;Usuario activo
Hoy, 5/28/2026 2:39:37 AM;\\VBoxSvr\machine_malware\windows_powershell_reverse_tcp_ssl.exeUPX2;Eliminado;Objeto eliminado;HEUR:Trojan.Win32.Generic;;Archivo;\\VBoxSvr\machine_malware;windows_powershell_reverse_tcp_ssl.exeUPX2;Eliminado;Troyano;Alta;Análisis heurístico;TFM-VI\V;Usuario activo
Hoy, 5/28/2026 2:39:37 AM;\\VBoxSvr\machine_malware\windows_shell_bind_hidden_ipknock_tcp.exeUPX1UPX2;Eliminado;Objeto eliminado;VHO:Trojan.Win32.Convagent.gen;;Archivo;\\VBoxSvr\machine_malware;windows_shell_bind_hidden_ipknock_tcp.exeUPX1UPX2;Eliminado;Troyano;Alta;Análisis heurístico;TFM-VI\V;Usuario activo
Hoy, 5/28/2026 2:39:37 AM;\\VBoxSvr\machine_malware\windows_powershell_reverse_tcp_ssl.exeUPX2;Copia de seguridad creada;Se ha creado una copia de seguridad del objeto;HEUR:Trojan.Win32.Generic;;Archivo;\\VBoxSvr\machine_malware;windows_powershell_reverse_tcp_ssl.exeUPX2;Copia de seguridad creada;Troyano;Alta;Análisis heurístico;TFM-VI\V;Usuario activo
Hoy, 5/28/2026 2:39:37 AM;\\VBoxSvr\machine_malware\windows_pingback_bind_tcp.exeUPX0;Copia de seguridad creada;Se ha creado una copia de seguridad del objeto;HEUR:Trojan.Win32.Generic;;Archivo;\\VBoxSvr\machine_malware;windows_pingback_bind_tcp.exeUPX0;Copia de seguridad creada;Troyano;Alta;Parcial;TFM-VI\V;Usuario activo
Hoy, 5/28/2026 2:39:37 AM;\\VBoxSvr\machine_malware\windows_shell_bind_hidden_ipknock_tcp.exeUPX1UPX2;Copia de seguridad creada;Se ha creado una copia de seguridad del objeto;VHO:Trojan.Win32.Convagent.gen;;Archivo;\\VBoxSvr\machine_malware;windows_shell_bind_hidden_ipknock_tcp.exeUPX1UPX2;Copia de seguridad creada;Troyano;Alta;Análisis heurístico;TFM-VI\V;Usuario activo
Hoy, 5/28/2026 2:39:38 AM;\\VBoxSvr\machine_malware\windows_pingback_reverse_tcp.exeUPX0UPX1UPX2;Detectados;Objeto malicioso detectado;VHO:Trojan.Win32.Convagent.gen;Hash;Archivo;\\VBoxSvr\machine_malware;windows_pingback_reverse_tcp.exeUPX0UPX1UPX2;Detectados;Troyano;Alta;Análisis heurístico;TFM-VI\V;Usuario activo
Hoy, 5/28/2026 2:39:38 AM;\\VBoxSvr\machine_malware\windows_exec.exeUPX1UPX2;Detectados;Objeto malicioso detectado;VHO:Trojan.Win32.Convagent.gen;Hash;Archivo;\\VBoxSvr\machine_malware;windows_exec.exeUPX1UPX2;Detectados;Troyano;Alta;Análisis heurístico;TFM-VI\V;Usuario activo
Hoy, 5/28/2026 2:39:38 AM;\\VBoxSvr\machine_malware\windows_pingback_bind_tcp.exeUPX2;Detectados;Objeto malicioso detectado;HEUR:Trojan.Win32.Generic;Hash;Archivo;\\VBoxSvr\machine_malware;windows_pingback_bind_tcp.exeUPX2;Detectados;Troyano;Alta;Parcial;TFM-VI\V;Usuario activo
Hoy, 5/28/2026 2:39:38 AM;\\VBoxSvr\machine_malware\windows_pingback_reverse_tcp.exeUPX0UPX1UPX2;Eliminado;Objeto eliminado;VHO:Trojan.Win32.Convagent.gen;;Archivo;\\VBoxSvr\machine_malware;windows_pingback_reverse_tcp.exeUPX0UPX1UPX2;Eliminado;Troyano;Alta;Análisis heurístico;TFM-VI\V;Usuario activo
Hoy, 5/28/2026 2:39:38 AM;\\VBoxSvr\machine_malware\windows_exec.exeUPX1UPX2;Eliminado;Objeto eliminado;VHO:Trojan.Win32.Convagent.gen;;Archivo;\\VBoxSvr\machine_malware;windows_exec.exeUPX1UPX2;Eliminado;Troyano;Alta;Análisis heurístico;TFM-VI\V;Usuario activo
Hoy, 5/28/2026 2:39:38 AM;\\VBoxSvr\machine_malware\windows_pingback_bind_tcp.exeUPX2;Eliminado;Objeto eliminado;HEUR:Trojan.Win32.Generic;;Archivo;\\VBoxSvr\machine_malware;windows_pingback_bind_tcp.exeUPX2;Eliminado;Troyano;Alta;Parcial;TFM-VI\V;Usuario activo
Hoy, 5/28/2026 2:39:38 AM;\\VBoxSvr\machine_malware\windows_pingback_reverse_tcp.exeUPX0UPX1UPX2;Copia de seguridad creada;Se ha creado una copia de seguridad del objeto;VHO:Trojan.Win32.Convagent.gen;;Archivo;\\VBoxSvr\machine_malware;windows_pingback_reverse_tcp.exeUPX0UPX1UPX2;Copia de seguridad creada;Troyano;Alta;Análisis heurístico;TFM-VI\V;Usuario activo
Hoy, 5/28/2026 2:39:38 AM;\\VBoxSvr\machine_malware\windows_exec.exeUPX1UPX2;Copia de seguridad creada;Se ha creado una copia de seguridad del objeto;VHO:Trojan.Win32.Convagent.gen;;Archivo;\\VBoxSvr\machine_malware;windows_exec.exeUPX1UPX2;Copia de seguridad creada;Troyano;Alta;Análisis heurístico;TFM-VI\V;Usuario activo
Hoy, 5/28/2026 2:39:38 AM;\\VBoxSvr\machine_malware\windows_pingback_bind_tcp.exeUPX2;Copia de seguridad creada;Se ha creado una copia de seguridad del objeto;HEUR:Trojan.Win32.Generic;;Archivo;\\VBoxSvr\machine_malware;windows_pingback_bind_tcp.exeUPX2;Copia de seguridad creada;Troyano;Alta;Parcial;TFM-VI\V;Usuario activo
Hoy, 5/28/2026 2:39:44 AM;\\VBoxSvr\machine_malware\windows_meterpreter_reverse_tcp.exeUPX2;Detectados;Objeto malicioso detectado;HEUR:Trojan.Win32.Generic;Hash;Archivo;\\VBoxSvr\machine_malware;windows_meterpreter_reverse_tcp.exeUPX2;Detectados;Troyano;Alta;Parcial;TFM-VI\V;Usuario activo
Hoy, 5/28/2026 2:39:44 AM;\\VBoxSvr\machine_malware\windows_meterpreter_reverse_tcp.exeUPX2;Eliminado;Objeto eliminado;HEUR:Trojan.Win32.Generic;;Archivo;\\VBoxSvr\machine_malware;windows_meterpreter_reverse_tcp.exeUPX2;Eliminado;Troyano;Alta;Parcial;TFM-VI\V;Usuario activo
Hoy, 5/28/2026 2:39:44 AM;\\VBoxSvr\machine_malware\windows_meterpreter_reverse_tcp.exeUPX2;Copia de seguridad creada;Se ha creado una copia de seguridad del objeto;HEUR:Trojan.Win32.Generic;;Archivo;\\VBoxSvr\machine_malware;windows_meterpreter_reverse_tcp.exeUPX2;Copia de seguridad creada;Troyano;Alta;Parcial;TFM-VI\V;Usuario activo
Hoy, 5/28/2026 2:39:45 AM;\\VBoxSvr\machine_malware\windows_shell_reverse_tcp_rc4.exeUPX2;Detectados;Objeto malicioso detectado;HEUR:Trojan.Win32.Generic;Hash;Archivo;\\VBoxSvr\machine_malware;windows_shell_reverse_tcp_rc4.exeUPX2;Detectados;Troyano;Alta;Parcial;TFM-VI\V;Usuario activo
Hoy, 5/28/2026 2:39:45 AM;\\VBoxSvr\machine_malware\windows_shell_reverse_tcp_rc4.exeUPX2;Copia de seguridad creada;Se ha creado una copia de seguridad del objeto;HEUR:Trojan.Win32.Generic;;Archivo;\\VBoxSvr\machine_malware;windows_shell_reverse_tcp_rc4.exeUPX2;Copia de seguridad creada;Troyano;Alta;Parcial;TFM-VI\V;Usuario activo
Hoy, 5/28/2026 2:39:47 AM;\\VBoxSvr\machine_malware\windows_shell_hidden_bind_tcp.exeUPX0UPX1UPX2;Detectados;Objeto malicioso detectado;VHO:Trojan.Win32.Convagent.gen;Hash;Archivo;\\VBoxSvr\machine_malware;windows_shell_hidden_bind_tcp.exeUPX0UPX1UPX2;Detectados;Troyano;Alta;Análisis heurístico;TFM-VI\V;Usuario activo
Hoy, 5/28/2026 2:39:46 AM;\\VBoxSvr\machine_malware\windows_shell_reverse_tcp_rc4.exeUPX2;Eliminado;Objeto eliminado;HEUR:Trojan.Win32.Generic;;Archivo;\\VBoxSvr\machine_malware;windows_shell_reverse_tcp_rc4.exeUPX2;Eliminado;Troyano;Alta;Parcial;TFM-VI\V;Usuario activo
Hoy, 5/28/2026 2:39:47 AM;\\VBoxSvr\machine_malware\windows_shell_hidden_bind_tcp.exeUPX0UPX1UPX2;Eliminado;Objeto eliminado;VHO:Trojan.Win32.Convagent.gen;;Archivo;\\VBoxSvr\machine_malware;windows_shell_hidden_bind_tcp.exeUPX0UPX1UPX2;Eliminado;Troyano;Alta;Análisis heurístico;TFM-VI\V;Usuario activo
Hoy, 5/28/2026 2:39:47 AM;\\VBoxSvr\machine_malware\windows_shell_hidden_bind_tcp.exeUPX0UPX1UPX2;Copia de seguridad creada;Se ha creado una copia de seguridad del objeto;VHO:Trojan.Win32.Convagent.gen;;Archivo;\\VBoxSvr\machine_malware;windows_shell_hidden_bind_tcp.exeUPX0UPX1UPX2;Copia de seguridad creada;Troyano;Alta;Análisis heurístico;TFM-VI\V;Usuario activo
Hoy, 5/28/2026 2:39:48 AM;\\VBoxSvr\machine_malware\windows_meterpreter_bind_tcp.exeUPX2;Detectados;Objeto malicioso detectado;HEUR:Trojan.Win32.Generic;Hash;Archivo;\\VBoxSvr\machine_malware;windows_meterpreter_bind_tcp.exeUPX2;Detectados;Troyano;Alta;Parcial;TFM-VI\V;Usuario activo
Hoy, 5/28/2026 2:39:48 AM;\\VBoxSvr\machine_malware\windows_encrypted_shell_reverse_tcp.exeUPX0;Detectados;Objeto malicioso detectado;HEUR:Trojan.Win32.Generic;Hash;Archivo;\\VBoxSvr\machine_malware;windows_encrypted_shell_reverse_tcp.exeUPX0;Detectados;Troyano;Alta;Parcial;TFM-VI\V;Usuario activo
Hoy, 5/28/2026 2:39:48 AM;\\VBoxSvr\machine_malware\windows_meterpreter_bind_tcp.exeUPX2;Eliminado;Objeto eliminado;HEUR:Trojan.Win32.Generic;;Archivo;\\VBoxSvr\machine_malware;windows_meterpreter_bind_tcp.exeUPX2;Eliminado;Troyano;Alta;Parcial;TFM-VI\V;Usuario activo
Hoy, 5/28/2026 2:39:48 AM;\\VBoxSvr\machine_malware\windows_meterpreter_bind_tcp.exeUPX2;Copia de seguridad creada;Se ha creado una copia de seguridad del objeto;HEUR:Trojan.Win32.Generic;;Archivo;\\VBoxSvr\machine_malware;windows_meterpreter_bind_tcp.exeUPX2;Copia de seguridad creada;Troyano;Alta;Parcial;TFM-VI\V;Usuario activo
Hoy, 5/28/2026 2:39:48 AM;\\VBoxSvr\machine_malware\windows_encrypted_shell_reverse_tcp.exeUPX0;Copia de seguridad creada;Se ha creado una copia de seguridad del objeto;HEUR:Trojan.Win32.Generic;;Archivo;\\VBoxSvr\machine_malware;windows_encrypted_shell_reverse_tcp.exeUPX0;Copia de seguridad creada;Troyano;Alta;Parcial;TFM-VI\V;Usuario activo
Hoy, 5/28/2026 2:39:49 AM;\\VBoxSvr\machine_malware\windows_shell_bind_tcp.exe;Detectados;Objeto malicioso detectado;HEUR:Trojan.Win32.Generic;Hash;Archivo;\\VBoxSvr\machine_malware;windows_shell_bind_tcp.exe;Detectados;Troyano;Alta;Parcial;TFM-VI\V;Usuario activo
Hoy, 5/28/2026 2:39:48 AM;\\VBoxSvr\machine_malware\windows_encrypted_shell_reverse_tcp.exeUPX0;Eliminado;Objeto eliminado;HEUR:Trojan.Win32.Generic;;Archivo;\\VBoxSvr\machine_malware;windows_encrypted_shell_reverse_tcp.exeUPX0;Eliminado;Troyano;Alta;Parcial;TFM-VI\V;Usuario activo
Hoy, 5/28/2026 2:39:49 AM;\\VBoxSvr\machine_malware\windows_shell_bind_tcp.exe;Eliminado;Objeto eliminado;HEUR:Trojan.Win32.Generic;;Archivo;\\VBoxSvr\machine_malware;windows_shell_bind_tcp.exe;Eliminado;Troyano;Alta;Parcial;TFM-VI\V;Usuario activo
Hoy, 5/28/2026 2:39:49 AM;\\VBoxSvr\machine_malware\windows_shell_bind_tcp.exe;Copia de seguridad creada;Se ha creado una copia de seguridad del objeto;HEUR:Trojan.Win32.Generic;;Archivo;\\VBoxSvr\machine_malware;windows_shell_bind_tcp.exe;Copia de seguridad creada;Troyano;Alta;Parcial;TFM-VI\V;Usuario activo
Hoy, 5/28/2026 2:39:49 AM;\\VBoxSvr\machine_malware\windows_meterpreter_reverse_https.exeUPX2;Detectados;Objeto malicioso detectado;HEUR:Trojan.Win32.Generic;Hash;Archivo;\\VBoxSvr\machine_malware;windows_meterpreter_reverse_https.exeUPX2;Detectados;Troyano;Alta;Parcial;TFM-VI\V;Usuario activo
Hoy, 5/28/2026 2:39:50 AM;\\VBoxSvr\machine_malware\windows_pingback_bind_tcp.exeUPX0UPX2;Detectados;Objeto malicioso detectado;HEUR:Trojan.Win32.Generic;Hash;Archivo;\\VBoxSvr\machine_malware;windows_pingback_bind_tcp.exeUPX0UPX2;Detectados;Troyano;Alta;Parcial;TFM-VI\V;Usuario activo
Hoy, 5/28/2026 2:39:50 AM;\\VBoxSvr\machine_malware\windows_meterpreter_reverse_https.exeUPX2;Eliminado;Objeto eliminado;HEUR:Trojan.Win32.Generic;;Archivo;\\VBoxSvr\machine_malware;windows_meterpreter_reverse_https.exeUPX2;Eliminado;Troyano;Alta;Parcial;TFM-VI\V;Usuario activo
Hoy, 5/28/2026 2:39:50 AM;\\VBoxSvr\machine_malware\windows_pingback_bind_tcp.exeUPX0UPX2;Eliminado;Objeto eliminado;HEUR:Trojan.Win32.Generic;;Archivo;\\VBoxSvr\machine_malware;windows_pingback_bind_tcp.exeUPX0UPX2;Eliminado;Troyano;Alta;Parcial;TFM-VI\V;Usuario activo
Hoy, 5/28/2026 2:39:49 AM;\\VBoxSvr\machine_malware\windows_meterpreter_reverse_https.exeUPX2;Copia de seguridad creada;Se ha creado una copia de seguridad del objeto;HEUR:Trojan.Win32.Generic;;Archivo;\\VBoxSvr\machine_malware;windows_meterpreter_reverse_https.exeUPX2;Copia de seguridad creada;Troyano;Alta;Parcial;TFM-VI\V;Usuario activo
Hoy, 5/28/2026 2:39:50 AM;\\VBoxSvr\machine_malware\windows_pingback_bind_tcp.exeUPX0UPX2;Copia de seguridad creada;Se ha creado una copia de seguridad del objeto;HEUR:Trojan.Win32.Generic;;Archivo;\\VBoxSvr\machine_malware;windows_pingback_bind_tcp.exeUPX0UPX2;Copia de seguridad creada;Troyano;Alta;Parcial;TFM-VI\V;Usuario activo
Hoy, 5/28/2026 2:39:52 AM;\\VBoxSvr\machine_malware\windows_exec.exeUPX0;Detectados;Objeto malicioso detectado;HEUR:Trojan.Win32.Generic;Hash;Archivo;\\VBoxSvr\machine_malware;windows_exec.exeUPX0;Detectados;Troyano;Alta;Análisis heurístico;TFM-VI\V;Usuario activo
Hoy, 5/28/2026 2:39:52 AM;\\VBoxSvr\machine_malware\windows_exec.exeUPX0;Copia de seguridad creada;Se ha creado una copia de seguridad del objeto;HEUR:Trojan.Win32.Generic;;Archivo;\\VBoxSvr\machine_malware;windows_exec.exeUPX0;Copia de seguridad creada;Troyano;Alta;Análisis heurístico;TFM-VI\V;Usuario activo
Hoy, 5/28/2026 2:39:52 AM;\\VBoxSvr\machine_malware\windows_exec.exeUPX2;Detectados;Objeto malicioso detectado;HEUR:Trojan.Win32.Generic;Hash;Archivo;\\VBoxSvr\machine_malware;windows_exec.exeUPX2;Detectados;Troyano;Alta;Análisis heurístico;TFM-VI\V;Usuario activo
Hoy, 5/28/2026 2:39:53 AM;\\VBoxSvr\machine_malware\windows_shell_bind_tcp.exeUPX2;Detectados;Objeto malicioso detectado;HEUR:Trojan.Win32.Generic;Hash;Archivo;\\VBoxSvr\machine_malware;windows_shell_bind_tcp.exeUPX2;Detectados;Troyano;Alta;Parcial;TFM-VI\V;Usuario activo
Hoy, 5/28/2026 2:39:52 AM;\\VBoxSvr\machine_malware\windows_exec.exeUPX0;Eliminado;Objeto eliminado;HEUR:Trojan.Win32.Generic;;Archivo;\\VBoxSvr\machine_malware;windows_exec.exeUPX0;Eliminado;Troyano;Alta;Análisis heurístico;TFM-VI\V;Usuario activo
Hoy, 5/28/2026 2:39:52 AM;\\VBoxSvr\machine_malware\windows_exec.exeUPX2;Eliminado;Objeto eliminado;HEUR:Trojan.Win32.Generic;;Archivo;\\VBoxSvr\machine_malware;windows_exec.exeUPX2;Eliminado;Troyano;Alta;Análisis heurístico;TFM-VI\V;Usuario activo
Hoy, 5/28/2026 2:39:52 AM;\\VBoxSvr\machine_malware\windows_exec.exeUPX2;Copia de seguridad creada;Se ha creado una copia de seguridad del objeto;HEUR:Trojan.Win32.Generic;;Archivo;\\VBoxSvr\machine_malware;windows_exec.exeUPX2;Copia de seguridad creada;Troyano;Alta;Análisis heurístico;TFM-VI\V;Usuario activo
Hoy, 5/28/2026 2:39:53 AM;\\VBoxSvr\machine_malware\windows_shell_bind_tcp.exeUPX2;Copia de seguridad creada;Se ha creado una copia de seguridad del objeto;HEUR:Trojan.Win32.Generic;;Archivo;\\VBoxSvr\machine_malware;windows_shell_bind_tcp.exeUPX2;Copia de seguridad creada;Troyano;Alta;Parcial;TFM-VI\V;Usuario activo
Hoy, 5/28/2026 2:39:53 AM;\\VBoxSvr\machine_malware\windows_powershell_reverse_tcp.exeUPX1UPX2;Detectados;Objeto malicioso detectado;VHO:Trojan.Win32.Convagent.gen;Hash;Archivo;\\VBoxSvr\machine_malware;windows_powershell_reverse_tcp.exeUPX1UPX2;Detectados;Troyano;Alta;Análisis heurístico;TFM-VI\V;Usuario activo
Hoy, 5/28/2026 2:39:53 AM;\\VBoxSvr\machine_malware\windows_shell_bind_tcp.exeUPX2;Eliminado;Objeto eliminado;HEUR:Trojan.Win32.Generic;;Archivo;\\VBoxSvr\machine_malware;windows_shell_bind_tcp.exeUPX2;Eliminado;Troyano;Alta;Parcial;TFM-VI\V;Usuario activo
Hoy, 5/28/2026 2:39:53 AM;\\VBoxSvr\machine_malware\windows_powershell_reverse_tcp.exeUPX1UPX2;Eliminado;Objeto eliminado;VHO:Trojan.Win32.Convagent.gen;;Archivo;\\VBoxSvr\machine_malware;windows_powershell_reverse_tcp.exeUPX1UPX2;Eliminado;Troyano;Alta;Análisis heurístico;TFM-VI\V;Usuario activo
Hoy, 5/28/2026 2:39:53 AM;\\VBoxSvr\machine_malware\windows_powershell_reverse_tcp.exeUPX1UPX2;Copia de seguridad creada;Se ha creado una copia de seguridad del objeto;VHO:Trojan.Win32.Convagent.gen;;Archivo;\\VBoxSvr\machine_malware;windows_powershell_reverse_tcp.exeUPX1UPX2;Copia de seguridad creada;Troyano;Alta;Análisis heurístico;TFM-VI\V;Usuario activo
Hoy, 5/28/2026 2:39:54 AM;\\VBoxSvr\machine_malware\windows_meterpreter_reverse_https.exeUPX1UPX2;Detectados;Objeto malicioso detectado;VHO:Trojan.Win32.Convagent.gen;Hash;Archivo;\\VBoxSvr\machine_malware;windows_meterpreter_reverse_https.exeUPX1UPX2;Detectados;Troyano;Alta;Análisis heurístico;TFM-VI\V;Usuario activo
Hoy, 5/28/2026 2:39:54 AM;\\VBoxSvr\machine_malware\windows_powershell_reverse_tcp.exeUPX0UPX1UPX2;Detectados;Objeto malicioso detectado;VHO:Trojan.Win32.Convagent.gen;Hash;Archivo;\\VBoxSvr\machine_malware;windows_powershell_reverse_tcp.exeUPX0UPX1UPX2;Detectados;Troyano;Alta;Análisis heurístico;TFM-VI\V;Usuario activo
Hoy, 5/28/2026 2:39:54 AM;\\VBoxSvr\machine_malware\windows_meterpreter_reverse_https.exeUPX1UPX2;Eliminado;Objeto eliminado;VHO:Trojan.Win32.Convagent.gen;;Archivo;\\VBoxSvr\machine_malware;windows_meterpreter_reverse_https.exeUPX1UPX2;Eliminado;Troyano;Alta;Análisis heurístico;TFM-VI\V;Usuario activo
Hoy, 5/28/2026 2:39:54 AM;\\VBoxSvr\machine_malware\windows_powershell_reverse_tcp.exeUPX0UPX1UPX2;Eliminado;Objeto eliminado;VHO:Trojan.Win32.Convagent.gen;;Archivo;\\VBoxSvr\machine_malware;windows_powershell_reverse_tcp.exeUPX0UPX1UPX2;Eliminado;Troyano;Alta;Análisis heurístico;TFM-VI\V;Usuario activo
Hoy, 5/28/2026 2:39:54 AM;\\VBoxSvr\machine_malware\windows_meterpreter_reverse_https.exeUPX1UPX2;Copia de seguridad creada;Se ha creado una copia de seguridad del objeto;VHO:Trojan.Win32.Convagent.gen;;Archivo;\\VBoxSvr\machine_malware;windows_meterpreter_reverse_https.exeUPX1UPX2;Copia de seguridad creada;Troyano;Alta;Análisis heurístico;TFM-VI\V;Usuario activo
Hoy, 5/28/2026 2:39:54 AM;\\VBoxSvr\machine_malware\windows_powershell_reverse_tcp.exeUPX0UPX1UPX2;Copia de seguridad creada;Se ha creado una copia de seguridad del objeto;VHO:Trojan.Win32.Convagent.gen;;Archivo;\\VBoxSvr\machine_malware;windows_powershell_reverse_tcp.exeUPX0UPX1UPX2;Copia de seguridad creada;Troyano;Alta;Análisis heurístico;TFM-VI\V;Usuario activo
Hoy, 5/28/2026 2:39:55 AM;\\VBoxSvr\machine_malware\windows_shell_hidden_bind_tcp.exeUPX2;Detectados;Objeto malicioso detectado;HEUR:Trojan.Win32.Generic;Hash;Archivo;\\VBoxSvr\machine_malware;windows_shell_hidden_bind_tcp.exeUPX2;Detectados;Troyano;Alta;Parcial;TFM-VI\V;Usuario activo
Hoy, 5/28/2026 2:39:56 AM;\\VBoxSvr\machine_malware\windows_shell_bind_hidden_ipknock_tcp.exe;Detectados;Objeto malicioso detectado;HEUR:Trojan.Win32.Generic;Hash;Archivo;\\VBoxSvr\machine_malware;windows_shell_bind_hidden_ipknock_tcp.exe;Detectados;Troyano;Alta;Parcial;TFM-VI\V;Usuario activo
Hoy, 5/28/2026 2:39:55 AM;\\VBoxSvr\machine_malware\windows_shell_hidden_bind_tcp.exeUPX2;Copia de seguridad creada;Se ha creado una copia de seguridad del objeto;HEUR:Trojan.Win32.Generic;;Archivo;\\VBoxSvr\machine_malware;windows_shell_hidden_bind_tcp.exeUPX2;Copia de seguridad creada;Troyano;Alta;Parcial;TFM-VI\V;Usuario activo
Hoy, 5/28/2026 2:39:56 AM;\\VBoxSvr\machine_malware\windows_shell_bind_hidden_ipknock_tcp.exe;Copia de seguridad creada;Se ha creado una copia de seguridad del objeto;HEUR:Trojan.Win32.Generic;;Archivo;\\VBoxSvr\machine_malware;windows_shell_bind_hidden_ipknock_tcp.exe;Copia de seguridad creada;Troyano;Alta;Parcial;TFM-VI\V;Usuario activo
Hoy, 5/28/2026 2:39:56 AM;\\VBoxSvr\machine_malware\windows_shell_hidden_bind_tcp.exeUPX2;Eliminado;Objeto eliminado;HEUR:Trojan.Win32.Generic;;Archivo;\\VBoxSvr\machine_malware;windows_shell_hidden_bind_tcp.exeUPX2;Eliminado;Troyano;Alta;Parcial;TFM-VI\V;Usuario activo
Hoy, 5/28/2026 2:39:56 AM;\\VBoxSvr\machine_malware\windows_shell_bind_hidden_ipknock_tcp.exe;Eliminado;Objeto eliminado;HEUR:Trojan.Win32.Generic;;Archivo;\\VBoxSvr\machine_malware;windows_shell_bind_hidden_ipknock_tcp.exe;Eliminado;Troyano;Alta;Parcial;TFM-VI\V;Usuario activo
Hoy, 5/28/2026 2:39:56 AM;\\VBoxSvr\machine_malware\windows_powershell_bind_tcp.exeUPX0UPX1UPX2;Detectados;Objeto malicioso detectado;VHO:Trojan.Win32.Convagent.gen;Hash;Archivo;\\VBoxSvr\machine_malware;windows_powershell_bind_tcp.exeUPX0UPX1UPX2;Detectados;Troyano;Alta;Análisis heurístico;TFM-VI\V;Usuario activo
Hoy, 5/28/2026 2:39:56 AM;\\VBoxSvr\machine_malware\windows_powershell_bind_tcp.exeUPX0UPX1UPX2;Copia de seguridad creada;Se ha creado una copia de seguridad del objeto;VHO:Trojan.Win32.Convagent.gen;;Archivo;\\VBoxSvr\machine_malware;windows_powershell_bind_tcp.exeUPX0UPX1UPX2;Copia de seguridad creada;Troyano;Alta;Análisis heurístico;TFM-VI\V;Usuario activo
Hoy, 5/28/2026 2:39:57 AM;\\VBoxSvr\machine_malware\windows_powershell_bind_tcp.exeUPX0UPX1UPX2;Eliminado;Objeto eliminado;VHO:Trojan.Win32.Convagent.gen;;Archivo;\\VBoxSvr\machine_malware;windows_powershell_bind_tcp.exeUPX0UPX1UPX2;Eliminado;Troyano;Alta;Análisis heurístico;TFM-VI\V;Usuario activo
Hoy, 5/28/2026 2:40:01 AM;\\VBoxSvr\machine_malware\windows_powershell_bind_tcp.exeUPX0;Detectados;Objeto malicioso detectado;HEUR:Trojan.Win32.Generic;Hash;Archivo;\\VBoxSvr\machine_malware;windows_powershell_bind_tcp.exeUPX0;Detectados;Troyano;Alta;Análisis heurístico;TFM-VI\V;Usuario activo
Hoy, 5/28/2026 2:40:01 AM;\\VBoxSvr\machine_malware\windows_powershell_bind_tcp.exeUPX0;Copia de seguridad creada;Se ha creado una copia de seguridad del objeto;HEUR:Trojan.Win32.Generic;;Archivo;\\VBoxSvr\machine_malware;windows_powershell_bind_tcp.exeUPX0;Copia de seguridad creada;Troyano;Alta;Análisis heurístico;TFM-VI\V;Usuario activo
Hoy, 5/28/2026 2:40:03 AM;\\VBoxSvr\machine_malware\windows_shell_hidden_bind_tcp.exe;Detectados;Objeto malicioso detectado;HEUR:Trojan.Win32.Generic;Hash;Archivo;\\VBoxSvr\machine_malware;windows_shell_hidden_bind_tcp.exe;Detectados;Troyano;Alta;Parcial;TFM-VI\V;Usuario activo
Hoy, 5/28/2026 2:40:04 AM;\\VBoxSvr\machine_malware\windows_shell_hidden_bind_tcp.exe;Eliminado;Objeto eliminado;HEUR:Trojan.Win32.Generic;;Archivo;\\VBoxSvr\machine_malware;windows_shell_hidden_bind_tcp.exe;Eliminado;Troyano;Alta;Parcial;TFM-VI\V;Usuario activo
Hoy, 5/28/2026 2:40:03 AM;\\VBoxSvr\machine_malware\windows_shell_hidden_bind_tcp.exe;Copia de seguridad creada;Se ha creado una copia de seguridad del objeto;HEUR:Trojan.Win32.Generic;;Archivo;\\VBoxSvr\machine_malware;windows_shell_hidden_bind_tcp.exe;Copia de seguridad creada;Troyano;Alta;Parcial;TFM-VI\V;Usuario activo
Hoy, 5/28/2026 2:40:05 AM;\\VBoxSvr\machine_malware\windows_encrypted_shell_reverse_tcp.exeUPX0UPX2;Detectados;Objeto malicioso detectado;HEUR:Trojan.Win32.Generic;Hash;Archivo;\\VBoxSvr\machine_malware;windows_encrypted_shell_reverse_tcp.exeUPX0UPX2;Detectados;Troyano;Alta;Parcial;TFM-VI\V;Usuario activo
Hoy, 5/28/2026 2:40:05 AM;\\VBoxSvr\machine_malware\windows_encrypted_shell_reverse_tcp.exeUPX0UPX2;Copia de seguridad creada;Se ha creado una copia de seguridad del objeto;HEUR:Trojan.Win32.Generic;;Archivo;\\VBoxSvr\machine_malware;windows_encrypted_shell_reverse_tcp.exeUPX0UPX2;Copia de seguridad creada;Troyano;Alta;Parcial;TFM-VI\V;Usuario activo
Hoy, 5/28/2026 2:40:06 AM;\\VBoxSvr\machine_malware\windows_shell_reverse_tcp_rc4.exeUPX0UPX1UPX2;Detectados;Objeto malicioso detectado;VHO:Trojan.Win32.Convagent.gen;Hash;Archivo;\\VBoxSvr\machine_malware;windows_shell_reverse_tcp_rc4.exeUPX0UPX1UPX2;Detectados;Troyano;Alta;Análisis heurístico;TFM-VI\V;Usuario activo
Hoy, 5/28/2026 2:40:06 AM;\\VBoxSvr\machine_malware\windows_powershell_bind_tcp.exeUPX0;Eliminado;Objeto eliminado;HEUR:Trojan.Win32.Generic;;Archivo;\\VBoxSvr\machine_malware;windows_powershell_bind_tcp.exeUPX0;Eliminado;Troyano;Alta;Análisis heurístico;TFM-VI\V;Usuario activo
Hoy, 5/28/2026 2:40:06 AM;\\VBoxSvr\machine_malware\windows_encrypted_shell_reverse_tcp.exeUPX0UPX2;Eliminado;Objeto eliminado;HEUR:Trojan.Win32.Generic;;Archivo;\\VBoxSvr\machine_malware;windows_encrypted_shell_reverse_tcp.exeUPX0UPX2;Eliminado;Troyano;Alta;Parcial;TFM-VI\V;Usuario activo
Hoy, 5/28/2026 2:40:06 AM;\\VBoxSvr\machine_malware\windows_shell_reverse_tcp_rc4.exeUPX0UPX1UPX2;Eliminado;Objeto eliminado;VHO:Trojan.Win32.Convagent.gen;;Archivo;\\VBoxSvr\machine_malware;windows_shell_reverse_tcp_rc4.exeUPX0UPX1UPX2;Eliminado;Troyano;Alta;Análisis heurístico;TFM-VI\V;Usuario activo
Hoy, 5/28/2026 2:40:06 AM;\\VBoxSvr\machine_malware\windows_shell_reverse_tcp_rc4.exeUPX0UPX1UPX2;Copia de seguridad creada;Se ha creado una copia de seguridad del objeto;VHO:Trojan.Win32.Convagent.gen;;Archivo;\\VBoxSvr\machine_malware;windows_shell_reverse_tcp_rc4.exeUPX0UPX1UPX2;Copia de seguridad creada;Troyano;Alta;Análisis heurístico;TFM-VI\V;Usuario activo
Hoy, 5/28/2026 2:40:07 AM;\\VBoxSvr\machine_malware\windows_meterpreter_bind_tcp.exe;Detectados;Objeto malicioso detectado;HEUR:Trojan.Win32.Generic;Hash;Archivo;\\VBoxSvr\machine_malware;windows_meterpreter_bind_tcp.exe;Detectados;Troyano;Alta;Parcial;TFM-VI\V;Usuario activo
Hoy, 5/28/2026 2:40:07 AM;\\VBoxSvr\machine_malware\windows_meterpreter_bind_tcp.exeUPX0;Detectados;Objeto malicioso detectado;HEUR:Trojan.Win32.Generic;Hash;Archivo;\\VBoxSvr\machine_malware;windows_meterpreter_bind_tcp.exeUPX0;Detectados;Troyano;Alta;Parcial;TFM-VI\V;Usuario activo
Hoy, 5/28/2026 2:40:08 AM;\\VBoxSvr\machine_malware\windows_encrypted_shell_reverse_tcp.exeUPX2;Detectados;Objeto malicioso detectado;HEUR:Trojan.Win32.Generic;Hash;Archivo;\\VBoxSvr\machine_malware;windows_encrypted_shell_reverse_tcp.exeUPX2;Detectados;Troyano;Alta;Parcial;TFM-VI\V;Usuario activo
Hoy, 5/28/2026 2:40:07 AM;\\VBoxSvr\machine_malware\windows_meterpreter_bind_tcp.exe;Eliminado;Objeto eliminado;HEUR:Trojan.Win32.Generic;;Archivo;\\VBoxSvr\machine_malware;windows_meterpreter_bind_tcp.exe;Eliminado;Troyano;Alta;Parcial;TFM-VI\V;Usuario activo
Hoy, 5/28/2026 2:40:07 AM;\\VBoxSvr\machine_malware\windows_meterpreter_bind_tcp.exeUPX0;Eliminado;Objeto eliminado;HEUR:Trojan.Win32.Generic;;Archivo;\\VBoxSvr\machine_malware;windows_meterpreter_bind_tcp.exeUPX0;Eliminado;Troyano;Alta;Parcial;TFM-VI\V;Usuario activo
Hoy, 5/28/2026 2:40:07 AM;\\VBoxSvr\machine_malware\windows_meterpreter_bind_tcp.exe;Copia de seguridad creada;Se ha creado una copia de seguridad del objeto;HEUR:Trojan.Win32.Generic;;Archivo;\\VBoxSvr\machine_malware;windows_meterpreter_bind_tcp.exe;Copia de seguridad creada;Troyano;Alta;Parcial;TFM-VI\V;Usuario activo
Hoy, 5/28/2026 2:40:07 AM;\\VBoxSvr\machine_malware\windows_meterpreter_bind_tcp.exeUPX0;Copia de seguridad creada;Se ha creado una copia de seguridad del objeto;HEUR:Trojan.Win32.Generic;;Archivo;\\VBoxSvr\machine_malware;windows_meterpreter_bind_tcp.exeUPX0;Copia de seguridad creada;Troyano;Alta;Parcial;TFM-VI\V;Usuario activo
Hoy, 5/28/2026 2:40:08 AM;\\VBoxSvr\machine_malware\windows_encrypted_shell_reverse_tcp.exeUPX2;Copia de seguridad creada;Se ha creado una copia de seguridad del objeto;HEUR:Trojan.Win32.Generic;;Archivo;\\VBoxSvr\machine_malware;windows_encrypted_shell_reverse_tcp.exeUPX2;Copia de seguridad creada;Troyano;Alta;Parcial;TFM-VI\V;Usuario activo
Hoy, 5/28/2026 2:40:08 AM;\\VBoxSvr\machine_malware\windows_shell_bind_tcp.exeUPX0UPX2;Detectados;Objeto malicioso detectado;HEUR:Trojan.Win32.Generic;Hash;Archivo;\\VBoxSvr\machine_malware;windows_shell_bind_tcp.exeUPX0UPX2;Detectados;Troyano;Alta;Parcial;TFM-VI\V;Usuario activo
Hoy, 5/28/2026 2:40:08 AM;\\VBoxSvr\machine_malware\windows_meterpreter_bind_tcp.exeUPX0UPX2;Detectados;Objeto malicioso detectado;HEUR:Trojan.Win32.Generic;Hash;Archivo;\\VBoxSvr\machine_malware;windows_meterpreter_bind_tcp.exeUPX0UPX2;Detectados;Troyano;Alta;Parcial;TFM-VI\V;Usuario activo
Hoy, 5/28/2026 2:40:09 AM;\\VBoxSvr\machine_malware\windows_shell_reverse_tcp_rc4.exeUPX1UPX2;Detectados;Objeto malicioso detectado;VHO:Trojan.Win32.Convagent.gen;Hash;Archivo;\\VBoxSvr\machine_malware;windows_shell_reverse_tcp_rc4.exeUPX1UPX2;Detectados;Troyano;Alta;Análisis heurístico;TFM-VI\V;Usuario activo
Hoy, 5/28/2026 2:40:08 AM;\\VBoxSvr\machine_malware\windows_encrypted_shell_reverse_tcp.exeUPX2;Eliminado;Objeto eliminado;HEUR:Trojan.Win32.Generic;;Archivo;\\VBoxSvr\machine_malware;windows_encrypted_shell_reverse_tcp.exeUPX2;Eliminado;Troyano;Alta;Parcial;TFM-VI\V;Usuario activo
Hoy, 5/28/2026 2:40:08 AM;\\VBoxSvr\machine_malware\windows_shell_bind_tcp.exeUPX0UPX2;Eliminado;Objeto eliminado;HEUR:Trojan.Win32.Generic;;Archivo;\\VBoxSvr\machine_malware;windows_shell_bind_tcp.exeUPX0UPX2;Eliminado;Troyano;Alta;Parcial;TFM-VI\V;Usuario activo
Hoy, 5/28/2026 2:40:08 AM;\\VBoxSvr\machine_malware\windows_shell_bind_tcp.exeUPX0UPX2;Copia de seguridad creada;Se ha creado una copia de seguridad del objeto;HEUR:Trojan.Win32.Generic;;Archivo;\\VBoxSvr\machine_malware;windows_shell_bind_tcp.exeUPX0UPX2;Copia de seguridad creada;Troyano;Alta;Parcial;TFM-VI\V;Usuario activo
Hoy, 5/28/2026 2:40:08 AM;\\VBoxSvr\machine_malware\windows_meterpreter_bind_tcp.exeUPX0UPX2;Copia de seguridad creada;Se ha creado una copia de seguridad del objeto;HEUR:Trojan.Win32.Generic;;Archivo;\\VBoxSvr\machine_malware;windows_meterpreter_bind_tcp.exeUPX0UPX2;Copia de seguridad creada;Troyano;Alta;Parcial;TFM-VI\V;Usuario activo
Hoy, 5/28/2026 2:40:09 AM;\\VBoxSvr\machine_malware\windows_shell_reverse_tcp_rc4.exeUPX1UPX2;Copia de seguridad creada;Se ha creado una copia de seguridad del objeto;VHO:Trojan.Win32.Convagent.gen;;Archivo;\\VBoxSvr\machine_malware;windows_shell_reverse_tcp_rc4.exeUPX1UPX2;Copia de seguridad creada;Troyano;Alta;Análisis heurístico;TFM-VI\V;Usuario activo
Hoy, 5/28/2026 2:40:09 AM;\\VBoxSvr\machine_malware\windows_encrypted_shell_reverse_tcp.exe;Detectados;Objeto malicioso detectado;HEUR:Trojan.Win32.Generic;Hash;Archivo;\\VBoxSvr\machine_malware;windows_encrypted_shell_reverse_tcp.exe;Detectados;Troyano;Alta;Parcial;TFM-VI\V;Usuario activo
Hoy, 5/28/2026 2:40:09 AM;\\VBoxSvr\machine_malware\windows_meterpreter_bind_tcp.exeUPX0UPX2;Eliminado;Objeto eliminado;HEUR:Trojan.Win32.Generic;;Archivo;\\VBoxSvr\machine_malware;windows_meterpreter_bind_tcp.exeUPX0UPX2;Eliminado;Troyano;Alta;Parcial;TFM-VI\V;Usuario activo
Hoy, 5/28/2026 2:40:09 AM;\\VBoxSvr\machine_malware\windows_shell_reverse_tcp_rc4.exeUPX1UPX2;Eliminado;Objeto eliminado;VHO:Trojan.Win32.Convagent.gen;;Archivo;\\VBoxSvr\machine_malware;windows_shell_reverse_tcp_rc4.exeUPX1UPX2;Eliminado;Troyano;Alta;Análisis heurístico;TFM-VI\V;Usuario activo
Hoy, 5/28/2026 2:40:09 AM;\\VBoxSvr\machine_malware\windows_encrypted_shell_reverse_tcp.exe;Eliminado;Objeto eliminado;HEUR:Trojan.Win32.Generic;;Archivo;\\VBoxSvr\machine_malware;windows_encrypted_shell_reverse_tcp.exe;Eliminado;Troyano;Alta;Parcial;TFM-VI\V;Usuario activo
Hoy, 5/28/2026 2:40:09 AM;\\VBoxSvr\machine_malware\windows_encrypted_shell_reverse_tcp.exe;Copia de seguridad creada;Se ha creado una copia de seguridad del objeto;HEUR:Trojan.Win32.Generic;;Archivo;\\VBoxSvr\machine_malware;windows_encrypted_shell_reverse_tcp.exe;Copia de seguridad creada;Troyano;Alta;Parcial;TFM-VI\V;Usuario activo
Hoy, 5/28/2026 2:40:17 AM;\\VBoxSvr\machine_malware\windows_meterpreter_reverse_http.exeUPX0UPX2;Detectados;Objeto malicioso detectado;HEUR:Trojan.Win32.Generic;Hash;Archivo;\\VBoxSvr\machine_malware;windows_meterpreter_reverse_http.exeUPX0UPX2;Detectados;Troyano;Alta;Parcial;TFM-VI\V;Usuario activo
Hoy, 5/28/2026 2:40:17 AM;\\VBoxSvr\machine_malware\windows_meterpreter_reverse_https.exe;Detectados;Objeto malicioso detectado;HEUR:Trojan.Win32.Generic;Hash;Archivo;\\VBoxSvr\machine_malware;windows_meterpreter_reverse_https.exe;Detectados;Troyano;Alta;Parcial;TFM-VI\V;Usuario activo
Hoy, 5/28/2026 2:40:17 AM;\\VBoxSvr\machine_malware\windows_meterpreter_reverse_http.exeUPX0UPX2;Eliminado;Objeto eliminado;HEUR:Trojan.Win32.Generic;;Archivo;\\VBoxSvr\machine_malware;windows_meterpreter_reverse_http.exeUPX0UPX2;Eliminado;Troyano;Alta;Parcial;TFM-VI\V;Usuario activo
Hoy, 5/28/2026 2:40:17 AM;\\VBoxSvr\machine_malware\windows_meterpreter_reverse_http.exeUPX0UPX2;Copia de seguridad creada;Se ha creado una copia de seguridad del objeto;HEUR:Trojan.Win32.Generic;;Archivo;\\VBoxSvr\machine_malware;windows_meterpreter_reverse_http.exeUPX0UPX2;Copia de seguridad creada;Troyano;Alta;Parcial;TFM-VI\V;Usuario activo
Hoy, 5/28/2026 2:40:17 AM;\\VBoxSvr\machine_malware\windows_meterpreter_reverse_https.exe;Copia de seguridad creada;Se ha creado una copia de seguridad del objeto;HEUR:Trojan.Win32.Generic;;Archivo;\\VBoxSvr\machine_malware;windows_meterpreter_reverse_https.exe;Copia de seguridad creada;Troyano;Alta;Parcial;TFM-VI\V;Usuario activo
Hoy, 5/28/2026 2:40:19 AM;\\VBoxSvr\machine_malware\windows_meterpreter_reverse_https.exe;Eliminado;Objeto eliminado;HEUR:Trojan.Win32.Generic;;Archivo;\\VBoxSvr\machine_malware;windows_meterpreter_reverse_https.exe;Eliminado;Troyano;Alta;Parcial;TFM-VI\V;Usuario activo
Hoy, 5/28/2026 2:59:35 AM;\\VBoxSvr\machine_malware\windows_shell_reverse_tcp_rc4.exe;Detectados;Objeto malicioso detectado;HEUR:Trojan.Win32.Generic;Análisis experto;Archivo;\\VBoxSvr\machine_malware;windows_shell_reverse_tcp_rc4.exe;Detectados;Troyano;Alta;Parcial;TFM-VI\V;Usuario activo
Hoy, 5/28/2026 2:59:36 AM;\\VBoxSvr\machine_malware\windows_powershell_reverse_tcp.exeUPX2;Detectados;Objeto malicioso detectado;HEUR:Trojan.Win32.Generic;Análisis experto;Archivo;\\VBoxSvr\machine_malware;windows_powershell_reverse_tcp.exeUPX2;Detectados;Troyano;Alta;Análisis heurístico;TFM-VI\V;Usuario activo
Hoy, 5/28/2026 2:59:36 AM;\\VBoxSvr\machine_malware\windows_pingback_reverse_tcp.exeUPX0;Detectados;Objeto malicioso detectado;HEUR:Trojan.Win32.Generic;Análisis experto;Archivo;\\VBoxSvr\machine_malware;windows_pingback_reverse_tcp.exeUPX0;Detectados;Troyano;Alta;Parcial;TFM-VI\V;Usuario activo
Hoy, 5/28/2026 2:59:37 AM;\\VBoxSvr\machine_malware\windows_pingback_reverse_tcp.exeUPX0UPX2;Detectados;Objeto malicioso detectado;HEUR:Trojan.Win32.Generic;Análisis experto;Archivo;\\VBoxSvr\machine_malware;windows_pingback_reverse_tcp.exeUPX0UPX2;Detectados;Troyano;Alta;Parcial;TFM-VI\V;Usuario activo
Hoy, 5/28/2026 2:59:37 AM;\\VBoxSvr\machine_malware\windows_pingback_reverse_tcp.exe;Detectados;Objeto malicioso detectado;HEUR:Trojan.Win32.Generic;Análisis experto;Archivo;\\VBoxSvr\machine_malware;windows_pingback_reverse_tcp.exe;Detectados;Troyano;Alta;Parcial;TFM-VI\V;Usuario activo
Hoy, 5/28/2026 2:59:37 AM;\\VBoxSvr\machine_malware\windows_exec.exeUPX0UPX2;Detectados;Objeto malicioso detectado;HEUR:Trojan.Win32.Generic;Análisis experto;Archivo;\\VBoxSvr\machine_malware;windows_exec.exeUPX0UPX2;Detectados;Troyano;Alta;Análisis heurístico;TFM-VI\V;Usuario activo
Hoy, 5/28/2026 2:59:37 AM;\\VBoxSvr\machine_malware\windows_shell_bind_hidden_ipknock_tcp.exeUPX2;Detectados;Objeto malicioso detectado;HEUR:Trojan.Win32.Generic;Análisis experto;Archivo;\\VBoxSvr\machine_malware;windows_shell_bind_hidden_ipknock_tcp.exeUPX2;Detectados;Troyano;Alta;Parcial;TFM-VI\V;Usuario activo
Hoy, 5/28/2026 2:59:38 AM;\\VBoxSvr\machine_malware\windows_shell_reverse_tcp_rc4.exeUPX0UPX2;Detectados;Objeto malicioso detectado;HEUR:Trojan.Win32.Generic;Análisis experto;Archivo;\\VBoxSvr\machine_malware;windows_shell_reverse_tcp_rc4.exeUPX0UPX2;Detectados;Troyano;Alta;Parcial;TFM-VI\V;Usuario activo
Hoy, 5/28/2026 2:59:39 AM;\\VBoxSvr\machine_malware\windows_powershell_reverse_tcp_ssl.exeUPX0UPX2;Detectados;Objeto malicioso detectado;HEUR:Trojan.Win32.Generic;Análisis experto;Archivo;\\VBoxSvr\machine_malware;windows_powershell_reverse_tcp_ssl.exeUPX0UPX2;Detectados;Troyano;Alta;Análisis heurístico;TFM-VI\V;Usuario activo
Hoy, 5/28/2026 2:59:39 AM;\\VBoxSvr\machine_malware\windows_pingback_bind_tcp.exe;Detectados;Objeto malicioso detectado;HEUR:Trojan.Win32.Generic;Análisis experto;Archivo;\\VBoxSvr\machine_malware;windows_pingback_bind_tcp.exe;Detectados;Troyano;Alta;Parcial;TFM-VI\V;Usuario activo
Hoy, 5/28/2026 2:59:40 AM;\\VBoxSvr\machine_malware\windows_powershell_bind_tcp.exeUPX0UPX2;Detectados;Objeto malicioso detectado;HEUR:Trojan.Win32.Generic;Análisis experto;Archivo;\\VBoxSvr\machine_malware;windows_powershell_bind_tcp.exeUPX0UPX2;Detectados;Troyano;Alta;Análisis heurístico;TFM-VI\V;Usuario activo
Hoy, 5/28/2026 2:59:40 AM;\\VBoxSvr\machine_malware\windows_shell_bind_hidden_ipknock_tcp.exeUPX0UPX2;Detectados;Objeto malicioso detectado;HEUR:Trojan.Win32.Generic;Análisis experto;Archivo;\\VBoxSvr\machine_malware;windows_shell_bind_hidden_ipknock_tcp.exeUPX0UPX2;Detectados;Troyano;Alta;Parcial;TFM-VI\V;Usuario activo
Hoy, 5/28/2026 2:59:41 AM;\\VBoxSvr\machine_malware\windows_powershell_reverse_tcp.exeUPX0;Detectados;Objeto malicioso detectado;HEUR:Trojan.Win32.Generic;Análisis experto;Archivo;\\VBoxSvr\machine_malware;windows_powershell_reverse_tcp.exeUPX0;Detectados;Troyano;Alta;Análisis heurístico;TFM-VI\V;Usuario activo
Hoy, 5/28/2026 2:59:46 AM;\\VBoxSvr\machine_malware\windows_meterpreter_reverse_tcp.exeUPX0;Detectados;Objeto malicioso detectado;HEUR:Trojan.Win32.Generic;Análisis experto;Archivo;\\VBoxSvr\machine_malware;windows_meterpreter_reverse_tcp.exeUPX0;Detectados;Troyano;Alta;Parcial;TFM-VI\V;Usuario activo
Hoy, 5/28/2026 2:59:47 AM;\\VBoxSvr\machine_malware\windows_meterpreter_reverse_http.exeUPX0;Detectados;Objeto malicioso detectado;HEUR:Trojan.Win32.Generic;Análisis experto;Archivo;\\VBoxSvr\machine_malware;windows_meterpreter_reverse_http.exeUPX0;Detectados;Troyano;Alta;Parcial;TFM-VI\V;Usuario activo
Hoy, 5/28/2026 2:59:47 AM;\\VBoxSvr\machine_malware\windows_shell_hidden_bind_tcp.exeUPX0UPX2;Detectados;Objeto malicioso detectado;HEUR:Trojan.Win32.Generic;Análisis experto;Archivo;\\VBoxSvr\machine_malware;windows_shell_hidden_bind_tcp.exeUPX0UPX2;Detectados;Troyano;Alta;Parcial;TFM-VI\V;Usuario activo
Hoy, 5/28/2026 2:59:48 AM;\\VBoxSvr\machine_malware\windows_exec.exe;Detectados;Objeto malicioso detectado;HEUR:Trojan.Win32.Generic;Análisis experto;Archivo;\\VBoxSvr\machine_malware;windows_exec.exe;Detectados;Troyano;Alta;Análisis heurístico;TFM-VI\V;Usuario activo
Hoy, 5/28/2026 2:59:49 AM;\\VBoxSvr\machine_malware\windows_powershell_bind_tcp.exeUPX2;Detectados;Objeto malicioso detectado;HEUR:Trojan.Win32.Generic;Análisis experto;Archivo;\\VBoxSvr\machine_malware;windows_powershell_bind_tcp.exeUPX2;Detectados;Troyano;Alta;Análisis heurístico;TFM-VI\V;Usuario activo
Hoy, 5/28/2026 2:59:51 AM;\\VBoxSvr\machine_malware\windows_powershell_reverse_tcp.exeUPX0UPX2;Detectados;Objeto malicioso detectado;HEUR:Trojan.Win32.Generic;Análisis experto;Archivo;\\VBoxSvr\machine_malware;windows_powershell_reverse_tcp.exeUPX0UPX2;Detectados;Troyano;Alta;Análisis heurístico;TFM-VI\V;Usuario activo
Hoy, 5/28/2026 2:59:51 AM;\\VBoxSvr\machine_malware\windows_powershell_reverse_tcp.exe;Detectados;Objeto malicioso detectado;HEUR:Trojan.Win32.Generic;Análisis experto;Archivo;\\VBoxSvr\machine_malware;windows_powershell_reverse_tcp.exe;Detectados;Troyano;Alta;Análisis heurístico;TFM-VI\V;Usuario activo
Hoy, 5/28/2026 2:59:52 AM;\\VBoxSvr\machine_malware\windows_meterpreter_reverse_http.exeUPX2;Detectados;Objeto malicioso detectado;HEUR:Trojan.Win32.Generic;Análisis experto;Archivo;\\VBoxSvr\machine_malware;windows_meterpreter_reverse_http.exeUPX2;Detectados;Troyano;Alta;Parcial;TFM-VI\V;Usuario activo
Hoy, 5/28/2026 2:59:52 AM;\\VBoxSvr\machine_malware\windows_powershell_bind_tcp.exe;Detectados;Objeto malicioso detectado;HEUR:Trojan.Win32.Generic;Análisis experto;Archivo;\\VBoxSvr\machine_malware;windows_powershell_bind_tcp.exe;Detectados;Troyano;Alta;Análisis heurístico;TFM-VI\V;Usuario activo
Hoy, 5/28/2026 2:59:54 AM;\\VBoxSvr\machine_malware\windows_meterpreter_reverse_tcp.exeUPX0UPX2;Detectados;Objeto malicioso detectado;HEUR:Trojan.Win32.Generic;Análisis experto;Archivo;\\VBoxSvr\machine_malware;windows_meterpreter_reverse_tcp.exeUPX0UPX2;Detectados;Troyano;Alta;Parcial;TFM-VI\V;Usuario activo
Hoy, 5/28/2026 2:59:57 AM;\\VBoxSvr\machine_malware\windows_meterpreter_reverse_https.exeUPX0UPX2;Detectados;Objeto malicioso detectado;HEUR:Trojan.Win32.Generic;Análisis experto;Archivo;\\VBoxSvr\machine_malware;windows_meterpreter_reverse_https.exeUPX0UPX2;Detectados;Troyano;Alta;Parcial;TFM-VI\V;Usuario activo
Hoy, 5/28/2026 2:59:58 AM;\\VBoxSvr\machine_malware\windows_meterpreter_reverse_http.exe;Detectados;Objeto malicioso detectado;HEUR:Trojan.Win32.Generic;Análisis experto;Archivo;\\VBoxSvr\machine_malware;windows_meterpreter_reverse_http.exe;Detectados;Troyano;Alta;Parcial;TFM-VI\V;Usuario activo
Hoy, 5/28/2026 3:00:00 AM;\\VBoxSvr\machine_malware\windows_meterpreter_reverse_https.exeUPX0;Detectados;Objeto malicioso detectado;HEUR:Trojan.Win32.Generic;Análisis experto;Archivo;\\VBoxSvr\machine_malware;windows_meterpreter_reverse_https.exeUPX0;Detectados;Troyano;Alta;Parcial;TFM-VI\V;Usuario activo
Hoy, 5/28/2026 3:00:00 AM;\\VBoxSvr\machine_malware\windows_pingback_reverse_tcp.exeUPX2;Detectados;Objeto malicioso detectado;HEUR:Trojan.Win32.Generic;Análisis experto;Archivo;\\VBoxSvr\machine_malware;windows_pingback_reverse_tcp.exeUPX2;Detectados;Troyano;Alta;Parcial;TFM-VI\V;Usuario activo
Hoy, 5/28/2026 3:00:01 AM;\\VBoxSvr\machine_malware\windows_shell_bind_hidden_ipknock_tcp.exeUPX0;Detectados;Objeto malicioso detectado;HEUR:Trojan.Win32.Generic;Análisis experto;Archivo;\\VBoxSvr\machine_malware;windows_shell_bind_hidden_ipknock_tcp.exeUPX0;Detectados;Troyano;Alta;Parcial;TFM-VI\V;Usuario activo
Hoy, 5/28/2026 3:00:01 AM;\\VBoxSvr\machine_malware\windows_shell_hidden_bind_tcp.exeUPX0;Detectados;Objeto malicioso detectado;HEUR:Trojan.Win32.Generic;Análisis experto;Archivo;\\VBoxSvr\machine_malware;windows_shell_hidden_bind_tcp.exeUPX0;Detectados;Troyano;Alta;Parcial;TFM-VI\V;Usuario activo
Hoy, 5/28/2026 3:00:03 AM;\\VBoxSvr\machine_malware\windows_powershell_reverse_tcp_ssl.exe;Detectados;Objeto malicioso detectado;HEUR:Trojan.Win32.Generic;Análisis experto;Archivo;\\VBoxSvr\machine_malware;windows_powershell_reverse_tcp_ssl.exe;Detectados;Troyano;Alta;Análisis heurístico;TFM-VI\V;Usuario activo
Hoy, 5/28/2026 3:00:06 AM;\\VBoxSvr\machine_malware\windows_meterpreter_reverse_tcp.exe;Detectados;Objeto malicioso detectado;HEUR:Trojan.Win32.Generic;Análisis experto;Archivo;\\VBoxSvr\machine_malware;windows_meterpreter_reverse_tcp.exe;Detectados;Troyano;Alta;Parcial;TFM-VI\V;Usuario activo
Hoy, 5/28/2026 3:00:06 AM;\\VBoxSvr\machine_malware\windows_powershell_reverse_tcp_ssl.exeUPX0;Detectados;Objeto malicioso detectado;HEUR:Trojan.Win32.Generic;Análisis experto;Archivo;\\VBoxSvr\machine_malware;windows_powershell_reverse_tcp_ssl.exeUPX0;Detectados;Troyano;Alta;Análisis heurístico;TFM-VI\V;Usuario activo
Hoy, 5/28/2026 3:00:09 AM;\\VBoxSvr\machine_malware\windows_shell_bind_tcp.exeUPX0;Detectados;Objeto malicioso detectado;HEUR:Trojan.Win32.Generic;Análisis experto;Archivo;\\VBoxSvr\machine_malware;windows_shell_bind_tcp.exeUPX0;Detectados;Troyano;Alta;Parcial;TFM-VI\V;Usuario activo
Hoy, 5/28/2026 3:00:10 AM;\\VBoxSvr\machine_malware\windows_shell_reverse_tcp_rc4.exeUPX0;Detectados;Objeto malicioso detectado;HEUR:Trojan.Win32.Generic;Análisis experto;Archivo;\\VBoxSvr\machine_malware;windows_shell_reverse_tcp_rc4.exeUPX0;Detectados;Troyano;Alta;Parcial;TFM-VI\V;Usuario activo
Hoy, 5/28/2026 3:00:14 AM;\\VBoxSvr\machine_malware\windows_powershell_reverse_tcp_ssl.exeUPX2;Detectados;Objeto malicioso detectado;HEUR:Trojan.Win32.Generic;Análisis experto;Archivo;\\VBoxSvr\machine_malware;windows_powershell_reverse_tcp_ssl.exeUPX2;Detectados;Troyano;Alta;Análisis heurístico;TFM-VI\V;Usuario activo
Hoy, 5/28/2026 3:00:18 AM;\\VBoxSvr\machine_malware\windows_pingback_bind_tcp.exeUPX0;Detectados;Objeto malicioso detectado;HEUR:Trojan.Win32.Generic;Análisis experto;Archivo;\\VBoxSvr\machine_malware;windows_pingback_bind_tcp.exeUPX0;Detectados;Troyano;Alta;Parcial;TFM-VI\V;Usuario activo
Hoy, 5/28/2026 3:00:19 AM;\\VBoxSvr\machine_malware\windows_pingback_bind_tcp.exeUPX2;Detectados;Objeto malicioso detectado;HEUR:Trojan.Win32.Generic;Análisis experto;Archivo;\\VBoxSvr\machine_malware;windows_pingback_bind_tcp.exeUPX2;Detectados;Troyano;Alta;Parcial;TFM-VI\V;Usuario activo
Hoy, 5/28/2026 3:00:20 AM;\\VBoxSvr\machine_malware\windows_meterpreter_reverse_https.exeUPX2;Detectados;Objeto malicioso detectado;HEUR:Trojan.Win32.Generic;Análisis experto;Archivo;\\VBoxSvr\machine_malware;windows_meterpreter_reverse_https.exeUPX2;Detectados;Troyano;Alta;Parcial;TFM-VI\V;Usuario activo
Hoy, 5/28/2026 3:00:20 AM;\\VBoxSvr\machine_malware\windows_meterpreter_reverse_tcp.exeUPX2;Detectados;Objeto malicioso detectado;HEUR:Trojan.Win32.Generic;Análisis experto;Archivo;\\VBoxSvr\machine_malware;windows_meterpreter_reverse_tcp.exeUPX2;Detectados;Troyano;Alta;Parcial;TFM-VI\V;Usuario activo
Hoy, 5/28/2026 3:00:21 AM;\\VBoxSvr\machine_malware\windows_shell_reverse_tcp_rc4.exeUPX2;Detectados;Objeto malicioso detectado;HEUR:Trojan.Win32.Generic;Análisis experto;Archivo;\\VBoxSvr\machine_malware;windows_shell_reverse_tcp_rc4.exeUPX2;Detectados;Troyano;Alta;Parcial;TFM-VI\V;Usuario activo
Hoy, 5/28/2026 3:00:21 AM;\\VBoxSvr\machine_malware\windows_meterpreter_bind_tcp.exeUPX2;Detectados;Objeto malicioso detectado;HEUR:Trojan.Win32.Generic;Análisis experto;Archivo;\\VBoxSvr\machine_malware;windows_meterpreter_bind_tcp.exeUPX2;Detectados;Troyano;Alta;Parcial;TFM-VI\V;Usuario activo
Hoy, 5/28/2026 3:00:23 AM;\\VBoxSvr\machine_malware\windows_encrypted_shell_reverse_tcp.exeUPX0;Detectados;Objeto malicioso detectado;HEUR:Trojan.Win32.Generic;Análisis experto;Archivo;\\VBoxSvr\machine_malware;windows_encrypted_shell_reverse_tcp.exeUPX0;Detectados;Troyano;Alta;Parcial;TFM-VI\V;Usuario activo
Hoy, 5/28/2026 3:00:27 AM;\\VBoxSvr\machine_malware\windows_shell_bind_tcp.exe;Detectados;Objeto malicioso detectado;HEUR:Trojan.Win32.Generic;Análisis experto;Archivo;\\VBoxSvr\machine_malware;windows_shell_bind_tcp.exe;Detectados;Troyano;Alta;Parcial;TFM-VI\V;Usuario activo
Hoy, 5/28/2026 3:00:27 AM;\\VBoxSvr\machine_malware\windows_pingback_bind_tcp.exeUPX0UPX2;Detectados;Objeto malicioso detectado;HEUR:Trojan.Win32.Generic;Análisis experto;Archivo;\\VBoxSvr\machine_malware;windows_pingback_bind_tcp.exeUPX0UPX2;Detectados;Troyano;Alta;Parcial;TFM-VI\V;Usuario activo
Hoy, 5/28/2026 3:00:28 AM;\\VBoxSvr\machine_malware\windows_exec.exeUPX0;Detectados;Objeto malicioso detectado;HEUR:Trojan.Win32.Generic;Análisis experto;Archivo;\\VBoxSvr\machine_malware;windows_exec.exeUPX0;Detectados;Troyano;Alta;Análisis heurístico;TFM-VI\V;Usuario activo
Hoy, 5/28/2026 3:00:30 AM;\\VBoxSvr\machine_malware\windows_exec.exeUPX2;Detectados;Objeto malicioso detectado;HEUR:Trojan.Win32.Generic;Análisis experto;Archivo;\\VBoxSvr\machine_malware;windows_exec.exeUPX2;Detectados;Troyano;Alta;Análisis heurístico;TFM-VI\V;Usuario activo
Hoy, 5/28/2026 3:00:31 AM;\\VBoxSvr\machine_malware\windows_shell_bind_tcp.exeUPX2;Detectados;Objeto malicioso detectado;HEUR:Trojan.Win32.Generic;Análisis experto;Archivo;\\VBoxSvr\machine_malware;windows_shell_bind_tcp.exeUPX2;Detectados;Troyano;Alta;Parcial;TFM-VI\V;Usuario activo
Hoy, 5/28/2026 3:00:38 AM;\\VBoxSvr\machine_malware\windows_powershell_bind_tcp.exeUPX0;Detectados;Objeto malicioso detectado;HEUR:Trojan.Win32.Generic;Análisis experto;Archivo;\\VBoxSvr\machine_malware;windows_powershell_bind_tcp.exeUPX0;Detectados;Troyano;Alta;Análisis heurístico;TFM-VI\V;Usuario activo
Hoy, 5/28/2026 3:00:38 AM;\\VBoxSvr\machine_malware\windows_shell_hidden_bind_tcp.exeUPX2;Detectados;Objeto malicioso detectado;HEUR:Trojan.Win32.Generic;Análisis experto;Archivo;\\VBoxSvr\machine_malware;windows_shell_hidden_bind_tcp.exeUPX2;Detectados;Troyano;Alta;Parcial;TFM-VI\V;Usuario activo
Hoy, 5/28/2026 3:00:39 AM;\\VBoxSvr\machine_malware\windows_shell_bind_hidden_ipknock_tcp.exe;Detectados;Objeto malicioso detectado;HEUR:Trojan.Win32.Generic;Análisis experto;Archivo;\\VBoxSvr\machine_malware;windows_shell_bind_hidden_ipknock_tcp.exe;Detectados;Troyano;Alta;Parcial;TFM-VI\V;Usuario activo
Hoy, 5/28/2026 3:00:39 AM;\\VBoxSvr\machine_malware\windows_shell_hidden_bind_tcp.exe;Detectados;Objeto malicioso detectado;HEUR:Trojan.Win32.Generic;Análisis experto;Archivo;\\VBoxSvr\machine_malware;windows_shell_hidden_bind_tcp.exe;Detectados;Troyano;Alta;Parcial;TFM-VI\V;Usuario activo
Hoy, 5/28/2026 3:00:40 AM;\\VBoxSvr\machine_malware\windows_encrypted_shell_reverse_tcp.exeUPX0UPX2;Detectados;Objeto malicioso detectado;HEUR:Trojan.Win32.Generic;Análisis experto;Archivo;\\VBoxSvr\machine_malware;windows_encrypted_shell_reverse_tcp.exeUPX0UPX2;Detectados;Troyano;Alta;Parcial;TFM-VI\V;Usuario activo
Hoy, 5/28/2026 3:00:41 AM;\\VBoxSvr\machine_malware\windows_meterpreter_bind_tcp.exe;Detectados;Objeto malicioso detectado;HEUR:Trojan.Win32.Generic;Análisis experto;Archivo;\\VBoxSvr\machine_malware;windows_meterpreter_bind_tcp.exe;Detectados;Troyano;Alta;Parcial;TFM-VI\V;Usuario activo
Hoy, 5/28/2026 3:00:41 AM;\\VBoxSvr\machine_malware\windows_meterpreter_bind_tcp.exeUPX0;Detectados;Objeto malicioso detectado;HEUR:Trojan.Win32.Generic;Análisis experto;Archivo;\\VBoxSvr\machine_malware;windows_meterpreter_bind_tcp.exeUPX0;Detectados;Troyano;Alta;Parcial;TFM-VI\V;Usuario activo
Hoy, 5/28/2026 3:00:42 AM;\\VBoxSvr\machine_malware\windows_encrypted_shell_reverse_tcp.exeUPX2;Detectados;Objeto malicioso detectado;HEUR:Trojan.Win32.Generic;Análisis experto;Archivo;\\VBoxSvr\machine_malware;windows_encrypted_shell_reverse_tcp.exeUPX2;Detectados;Troyano;Alta;Parcial;TFM-VI\V;Usuario activo
Hoy, 5/28/2026 3:00:42 AM;\\VBoxSvr\machine_malware\windows_meterpreter_bind_tcp.exeUPX0UPX2;Detectados;Objeto malicioso detectado;HEUR:Trojan.Win32.Generic;Análisis experto;Archivo;\\VBoxSvr\machine_malware;windows_meterpreter_bind_tcp.exeUPX0UPX2;Detectados;Troyano;Alta;Parcial;TFM-VI\V;Usuario activo
Hoy, 5/28/2026 3:00:47 AM;\\VBoxSvr\machine_malware\windows_shell_bind_tcp.exeUPX0UPX2;Detectados;Objeto malicioso detectado;HEUR:Trojan.Win32.Generic;Análisis experto;Archivo;\\VBoxSvr\machine_malware;windows_shell_bind_tcp.exeUPX0UPX2;Detectados;Troyano;Alta;Parcial;TFM-VI\V;Usuario activo
Hoy, 5/28/2026 3:00:48 AM;\\VBoxSvr\machine_malware\windows_encrypted_shell_reverse_tcp.exe;Detectados;Objeto malicioso detectado;HEUR:Trojan.Win32.Generic;Análisis experto;Archivo;\\VBoxSvr\machine_malware;windows_encrypted_shell_reverse_tcp.exe;Detectados;Troyano;Alta;Parcial;TFM-VI\V;Usuario activo
Hoy, 5/28/2026 3:00:58 AM;\\VBoxSvr\machine_malware\windows_meterpreter_reverse_http.exeUPX0UPX2;Detectados;Objeto malicioso detectado;HEUR:Trojan.Win32.Generic;Análisis experto;Archivo;\\VBoxSvr\machine_malware;windows_meterpreter_reverse_http.exeUPX0UPX2;Detectados;Troyano;Alta;Parcial;TFM-VI\V;Usuario activo
Hoy, 5/28/2026 3:01:03 AM;\\VBoxSvr\machine_malware\windows_meterpreter_reverse_https.exe;Detectados;Objeto malicioso detectado;HEUR:Trojan.Win32.Generic;Análisis experto;Archivo;\\VBoxSvr\machine_malware;windows_meterpreter_reverse_https.exe;Detectados;Troyano;Alta;Parcial;TFM-VI\V;Usuario activo
Hoy, 5/28/2026 3:01:05 AM;\\VBoxSvr\machine_malware\windows_pingback_reverse_tcp.exeUPX0UPX2;Detectados;Objeto malicioso detectado;HEUR:Trojan.Win32.Generic;Hash;Archivo;\\VBoxSvr\machine_malware;windows_pingback_reverse_tcp.exeUPX0UPX2;Detectados;Troyano;Alta;Parcial;TFM-VI\V;Usuario activo
Hoy, 5/28/2026 3:01:06 AM;\\VBoxSvr\machine_malware\windows_shell_reverse_tcp_rc4.exe;Detectados;Objeto malicioso detectado;HEUR:Trojan.Win32.Generic;Hash;Archivo;\\VBoxSvr\machine_malware;windows_shell_reverse_tcp_rc4.exe;Detectados;Troyano;Alta;Parcial;TFM-VI\V;Usuario activo
Hoy, 5/28/2026 3:01:05 AM;\\VBoxSvr\machine_malware\windows_pingback_reverse_tcp.exeUPX0UPX2;Eliminado;Objeto eliminado;HEUR:Trojan.Win32.Generic;;Archivo;\\VBoxSvr\machine_malware;windows_pingback_reverse_tcp.exeUPX0UPX2;Eliminado;Troyano;Alta;Parcial;TFM-VI\V;Usuario activo
Hoy, 5/28/2026 3:01:05 AM;\\VBoxSvr\machine_malware\windows_pingback_reverse_tcp.exeUPX0UPX2;Copia de seguridad creada;Se ha creado una copia de seguridad del objeto;HEUR:Trojan.Win32.Generic;;Archivo;\\VBoxSvr\machine_malware;windows_pingback_reverse_tcp.exeUPX0UPX2;Copia de seguridad creada;Troyano;Alta;Parcial;TFM-VI\V;Usuario activo
Hoy, 5/28/2026 3:01:06 AM;\\VBoxSvr\machine_malware\windows_shell_reverse_tcp_rc4.exe;Copia de seguridad creada;Se ha creado una copia de seguridad del objeto;HEUR:Trojan.Win32.Generic;;Archivo;\\VBoxSvr\machine_malware;windows_shell_reverse_tcp_rc4.exe;Copia de seguridad creada;Troyano;Alta;Parcial;TFM-VI\V;Usuario activo
Hoy, 5/28/2026 3:01:07 AM;\\VBoxSvr\machine_malware\windows_shell_reverse_tcp_rc4.exe;Eliminado;Objeto eliminado;HEUR:Trojan.Win32.Generic;;Archivo;\\VBoxSvr\machine_malware;windows_shell_reverse_tcp_rc4.exe;Eliminado;Troyano;Alta;Parcial;TFM-VI\V;Usuario activo
Hoy, 5/28/2026 3:01:07 AM;\\VBoxSvr\machine_malware\windows_pingback_reverse_tcp.exeUPX0;Detectados;Objeto malicioso detectado;HEUR:Trojan.Win32.Generic;Hash;Archivo;\\VBoxSvr\machine_malware;windows_pingback_reverse_tcp.exeUPX0;Detectados;Troyano;Alta;Parcial;TFM-VI\V;Usuario activo
Hoy, 5/28/2026 3:01:08 AM;\\VBoxSvr\machine_malware\windows_powershell_reverse_tcp.exeUPX2;Detectados;Objeto malicioso detectado;HEUR:Trojan.Win32.Generic;Hash;Archivo;\\VBoxSvr\machine_malware;windows_powershell_reverse_tcp.exeUPX2;Detectados;Troyano;Alta;Análisis heurístico;TFM-VI\V;Usuario activo
Hoy, 5/28/2026 3:01:07 AM;\\VBoxSvr\machine_malware\windows_pingback_reverse_tcp.exeUPX0;Eliminado;Objeto eliminado;HEUR:Trojan.Win32.Generic;;Archivo;\\VBoxSvr\machine_malware;windows_pingback_reverse_tcp.exeUPX0;Eliminado;Troyano;Alta;Parcial;TFM-VI\V;Usuario activo
Hoy, 5/28/2026 3:01:08 AM;\\VBoxSvr\machine_malware\windows_powershell_reverse_tcp.exeUPX2;Eliminado;Objeto eliminado;HEUR:Trojan.Win32.Generic;;Archivo;\\VBoxSvr\machine_malware;windows_powershell_reverse_tcp.exeUPX2;Eliminado;Troyano;Alta;Análisis heurístico;TFM-VI\V;Usuario activo
Hoy, 5/28/2026 3:01:07 AM;\\VBoxSvr\machine_malware\windows_pingback_reverse_tcp.exeUPX0;Copia de seguridad creada;Se ha creado una copia de seguridad del objeto;HEUR:Trojan.Win32.Generic;;Archivo;\\VBoxSvr\machine_malware;windows_pingback_reverse_tcp.exeUPX0;Copia de seguridad creada;Troyano;Alta;Parcial;TFM-VI\V;Usuario activo
Hoy, 5/28/2026 3:01:08 AM;\\VBoxSvr\machine_malware\windows_powershell_reverse_tcp.exeUPX2;Copia de seguridad creada;Se ha creado una copia de seguridad del objeto;HEUR:Trojan.Win32.Generic;;Archivo;\\VBoxSvr\machine_malware;windows_powershell_reverse_tcp.exeUPX2;Copia de seguridad creada;Troyano;Alta;Análisis heurístico;TFM-VI\V;Usuario activo
Hoy, 5/28/2026 3:01:08 AM;\\VBoxSvr\machine_malware\windows_pingback_reverse_tcp.exe;Detectados;Objeto malicioso detectado;HEUR:Trojan.Win32.Generic;Hash;Archivo;\\VBoxSvr\machine_malware;windows_pingback_reverse_tcp.exe;Detectados;Troyano;Alta;Parcial;TFM-VI\V;Usuario activo
Hoy, 5/28/2026 3:01:09 AM;\\VBoxSvr\machine_malware\windows_exec.exeUPX0UPX2;Detectados;Objeto malicioso detectado;HEUR:Trojan.Win32.Generic;Hash;Archivo;\\VBoxSvr\machine_malware;windows_exec.exeUPX0UPX2;Detectados;Troyano;Alta;Análisis heurístico;TFM-VI\V;Usuario activo
Hoy, 5/28/2026 3:01:09 AM;\\VBoxSvr\machine_malware\windows_shell_bind_hidden_ipknock_tcp.exeUPX2;Detectados;Objeto malicioso detectado;HEUR:Trojan.Win32.Generic;Hash;Archivo;\\VBoxSvr\machine_malware;windows_shell_bind_hidden_ipknock_tcp.exeUPX2;Detectados;Troyano;Alta;Parcial;TFM-VI\V;Usuario activo
Hoy, 5/28/2026 3:01:09 AM;\\VBoxSvr\machine_malware\windows_pingback_reverse_tcp.exe;Eliminado;Objeto eliminado;HEUR:Trojan.Win32.Generic;;Archivo;\\VBoxSvr\machine_malware;windows_pingback_reverse_tcp.exe;Eliminado;Troyano;Alta;Parcial;TFM-VI\V;Usuario activo
Hoy, 5/28/2026 3:01:09 AM;\\VBoxSvr\machine_malware\windows_exec.exeUPX0UPX2;Eliminado;Objeto eliminado;HEUR:Trojan.Win32.Generic;;Archivo;\\VBoxSvr\machine_malware;windows_exec.exeUPX0UPX2;Eliminado;Troyano;Alta;Análisis heurístico;TFM-VI\V;Usuario activo
Hoy, 5/28/2026 3:01:09 AM;\\VBoxSvr\machine_malware\windows_shell_bind_hidden_ipknock_tcp.exeUPX2;Eliminado;Objeto eliminado;HEUR:Trojan.Win32.Generic;;Archivo;\\VBoxSvr\machine_malware;windows_shell_bind_hidden_ipknock_tcp.exeUPX2;Eliminado;Troyano;Alta;Parcial;TFM-VI\V;Usuario activo
Hoy, 5/28/2026 3:01:08 AM;\\VBoxSvr\machine_malware\windows_pingback_reverse_tcp.exe;Copia de seguridad creada;Se ha creado una copia de seguridad del objeto;HEUR:Trojan.Win32.Generic;;Archivo;\\VBoxSvr\machine_malware;windows_pingback_reverse_tcp.exe;Copia de seguridad creada;Troyano;Alta;Parcial;TFM-VI\V;Usuario activo
Hoy, 5/28/2026 3:01:09 AM;\\VBoxSvr\machine_malware\windows_exec.exeUPX0UPX2;Copia de seguridad creada;Se ha creado una copia de seguridad del objeto;HEUR:Trojan.Win32.Generic;;Archivo;\\VBoxSvr\machine_malware;windows_exec.exeUPX0UPX2;Copia de seguridad creada;Troyano;Alta;Análisis heurístico;TFM-VI\V;Usuario activo
Hoy, 5/28/2026 3:01:09 AM;\\VBoxSvr\machine_malware\windows_shell_bind_hidden_ipknock_tcp.exeUPX2;Copia de seguridad creada;Se ha creado una copia de seguridad del objeto;HEUR:Trojan.Win32.Generic;;Archivo;\\VBoxSvr\machine_malware;windows_shell_bind_hidden_ipknock_tcp.exeUPX2;Copia de seguridad creada;Troyano;Alta;Parcial;TFM-VI\V;Usuario activo
Hoy, 5/28/2026 3:01:09 AM;\\VBoxSvr\machine_malware\windows_shell_reverse_tcp_rc4.exeUPX0UPX2;Detectados;Objeto malicioso detectado;HEUR:Trojan.Win32.Generic;Hash;Archivo;\\VBoxSvr\machine_malware;windows_shell_reverse_tcp_rc4.exeUPX0UPX2;Detectados;Troyano;Alta;Parcial;TFM-VI\V;Usuario activo
Hoy, 5/28/2026 3:01:10 AM;\\VBoxSvr\machine_malware\windows_powershell_reverse_tcp_ssl.exeUPX0UPX2;Detectados;Objeto malicioso detectado;HEUR:Trojan.Win32.Generic;Hash;Archivo;\\VBoxSvr\machine_malware;windows_powershell_reverse_tcp_ssl.exeUPX0UPX2;Detectados;Troyano;Alta;Análisis heurístico;TFM-VI\V;Usuario activo
Hoy, 5/28/2026 3:01:09 AM;\\VBoxSvr\machine_malware\windows_shell_reverse_tcp_rc4.exeUPX0UPX2;Eliminado;Objeto eliminado;HEUR:Trojan.Win32.Generic;;Archivo;\\VBoxSvr\machine_malware;windows_shell_reverse_tcp_rc4.exeUPX0UPX2;Eliminado;Troyano;Alta;Parcial;TFM-VI\V;Usuario activo
Hoy, 5/28/2026 3:01:09 AM;\\VBoxSvr\machine_malware\windows_shell_reverse_tcp_rc4.exeUPX0UPX2;Copia de seguridad creada;Se ha creado una copia de seguridad del objeto;HEUR:Trojan.Win32.Generic;;Archivo;\\VBoxSvr\machine_malware;windows_shell_reverse_tcp_rc4.exeUPX0UPX2;Copia de seguridad creada;Troyano;Alta;Parcial;TFM-VI\V;Usuario activo
Hoy, 5/28/2026 3:01:10 AM;\\VBoxSvr\machine_malware\windows_powershell_reverse_tcp_ssl.exeUPX0UPX2;Copia de seguridad creada;Se ha creado una copia de seguridad del objeto;HEUR:Trojan.Win32.Generic;;Archivo;\\VBoxSvr\machine_malware;windows_powershell_reverse_tcp_ssl.exeUPX0UPX2;Copia de seguridad creada;Troyano;Alta;Análisis heurístico;TFM-VI\V;Usuario activo
Hoy, 5/28/2026 3:01:11 AM;\\VBoxSvr\machine_malware\windows_pingback_bind_tcp.exe;Detectados;Objeto malicioso detectado;HEUR:Trojan.Win32.Generic;Hash;Archivo;\\VBoxSvr\machine_malware;windows_pingback_bind_tcp.exe;Detectados;Troyano;Alta;Parcial;TFM-VI\V;Usuario activo
Hoy, 5/28/2026 3:01:10 AM;\\VBoxSvr\machine_malware\windows_powershell_reverse_tcp_ssl.exeUPX0UPX2;Eliminado;Objeto eliminado;HEUR:Trojan.Win32.Generic;;Archivo;\\VBoxSvr\machine_malware;windows_powershell_reverse_tcp_ssl.exeUPX0UPX2;Eliminado;Troyano;Alta;Análisis heurístico;TFM-VI\V;Usuario activo
Hoy, 5/28/2026 3:01:11 AM;\\VBoxSvr\machine_malware\windows_pingback_bind_tcp.exe;Eliminado;Objeto eliminado;HEUR:Trojan.Win32.Generic;;Archivo;\\VBoxSvr\machine_malware;windows_pingback_bind_tcp.exe;Eliminado;Troyano;Alta;Parcial;TFM-VI\V;Usuario activo
Hoy, 5/28/2026 3:01:11 AM;\\VBoxSvr\machine_malware\windows_pingback_bind_tcp.exe;Copia de seguridad creada;Se ha creado una copia de seguridad del objeto;HEUR:Trojan.Win32.Generic;;Archivo;\\VBoxSvr\machine_malware;windows_pingback_bind_tcp.exe;Copia de seguridad creada;Troyano;Alta;Parcial;TFM-VI\V;Usuario activo
Hoy, 5/28/2026 3:01:12 AM;\\VBoxSvr\machine_malware\windows_powershell_bind_tcp.exeUPX0UPX2;Detectados;Objeto malicioso detectado;HEUR:Trojan.Win32.Generic;Hash;Archivo;\\VBoxSvr\machine_malware;windows_powershell_bind_tcp.exeUPX0UPX2;Detectados;Troyano;Alta;Análisis heurístico;TFM-VI\V;Usuario activo
Hoy, 5/28/2026 3:01:12 AM;\\VBoxSvr\machine_malware\windows_powershell_bind_tcp.exeUPX0UPX2;Eliminado;Objeto eliminado;HEUR:Trojan.Win32.Generic;;Archivo;\\VBoxSvr\machine_malware;windows_powershell_bind_tcp.exeUPX0UPX2;Eliminado;Troyano;Alta;Análisis heurístico;TFM-VI\V;Usuario activo
Hoy, 5/28/2026 3:01:12 AM;\\VBoxSvr\machine_malware\windows_powershell_bind_tcp.exeUPX0UPX2;Copia de seguridad creada;Se ha creado una copia de seguridad del objeto;HEUR:Trojan.Win32.Generic;;Archivo;\\VBoxSvr\machine_malware;windows_powershell_bind_tcp.exeUPX0UPX2;Copia de seguridad creada;Troyano;Alta;Análisis heurístico;TFM-VI\V;Usuario activo
Hoy, 5/28/2026 3:01:13 AM;\\VBoxSvr\machine_malware\windows_shell_bind_hidden_ipknock_tcp.exeUPX0UPX2;Detectados;Objeto malicioso detectado;HEUR:Trojan.Win32.Generic;Hash;Archivo;\\VBoxSvr\machine_malware;windows_shell_bind_hidden_ipknock_tcp.exeUPX0UPX2;Detectados;Troyano;Alta;Parcial;TFM-VI\V;Usuario activo
Hoy, 5/28/2026 3:01:13 AM;\\VBoxSvr\machine_malware\windows_powershell_reverse_tcp.exeUPX0;Detectados;Objeto malicioso detectado;HEUR:Trojan.Win32.Generic;Hash;Archivo;\\VBoxSvr\machine_malware;windows_powershell_reverse_tcp.exeUPX0;Detectados;Troyano;Alta;Análisis heurístico;TFM-VI\V;Usuario activo
Hoy, 5/28/2026 3:01:13 AM;\\VBoxSvr\machine_malware\windows_shell_bind_hidden_ipknock_tcp.exeUPX0UPX2;Eliminado;Objeto eliminado;HEUR:Trojan.Win32.Generic;;Archivo;\\VBoxSvr\machine_malware;windows_shell_bind_hidden_ipknock_tcp.exeUPX0UPX2;Eliminado;Troyano;Alta;Parcial;TFM-VI\V;Usuario activo
Hoy, 5/28/2026 3:01:13 AM;\\VBoxSvr\machine_malware\windows_shell_bind_hidden_ipknock_tcp.exeUPX0UPX2;Copia de seguridad creada;Se ha creado una copia de seguridad del objeto;HEUR:Trojan.Win32.Generic;;Archivo;\\VBoxSvr\machine_malware;windows_shell_bind_hidden_ipknock_tcp.exeUPX0UPX2;Copia de seguridad creada;Troyano;Alta;Parcial;TFM-VI\V;Usuario activo
Hoy, 5/28/2026 3:01:13 AM;\\VBoxSvr\machine_malware\windows_powershell_reverse_tcp.exeUPX0;Copia de seguridad creada;Se ha creado una copia de seguridad del objeto;HEUR:Trojan.Win32.Generic;;Archivo;\\VBoxSvr\machine_malware;windows_powershell_reverse_tcp.exeUPX0;Copia de seguridad creada;Troyano;Alta;Análisis heurístico;TFM-VI\V;Usuario activo
Hoy, 5/28/2026 3:01:14 AM;\\VBoxSvr\machine_malware\windows_powershell_reverse_tcp.exeUPX0;Eliminado;Objeto eliminado;HEUR:Trojan.Win32.Generic;;Archivo;\\VBoxSvr\machine_malware;windows_powershell_reverse_tcp.exeUPX0;Eliminado;Troyano;Alta;Análisis heurístico;TFM-VI\V;Usuario activo
Hoy, 5/28/2026 3:01:22 AM;\\VBoxSvr\machine_malware\windows_meterpreter_reverse_tcp.exeUPX0;Detectados;Objeto malicioso detectado;HEUR:Trojan.Win32.Generic;Hash;Archivo;\\VBoxSvr\machine_malware;windows_meterpreter_reverse_tcp.exeUPX0;Detectados;Troyano;Alta;Parcial;TFM-VI\V;Usuario activo
Hoy, 5/28/2026 3:01:23 AM;\\VBoxSvr\machine_malware\windows_meterpreter_reverse_tcp.exeUPX0;Eliminado;Objeto eliminado;HEUR:Trojan.Win32.Generic;;Archivo;\\VBoxSvr\machine_malware;windows_meterpreter_reverse_tcp.exeUPX0;Eliminado;Troyano;Alta;Parcial;TFM-VI\V;Usuario activo
Hoy, 5/28/2026 3:01:22 AM;\\VBoxSvr\machine_malware\windows_meterpreter_reverse_tcp.exeUPX0;Copia de seguridad creada;Se ha creado una copia de seguridad del objeto;HEUR:Trojan.Win32.Generic;;Archivo;\\VBoxSvr\machine_malware;windows_meterpreter_reverse_tcp.exeUPX0;Copia de seguridad creada;Troyano;Alta;Parcial;TFM-VI\V;Usuario activo
Hoy, 5/28/2026 3:01:34 AM;\\VBoxSvr\machine_malware\windows_meterpreter_reverse_http.exeUPX0;Detectados;Objeto malicioso detectado;HEUR:Trojan.Win32.Generic;Hash;Archivo;\\VBoxSvr\machine_malware;windows_meterpreter_reverse_http.exeUPX0;Detectados;Troyano;Alta;Parcial;TFM-VI\V;Usuario activo
Hoy, 5/28/2026 3:01:34 AM;\\VBoxSvr\machine_malware\windows_shell_hidden_bind_tcp.exeUPX0UPX2;Detectados;Objeto malicioso detectado;HEUR:Trojan.Win32.Generic;Hash;Archivo;\\VBoxSvr\machine_malware;windows_shell_hidden_bind_tcp.exeUPX0UPX2;Detectados;Troyano;Alta;Parcial;TFM-VI\V;Usuario activo
Hoy, 5/28/2026 3:01:34 AM;\\VBoxSvr\machine_malware\windows_meterpreter_reverse_http.exeUPX0;Eliminado;Objeto eliminado;HEUR:Trojan.Win32.Generic;;Archivo;\\VBoxSvr\machine_malware;windows_meterpreter_reverse_http.exeUPX0;Eliminado;Troyano;Alta;Parcial;TFM-VI\V;Usuario activo
Hoy, 5/28/2026 3:01:34 AM;\\VBoxSvr\machine_malware\windows_shell_hidden_bind_tcp.exeUPX0UPX2;Eliminado;Objeto eliminado;HEUR:Trojan.Win32.Generic;;Archivo;\\VBoxSvr\machine_malware;windows_shell_hidden_bind_tcp.exeUPX0UPX2;Eliminado;Troyano;Alta;Parcial;TFM-VI\V;Usuario activo
Hoy, 5/28/2026 3:01:34 AM;\\VBoxSvr\machine_malware\windows_meterpreter_reverse_http.exeUPX0;Copia de seguridad creada;Se ha creado una copia de seguridad del objeto;HEUR:Trojan.Win32.Generic;;Archivo;\\VBoxSvr\machine_malware;windows_meterpreter_reverse_http.exeUPX0;Copia de seguridad creada;Troyano;Alta;Parcial;TFM-VI\V;Usuario activo
Hoy, 5/28/2026 3:01:34 AM;\\VBoxSvr\machine_malware\windows_shell_hidden_bind_tcp.exeUPX0UPX2;Copia de seguridad creada;Se ha creado una copia de seguridad del objeto;HEUR:Trojan.Win32.Generic;;Archivo;\\VBoxSvr\machine_malware;windows_shell_hidden_bind_tcp.exeUPX0UPX2;Copia de seguridad creada;Troyano;Alta;Parcial;TFM-VI\V;Usuario activo
Hoy, 5/28/2026 3:01:35 AM;\\VBoxSvr\machine_malware\windows_exec.exe;Detectados;Objeto malicioso detectado;HEUR:Trojan.Win32.Generic;Hash;Archivo;\\VBoxSvr\machine_malware;windows_exec.exe;Detectados;Troyano;Alta;Análisis heurístico;TFM-VI\V;Usuario activo
Hoy, 5/28/2026 3:01:35 AM;\\VBoxSvr\machine_malware\windows_exec.exe;Copia de seguridad creada;Se ha creado una copia de seguridad del objeto;HEUR:Trojan.Win32.Generic;;Archivo;\\VBoxSvr\machine_malware;windows_exec.exe;Copia de seguridad creada;Troyano;Alta;Análisis heurístico;TFM-VI\V;Usuario activo
Hoy, 5/28/2026 3:01:35 AM;\\VBoxSvr\machine_malware\windows_exec.exe;Eliminado;Objeto eliminado;HEUR:Trojan.Win32.Generic;;Archivo;\\VBoxSvr\machine_malware;windows_exec.exe;Eliminado;Troyano;Alta;Análisis heurístico;TFM-VI\V;Usuario activo
Hoy, 5/28/2026 3:01:36 AM;\\VBoxSvr\machine_malware\windows_powershell_bind_tcp.exeUPX2;Detectados;Objeto malicioso detectado;HEUR:Trojan.Win32.Generic;Hash;Archivo;\\VBoxSvr\machine_malware;windows_powershell_bind_tcp.exeUPX2;Detectados;Troyano;Alta;Análisis heurístico;TFM-VI\V;Usuario activo
Hoy, 5/28/2026 3:01:37 AM;\\VBoxSvr\machine_malware\windows_powershell_reverse_tcp.exeUPX0UPX2;Detectados;Objeto malicioso detectado;HEUR:Trojan.Win32.Generic;Hash;Archivo;\\VBoxSvr\machine_malware;windows_powershell_reverse_tcp.exeUPX0UPX2;Detectados;Troyano;Alta;Análisis heurístico;TFM-VI\V;Usuario activo
Hoy, 5/28/2026 3:01:36 AM;\\VBoxSvr\machine_malware\windows_powershell_bind_tcp.exeUPX2;Eliminado;Objeto eliminado;HEUR:Trojan.Win32.Generic;;Archivo;\\VBoxSvr\machine_malware;windows_powershell_bind_tcp.exeUPX2;Eliminado;Troyano;Alta;Análisis heurístico;TFM-VI\V;Usuario activo
Hoy, 5/28/2026 3:01:36 AM;\\VBoxSvr\machine_malware\windows_powershell_bind_tcp.exeUPX2;Copia de seguridad creada;Se ha creado una copia de seguridad del objeto;HEUR:Trojan.Win32.Generic;;Archivo;\\VBoxSvr\machine_malware;windows_powershell_bind_tcp.exeUPX2;Copia de seguridad creada;Troyano;Alta;Análisis heurístico;TFM-VI\V;Usuario activo
Hoy, 5/28/2026 3:01:37 AM;\\VBoxSvr\machine_malware\windows_powershell_reverse_tcp.exeUPX0UPX2;Copia de seguridad creada;Se ha creado una copia de seguridad del objeto;HEUR:Trojan.Win32.Generic;;Archivo;\\VBoxSvr\machine_malware;windows_powershell_reverse_tcp.exeUPX0UPX2;Copia de seguridad creada;Troyano;Alta;Análisis heurístico;TFM-VI\V;Usuario activo
Hoy, 5/28/2026 3:01:37 AM;\\VBoxSvr\machine_malware\windows_powershell_reverse_tcp.exeUPX0UPX2;Eliminado;Objeto eliminado;HEUR:Trojan.Win32.Generic;;Archivo;\\VBoxSvr\machine_malware;windows_powershell_reverse_tcp.exeUPX0UPX2;Eliminado;Troyano;Alta;Análisis heurístico;TFM-VI\V;Usuario activo
Hoy, 5/28/2026 3:01:40 AM;\\VBoxSvr\machine_malware\windows_powershell_reverse_tcp.exe;Detectados;Objeto malicioso detectado;HEUR:Trojan.Win32.Generic;Hash;Archivo;\\VBoxSvr\machine_malware;windows_powershell_reverse_tcp.exe;Detectados;Troyano;Alta;Análisis heurístico;TFM-VI\V;Usuario activo
Hoy, 5/28/2026 3:01:41 AM;\\VBoxSvr\machine_malware\windows_powershell_reverse_tcp.exe;Eliminado;Objeto eliminado;HEUR:Trojan.Win32.Generic;;Archivo;\\VBoxSvr\machine_malware;windows_powershell_reverse_tcp.exe;Eliminado;Troyano;Alta;Análisis heurístico;TFM-VI\V;Usuario activo
Hoy, 5/28/2026 3:01:40 AM;\\VBoxSvr\machine_malware\windows_powershell_reverse_tcp.exe;Copia de seguridad creada;Se ha creado una copia de seguridad del objeto;HEUR:Trojan.Win32.Generic;;Archivo;\\VBoxSvr\machine_malware;windows_powershell_reverse_tcp.exe;Copia de seguridad creada;Troyano;Alta;Análisis heurístico;TFM-VI\V;Usuario activo
Hoy, 5/28/2026 3:01:52 AM;\\VBoxSvr\machine_malware\windows_meterpreter_reverse_tcp.exeUPX0UPX2;Detectados;Objeto malicioso detectado;HEUR:Trojan.Win32.Generic;Hash;Archivo;\\VBoxSvr\machine_malware;windows_meterpreter_reverse_tcp.exeUPX0UPX2;Detectados;Troyano;Alta;Parcial;TFM-VI\V;Usuario activo
Hoy, 5/28/2026 3:01:52 AM;\\VBoxSvr\machine_malware\windows_meterpreter_reverse_tcp.exeUPX0UPX2;Eliminado;Objeto eliminado;HEUR:Trojan.Win32.Generic;;Archivo;\\VBoxSvr\machine_malware;windows_meterpreter_reverse_tcp.exeUPX0UPX2;Eliminado;Troyano;Alta;Parcial;TFM-VI\V;Usuario activo
Hoy, 5/28/2026 3:01:52 AM;\\VBoxSvr\machine_malware\windows_meterpreter_reverse_tcp.exeUPX0UPX2;Copia de seguridad creada;Se ha creado una copia de seguridad del objeto;HEUR:Trojan.Win32.Generic;;Archivo;\\VBoxSvr\machine_malware;windows_meterpreter_reverse_tcp.exeUPX0UPX2;Copia de seguridad creada;Troyano;Alta;Parcial;TFM-VI\V;Usuario activo
Hoy, 5/28/2026 3:01:53 AM;\\VBoxSvr\machine_malware\windows_powershell_bind_tcp.exe;Detectados;Objeto malicioso detectado;HEUR:Trojan.Win32.Generic;Hash;Archivo;\\VBoxSvr\machine_malware;windows_powershell_bind_tcp.exe;Detectados;Troyano;Alta;Análisis heurístico;TFM-VI\V;Usuario activo
Hoy, 5/28/2026 3:01:54 AM;\\VBoxSvr\machine_malware\windows_powershell_bind_tcp.exe;Eliminado;Objeto eliminado;HEUR:Trojan.Win32.Generic;;Archivo;\\VBoxSvr\machine_malware;windows_powershell_bind_tcp.exe;Eliminado;Troyano;Alta;Análisis heurístico;TFM-VI\V;Usuario activo
Hoy, 5/28/2026 3:01:53 AM;\\VBoxSvr\machine_malware\windows_powershell_bind_tcp.exe;Copia de seguridad creada;Se ha creado una copia de seguridad del objeto;HEUR:Trojan.Win32.Generic;;Archivo;\\VBoxSvr\machine_malware;windows_powershell_bind_tcp.exe;Copia de seguridad creada;Troyano;Alta;Análisis heurístico;TFM-VI\V;Usuario activo
Hoy, 5/28/2026 3:02:07 AM;\\VBoxSvr\machine_malware\windows_meterpreter_reverse_http.exeUPX2;Detectados;Objeto malicioso detectado;HEUR:Trojan.Win32.Generic;Hash;Archivo;\\VBoxSvr\machine_malware;windows_meterpreter_reverse_http.exeUPX2;Detectados;Troyano;Alta;Parcial;TFM-VI\V;Usuario activo
Hoy, 5/28/2026 3:02:07 AM;\\VBoxSvr\machine_malware\windows_meterpreter_reverse_http.exeUPX2;Eliminado;Objeto eliminado;HEUR:Trojan.Win32.Generic;;Archivo;\\VBoxSvr\machine_malware;windows_meterpreter_reverse_http.exeUPX2;Eliminado;Troyano;Alta;Parcial;TFM-VI\V;Usuario activo
Hoy, 5/28/2026 3:02:07 AM;\\VBoxSvr\machine_malware\windows_meterpreter_reverse_http.exeUPX2;Copia de seguridad creada;Se ha creado una copia de seguridad del objeto;HEUR:Trojan.Win32.Generic;;Archivo;\\VBoxSvr\machine_malware;windows_meterpreter_reverse_http.exeUPX2;Copia de seguridad creada;Troyano;Alta;Parcial;TFM-VI\V;Usuario activo
Hoy, 5/28/2026 3:02:19 AM;\\VBoxSvr\machine_malware\windows_meterpreter_reverse_https.exeUPX0UPX2;Detectados;Objeto malicioso detectado;HEUR:Trojan.Win32.Generic;Hash;Archivo;\\VBoxSvr\machine_malware;windows_meterpreter_reverse_https.exeUPX0UPX2;Detectados;Troyano;Alta;Parcial;TFM-VI\V;Usuario activo
Hoy, 5/28/2026 3:02:19 AM;\\VBoxSvr\machine_malware\windows_meterpreter_reverse_https.exeUPX0UPX2;Eliminado;Objeto eliminado;HEUR:Trojan.Win32.Generic;;Archivo;\\VBoxSvr\machine_malware;windows_meterpreter_reverse_https.exeUPX0UPX2;Eliminado;Troyano;Alta;Parcial;TFM-VI\V;Usuario activo
Hoy, 5/28/2026 3:02:19 AM;\\VBoxSvr\machine_malware\windows_meterpreter_reverse_https.exeUPX0UPX2;Copia de seguridad creada;Se ha creado una copia de seguridad del objeto;HEUR:Trojan.Win32.Generic;;Archivo;\\VBoxSvr\machine_malware;windows_meterpreter_reverse_https.exeUPX0UPX2;Copia de seguridad creada;Troyano;Alta;Parcial;TFM-VI\V;Usuario activo
Hoy, 5/28/2026 3:02:31 AM;\\VBoxSvr\machine_malware\windows_meterpreter_reverse_http.exe;Detectados;Objeto malicioso detectado;HEUR:Trojan.Win32.Generic;Hash;Archivo;\\VBoxSvr\machine_malware;windows_meterpreter_reverse_http.exe;Detectados;Troyano;Alta;Parcial;TFM-VI\V;Usuario activo
Hoy, 5/28/2026 3:02:31 AM;\\VBoxSvr\machine_malware\windows_meterpreter_reverse_http.exe;Eliminado;Objeto eliminado;HEUR:Trojan.Win32.Generic;;Archivo;\\VBoxSvr\machine_malware;windows_meterpreter_reverse_http.exe;Eliminado;Troyano;Alta;Parcial;TFM-VI\V;Usuario activo
Hoy, 5/28/2026 3:02:31 AM;\\VBoxSvr\machine_malware\windows_meterpreter_reverse_http.exe;Copia de seguridad creada;Se ha creado una copia de seguridad del objeto;HEUR:Trojan.Win32.Generic;;Archivo;\\VBoxSvr\machine_malware;windows_meterpreter_reverse_http.exe;Copia de seguridad creada;Troyano;Alta;Parcial;TFM-VI\V;Usuario activo
Hoy, 5/28/2026 3:02:46 AM;\\VBoxSvr\machine_malware\windows_meterpreter_reverse_https.exeUPX0;Detectados;Objeto malicioso detectado;HEUR:Trojan.Win32.Generic;Hash;Archivo;\\VBoxSvr\machine_malware;windows_meterpreter_reverse_https.exeUPX0;Detectados;Troyano;Alta;Parcial;TFM-VI\V;Usuario activo
Hoy, 5/28/2026 3:02:47 AM;\\VBoxSvr\machine_malware\windows_pingback_reverse_tcp.exeUPX2;Detectados;Objeto malicioso detectado;HEUR:Trojan.Win32.Generic;Hash;Archivo;\\VBoxSvr\machine_malware;windows_pingback_reverse_tcp.exeUPX2;Detectados;Troyano;Alta;Parcial;TFM-VI\V;Usuario activo
Hoy, 5/28/2026 3:02:46 AM;\\VBoxSvr\machine_malware\windows_meterpreter_reverse_https.exeUPX0;Eliminado;Objeto eliminado;HEUR:Trojan.Win32.Generic;;Archivo;\\VBoxSvr\machine_malware;windows_meterpreter_reverse_https.exeUPX0;Eliminado;Troyano;Alta;Parcial;TFM-VI\V;Usuario activo
Hoy, 5/28/2026 3:02:47 AM;\\VBoxSvr\machine_malware\windows_pingback_reverse_tcp.exeUPX2;Eliminado;Objeto eliminado;HEUR:Trojan.Win32.Generic;;Archivo;\\VBoxSvr\machine_malware;windows_pingback_reverse_tcp.exeUPX2;Eliminado;Troyano;Alta;Parcial;TFM-VI\V;Usuario activo
Hoy, 5/28/2026 3:02:46 AM;\\VBoxSvr\machine_malware\windows_meterpreter_reverse_https.exeUPX0;Copia de seguridad creada;Se ha creado una copia de seguridad del objeto;HEUR:Trojan.Win32.Generic;;Archivo;\\VBoxSvr\machine_malware;windows_meterpreter_reverse_https.exeUPX0;Copia de seguridad creada;Troyano;Alta;Parcial;TFM-VI\V;Usuario activo
Hoy, 5/28/2026 3:02:47 AM;\\VBoxSvr\machine_malware\windows_pingback_reverse_tcp.exeUPX2;Copia de seguridad creada;Se ha creado una copia de seguridad del objeto;HEUR:Trojan.Win32.Generic;;Archivo;\\VBoxSvr\machine_malware;windows_pingback_reverse_tcp.exeUPX2;Copia de seguridad creada;Troyano;Alta;Parcial;TFM-VI\V;Usuario activo
Hoy, 5/28/2026 3:03:01 AM;\\VBoxSvr\machine_malware\windows_meterpreter_reverse_tcp.exe;Detectados;Objeto malicioso detectado;HEUR:Trojan.Win32.Generic;Hash;Archivo;\\VBoxSvr\machine_malware;windows_meterpreter_reverse_tcp.exe;Detectados;Troyano;Alta;Parcial;TFM-VI\V;Usuario activo
Hoy, 5/28/2026 3:03:01 AM;\\VBoxSvr\machine_malware\windows_shell_bind_hidden_ipknock_tcp.exeUPX0;Detectados;Objeto malicioso detectado;HEUR:Trojan.Win32.Generic;Hash;Archivo;\\VBoxSvr\machine_malware;windows_shell_bind_hidden_ipknock_tcp.exeUPX0;Detectados;Troyano;Alta;Parcial;TFM-VI\V;Usuario activo
Hoy, 5/28/2026 3:03:01 AM;\\VBoxSvr\machine_malware\windows_meterpreter_reverse_tcp.exe;Eliminado;Objeto eliminado;HEUR:Trojan.Win32.Generic;;Archivo;\\VBoxSvr\machine_malware;windows_meterpreter_reverse_tcp.exe;Eliminado;Troyano;Alta;Parcial;TFM-VI\V;Usuario activo
Hoy, 5/28/2026 3:03:02 AM;\\VBoxSvr\machine_malware\windows_shell_bind_hidden_ipknock_tcp.exeUPX0;Eliminado;Objeto eliminado;HEUR:Trojan.Win32.Generic;;Archivo;\\VBoxSvr\machine_malware;windows_shell_bind_hidden_ipknock_tcp.exeUPX0;Eliminado;Troyano;Alta;Parcial;TFM-VI\V;Usuario activo
Hoy, 5/28/2026 3:03:01 AM;\\VBoxSvr\machine_malware\windows_meterpreter_reverse_tcp.exe;Copia de seguridad creada;Se ha creado una copia de seguridad del objeto;HEUR:Trojan.Win32.Generic;;Archivo;\\VBoxSvr\machine_malware;windows_meterpreter_reverse_tcp.exe;Copia de seguridad creada;Troyano;Alta;Parcial;TFM-VI\V;Usuario activo
Hoy, 5/28/2026 3:03:01 AM;\\VBoxSvr\machine_malware\windows_shell_bind_hidden_ipknock_tcp.exeUPX0;Copia de seguridad creada;Se ha creado una copia de seguridad del objeto;HEUR:Trojan.Win32.Generic;;Archivo;\\VBoxSvr\machine_malware;windows_shell_bind_hidden_ipknock_tcp.exeUPX0;Copia de seguridad creada;Troyano;Alta;Parcial;TFM-VI\V;Usuario activo
Hoy, 5/28/2026 3:03:04 AM;\\VBoxSvr\machine_malware\windows_shell_hidden_bind_tcp.exeUPX0;Detectados;Objeto malicioso detectado;HEUR:Trojan.Win32.Generic;Hash;Archivo;\\VBoxSvr\machine_malware;windows_shell_hidden_bind_tcp.exeUPX0;Detectados;Troyano;Alta;Parcial;TFM-VI\V;Usuario activo
Hoy, 5/28/2026 3:03:05 AM;\\VBoxSvr\machine_malware\windows_shell_hidden_bind_tcp.exeUPX0;Eliminado;Objeto eliminado;HEUR:Trojan.Win32.Generic;;Archivo;\\VBoxSvr\machine_malware;windows_shell_hidden_bind_tcp.exeUPX0;Eliminado;Troyano;Alta;Parcial;TFM-VI\V;Usuario activo
Hoy, 5/28/2026 3:03:04 AM;\\VBoxSvr\machine_malware\windows_shell_hidden_bind_tcp.exeUPX0;Copia de seguridad creada;Se ha creado una copia de seguridad del objeto;HEUR:Trojan.Win32.Generic;;Archivo;\\VBoxSvr\machine_malware;windows_shell_hidden_bind_tcp.exeUPX0;Copia de seguridad creada;Troyano;Alta;Parcial;TFM-VI\V;Usuario activo
Hoy, 5/28/2026 3:03:06 AM;\\VBoxSvr\machine_malware\windows_powershell_reverse_tcp_ssl.exe;Detectados;Objeto malicioso detectado;HEUR:Trojan.Win32.Generic;Hash;Archivo;\\VBoxSvr\machine_malware;windows_powershell_reverse_tcp_ssl.exe;Detectados;Troyano;Alta;Análisis heurístico;TFM-VI\V;Usuario activo
Hoy, 5/28/2026 3:03:06 AM;\\VBoxSvr\machine_malware\windows_powershell_reverse_tcp_ssl.exe;Copia de seguridad creada;Se ha creado una copia de seguridad del objeto;HEUR:Trojan.Win32.Generic;;Archivo;\\VBoxSvr\machine_malware;windows_powershell_reverse_tcp_ssl.exe;Copia de seguridad creada;Troyano;Alta;Análisis heurístico;TFM-VI\V;Usuario activo
Hoy, 5/28/2026 3:03:06 AM;\\VBoxSvr\machine_malware\windows_powershell_reverse_tcp_ssl.exe;Eliminado;Objeto eliminado;HEUR:Trojan.Win32.Generic;;Archivo;\\VBoxSvr\machine_malware;windows_powershell_reverse_tcp_ssl.exe;Eliminado;Troyano;Alta;Análisis heurístico;TFM-VI\V;Usuario activo
Hoy, 5/28/2026 3:03:07 AM;\\VBoxSvr\machine_malware\windows_powershell_reverse_tcp_ssl.exeUPX0;Detectados;Objeto malicioso detectado;HEUR:Trojan.Win32.Generic;Hash;Archivo;\\VBoxSvr\machine_malware;windows_powershell_reverse_tcp_ssl.exeUPX0;Detectados;Troyano;Alta;Análisis heurístico;TFM-VI\V;Usuario activo
Hoy, 5/28/2026 3:03:08 AM;\\VBoxSvr\machine_malware\windows_shell_bind_tcp.exeUPX0;Detectados;Objeto malicioso detectado;HEUR:Trojan.Win32.Generic;Hash;Archivo;\\VBoxSvr\machine_malware;windows_shell_bind_tcp.exeUPX0;Detectados;Troyano;Alta;Parcial;TFM-VI\V;Usuario activo
Hoy, 5/28/2026 3:03:08 AM;\\VBoxSvr\machine_malware\windows_shell_reverse_tcp_rc4.exeUPX0;Detectados;Objeto malicioso detectado;HEUR:Trojan.Win32.Generic;Hash;Archivo;\\VBoxSvr\machine_malware;windows_shell_reverse_tcp_rc4.exeUPX0;Detectados;Troyano;Alta;Parcial;TFM-VI\V;Usuario activo
Hoy, 5/28/2026 3:03:07 AM;\\VBoxSvr\machine_malware\windows_powershell_reverse_tcp_ssl.exeUPX0;Eliminado;Objeto eliminado;HEUR:Trojan.Win32.Generic;;Archivo;\\VBoxSvr\machine_malware;windows_powershell_reverse_tcp_ssl.exeUPX0;Eliminado;Troyano;Alta;Análisis heurístico;TFM-VI\V;Usuario activo
Hoy, 5/28/2026 3:03:08 AM;\\VBoxSvr\machine_malware\windows_shell_bind_tcp.exeUPX0;Eliminado;Objeto eliminado;HEUR:Trojan.Win32.Generic;;Archivo;\\VBoxSvr\machine_malware;windows_shell_bind_tcp.exeUPX0;Eliminado;Troyano;Alta;Parcial;TFM-VI\V;Usuario activo
Hoy, 5/28/2026 3:03:07 AM;\\VBoxSvr\machine_malware\windows_powershell_reverse_tcp_ssl.exeUPX0;Copia de seguridad creada;Se ha creado una copia de seguridad del objeto;HEUR:Trojan.Win32.Generic;;Archivo;\\VBoxSvr\machine_malware;windows_powershell_reverse_tcp_ssl.exeUPX0;Copia de seguridad creada;Troyano;Alta;Análisis heurístico;TFM-VI\V;Usuario activo
Hoy, 5/28/2026 3:03:08 AM;\\VBoxSvr\machine_malware\windows_shell_bind_tcp.exeUPX0;Copia de seguridad creada;Se ha creado una copia de seguridad del objeto;HEUR:Trojan.Win32.Generic;;Archivo;\\VBoxSvr\machine_malware;windows_shell_bind_tcp.exeUPX0;Copia de seguridad creada;Troyano;Alta;Parcial;TFM-VI\V;Usuario activo
Hoy, 5/28/2026 3:03:08 AM;\\VBoxSvr\machine_malware\windows_shell_reverse_tcp_rc4.exeUPX0;Copia de seguridad creada;Se ha creado una copia de seguridad del objeto;HEUR:Trojan.Win32.Generic;;Archivo;\\VBoxSvr\machine_malware;windows_shell_reverse_tcp_rc4.exeUPX0;Copia de seguridad creada;Troyano;Alta;Parcial;TFM-VI\V;Usuario activo
Hoy, 5/28/2026 3:03:08 AM;\\VBoxSvr\machine_malware\windows_shell_reverse_tcp_rc4.exeUPX0;Eliminado;Objeto eliminado;HEUR:Trojan.Win32.Generic;;Archivo;\\VBoxSvr\machine_malware;windows_shell_reverse_tcp_rc4.exeUPX0;Eliminado;Troyano;Alta;Parcial;TFM-VI\V;Usuario activo
Hoy, 5/28/2026 3:03:10 AM;\\VBoxSvr\machine_malware\windows_powershell_reverse_tcp_ssl.exeUPX2;Detectados;Objeto malicioso detectado;HEUR:Trojan.Win32.Generic;Hash;Archivo;\\VBoxSvr\machine_malware;windows_powershell_reverse_tcp_ssl.exeUPX2;Detectados;Troyano;Alta;Análisis heurístico;TFM-VI\V;Usuario activo
Hoy, 5/28/2026 3:03:10 AM;\\VBoxSvr\machine_malware\windows_powershell_reverse_tcp_ssl.exeUPX2;Copia de seguridad creada;Se ha creado una copia de seguridad del objeto;HEUR:Trojan.Win32.Generic;;Archivo;\\VBoxSvr\machine_malware;windows_powershell_reverse_tcp_ssl.exeUPX2;Copia de seguridad creada;Troyano;Alta;Análisis heurístico;TFM-VI\V;Usuario activo
Hoy, 5/28/2026 3:03:11 AM;\\VBoxSvr\machine_malware\windows_pingback_bind_tcp.exeUPX0;Detectados;Objeto malicioso detectado;HEUR:Trojan.Win32.Generic;Hash;Archivo;\\VBoxSvr\machine_malware;windows_pingback_bind_tcp.exeUPX0;Detectados;Troyano;Alta;Parcial;TFM-VI\V;Usuario activo
Hoy, 5/28/2026 3:03:10 AM;\\VBoxSvr\machine_malware\windows_powershell_reverse_tcp_ssl.exeUPX2;Eliminado;Objeto eliminado;HEUR:Trojan.Win32.Generic;;Archivo;\\VBoxSvr\machine_malware;windows_powershell_reverse_tcp_ssl.exeUPX2;Eliminado;Troyano;Alta;Análisis heurístico;TFM-VI\V;Usuario activo
Hoy, 5/28/2026 3:03:11 AM;\\VBoxSvr\machine_malware\windows_pingback_bind_tcp.exeUPX0;Copia de seguridad creada;Se ha creado una copia de seguridad del objeto;HEUR:Trojan.Win32.Generic;;Archivo;\\VBoxSvr\machine_malware;windows_pingback_bind_tcp.exeUPX0;Copia de seguridad creada;Troyano;Alta;Parcial;TFM-VI\V;Usuario activo
Hoy, 5/28/2026 3:03:11 AM;\\VBoxSvr\machine_malware\windows_pingback_bind_tcp.exeUPX2;Detectados;Objeto malicioso detectado;HEUR:Trojan.Win32.Generic;Hash;Archivo;\\VBoxSvr\machine_malware;windows_pingback_bind_tcp.exeUPX2;Detectados;Troyano;Alta;Parcial;TFM-VI\V;Usuario activo
Hoy, 5/28/2026 3:03:11 AM;\\VBoxSvr\machine_malware\windows_pingback_bind_tcp.exeUPX0;Eliminado;Objeto eliminado;HEUR:Trojan.Win32.Generic;;Archivo;\\VBoxSvr\machine_malware;windows_pingback_bind_tcp.exeUPX0;Eliminado;Troyano;Alta;Parcial;TFM-VI\V;Usuario activo
Hoy, 5/28/2026 3:03:12 AM;\\VBoxSvr\machine_malware\windows_pingback_bind_tcp.exeUPX2;Eliminado;Objeto eliminado;HEUR:Trojan.Win32.Generic;;Archivo;\\VBoxSvr\machine_malware;windows_pingback_bind_tcp.exeUPX2;Eliminado;Troyano;Alta;Parcial;TFM-VI\V;Usuario activo
Hoy, 5/28/2026 3:03:11 AM;\\VBoxSvr\machine_malware\windows_pingback_bind_tcp.exeUPX2;Copia de seguridad creada;Se ha creado una copia de seguridad del objeto;HEUR:Trojan.Win32.Generic;;Archivo;\\VBoxSvr\machine_malware;windows_pingback_bind_tcp.exeUPX2;Copia de seguridad creada;Troyano;Alta;Parcial;TFM-VI\V;Usuario activo
Hoy, 5/28/2026 3:03:28 AM;\\VBoxSvr\machine_malware\windows_meterpreter_reverse_https.exeUPX2;Detectados;Objeto malicioso detectado;HEUR:Trojan.Win32.Generic;Hash;Archivo;\\VBoxSvr\machine_malware;windows_meterpreter_reverse_https.exeUPX2;Detectados;Troyano;Alta;Parcial;TFM-VI\V;Usuario activo
Hoy, 5/28/2026 3:03:28 AM;\\VBoxSvr\machine_malware\windows_meterpreter_reverse_https.exeUPX2;Eliminado;Objeto eliminado;HEUR:Trojan.Win32.Generic;;Archivo;\\VBoxSvr\machine_malware;windows_meterpreter_reverse_https.exeUPX2;Eliminado;Troyano;Alta;Parcial;TFM-VI\V;Usuario activo
Hoy, 5/28/2026 3:03:28 AM;\\VBoxSvr\machine_malware\windows_meterpreter_reverse_https.exeUPX2;Copia de seguridad creada;Se ha creado una copia de seguridad del objeto;HEUR:Trojan.Win32.Generic;;Archivo;\\VBoxSvr\machine_malware;windows_meterpreter_reverse_https.exeUPX2;Copia de seguridad creada;Troyano;Alta;Parcial;TFM-VI\V;Usuario activo
Hoy, 5/28/2026 3:03:40 AM;\\VBoxSvr\machine_malware\windows_meterpreter_reverse_tcp.exeUPX2;Detectados;Objeto malicioso detectado;HEUR:Trojan.Win32.Generic;Hash;Archivo;\\VBoxSvr\machine_malware;windows_meterpreter_reverse_tcp.exeUPX2;Detectados;Troyano;Alta;Parcial;TFM-VI\V;Usuario activo
Hoy, 5/28/2026 3:03:41 AM;\\VBoxSvr\machine_malware\windows_shell_reverse_tcp_rc4.exeUPX2;Detectados;Objeto malicioso detectado;HEUR:Trojan.Win32.Generic;Hash;Archivo;\\VBoxSvr\machine_malware;windows_shell_reverse_tcp_rc4.exeUPX2;Detectados;Troyano;Alta;Parcial;TFM-VI\V;Usuario activo
Hoy, 5/28/2026 3:03:40 AM;\\VBoxSvr\machine_malware\windows_meterpreter_reverse_tcp.exeUPX2;Eliminado;Objeto eliminado;HEUR:Trojan.Win32.Generic;;Archivo;\\VBoxSvr\machine_malware;windows_meterpreter_reverse_tcp.exeUPX2;Eliminado;Troyano;Alta;Parcial;TFM-VI\V;Usuario activo
Hoy, 5/28/2026 3:03:41 AM;\\VBoxSvr\machine_malware\windows_shell_reverse_tcp_rc4.exeUPX2;Eliminado;Objeto eliminado;HEUR:Trojan.Win32.Generic;;Archivo;\\VBoxSvr\machine_malware;windows_shell_reverse_tcp_rc4.exeUPX2;Eliminado;Troyano;Alta;Parcial;TFM-VI\V;Usuario activo
Hoy, 5/28/2026 3:03:40 AM;\\VBoxSvr\machine_malware\windows_meterpreter_reverse_tcp.exeUPX2;Copia de seguridad creada;Se ha creado una copia de seguridad del objeto;HEUR:Trojan.Win32.Generic;;Archivo;\\VBoxSvr\machine_malware;windows_meterpreter_reverse_tcp.exeUPX2;Copia de seguridad creada;Troyano;Alta;Parcial;TFM-VI\V;Usuario activo
Hoy, 5/28/2026 3:03:41 AM;\\VBoxSvr\machine_malware\windows_shell_reverse_tcp_rc4.exeUPX2;Copia de seguridad creada;Se ha creado una copia de seguridad del objeto;HEUR:Trojan.Win32.Generic;;Archivo;\\VBoxSvr\machine_malware;windows_shell_reverse_tcp_rc4.exeUPX2;Copia de seguridad creada;Troyano;Alta;Parcial;TFM-VI\V;Usuario activo
Hoy, 5/28/2026 3:03:43 AM;\\VBoxSvr\machine_malware\windows_meterpreter_bind_tcp.exeUPX2;Detectados;Objeto malicioso detectado;HEUR:Trojan.Win32.Generic;Hash;Archivo;\\VBoxSvr\machine_malware;windows_meterpreter_bind_tcp.exeUPX2;Detectados;Troyano;Alta;Parcial;TFM-VI\V;Usuario activo
Hoy, 5/28/2026 3:03:44 AM;\\VBoxSvr\machine_malware\windows_meterpreter_bind_tcp.exeUPX2;Eliminado;Objeto eliminado;HEUR:Trojan.Win32.Generic;;Archivo;\\VBoxSvr\machine_malware;windows_meterpreter_bind_tcp.exeUPX2;Eliminado;Troyano;Alta;Parcial;TFM-VI\V;Usuario activo
Hoy, 5/28/2026 3:03:43 AM;\\VBoxSvr\machine_malware\windows_meterpreter_bind_tcp.exeUPX2;Copia de seguridad creada;Se ha creado una copia de seguridad del objeto;HEUR:Trojan.Win32.Generic;;Archivo;\\VBoxSvr\machine_malware;windows_meterpreter_bind_tcp.exeUPX2;Copia de seguridad creada;Troyano;Alta;Parcial;TFM-VI\V;Usuario activo
Hoy, 5/28/2026 3:03:45 AM;\\VBoxSvr\machine_malware\windows_encrypted_shell_reverse_tcp.exeUPX0;Detectados;Objeto malicioso detectado;HEUR:Trojan.Win32.Generic;Hash;Archivo;\\VBoxSvr\machine_malware;windows_encrypted_shell_reverse_tcp.exeUPX0;Detectados;Troyano;Alta;Parcial;TFM-VI\V;Usuario activo
Hoy, 5/28/2026 3:03:45 AM;\\VBoxSvr\machine_malware\windows_shell_bind_tcp.exe;Detectados;Objeto malicioso detectado;HEUR:Trojan.Win32.Generic;Hash;Archivo;\\VBoxSvr\machine_malware;windows_shell_bind_tcp.exe;Detectados;Troyano;Alta;Parcial;TFM-VI\V;Usuario activo
Hoy, 5/28/2026 3:03:45 AM;\\VBoxSvr\machine_malware\windows_pingback_bind_tcp.exeUPX0UPX2;Detectados;Objeto malicioso detectado;HEUR:Trojan.Win32.Generic;Hash;Archivo;\\VBoxSvr\machine_malware;windows_pingback_bind_tcp.exeUPX0UPX2;Detectados;Troyano;Alta;Parcial;TFM-VI\V;Usuario activo
Hoy, 5/28/2026 3:03:45 AM;\\VBoxSvr\machine_malware\windows_encrypted_shell_reverse_tcp.exeUPX0;Eliminado;Objeto eliminado;HEUR:Trojan.Win32.Generic;;Archivo;\\VBoxSvr\machine_malware;windows_encrypted_shell_reverse_tcp.exeUPX0;Eliminado;Troyano;Alta;Parcial;TFM-VI\V;Usuario activo
Hoy, 5/28/2026 3:03:45 AM;\\VBoxSvr\machine_malware\windows_shell_bind_tcp.exe;Eliminado;Objeto eliminado;HEUR:Trojan.Win32.Generic;;Archivo;\\VBoxSvr\machine_malware;windows_shell_bind_tcp.exe;Eliminado;Troyano;Alta;Parcial;TFM-VI\V;Usuario activo
Hoy, 5/28/2026 3:03:45 AM;\\VBoxSvr\machine_malware\windows_encrypted_shell_reverse_tcp.exeUPX0;Copia de seguridad creada;Se ha creado una copia de seguridad del objeto;HEUR:Trojan.Win32.Generic;;Archivo;\\VBoxSvr\machine_malware;windows_encrypted_shell_reverse_tcp.exeUPX0;Copia de seguridad creada;Troyano;Alta;Parcial;TFM-VI\V;Usuario activo
Hoy, 5/28/2026 3:03:45 AM;\\VBoxSvr\machine_malware\windows_shell_bind_tcp.exe;Copia de seguridad creada;Se ha creado una copia de seguridad del objeto;HEUR:Trojan.Win32.Generic;;Archivo;\\VBoxSvr\machine_malware;windows_shell_bind_tcp.exe;Copia de seguridad creada;Troyano;Alta;Parcial;TFM-VI\V;Usuario activo
Hoy, 5/28/2026 3:03:45 AM;\\VBoxSvr\machine_malware\windows_pingback_bind_tcp.exeUPX0UPX2;Copia de seguridad creada;Se ha creado una copia de seguridad del objeto;HEUR:Trojan.Win32.Generic;;Archivo;\\VBoxSvr\machine_malware;windows_pingback_bind_tcp.exeUPX0UPX2;Copia de seguridad creada;Troyano;Alta;Parcial;TFM-VI\V;Usuario activo
Hoy, 5/28/2026 3:03:46 AM;\\VBoxSvr\machine_malware\windows_exec.exeUPX0;Detectados;Objeto malicioso detectado;HEUR:Trojan.Win32.Generic;Hash;Archivo;\\VBoxSvr\machine_malware;windows_exec.exeUPX0;Detectados;Troyano;Alta;Análisis heurístico;TFM-VI\V;Usuario activo
Hoy, 5/28/2026 3:03:45 AM;\\VBoxSvr\machine_malware\windows_pingback_bind_tcp.exeUPX0UPX2;Eliminado;Objeto eliminado;HEUR:Trojan.Win32.Generic;;Archivo;\\VBoxSvr\machine_malware;windows_pingback_bind_tcp.exeUPX0UPX2;Eliminado;Troyano;Alta;Parcial;TFM-VI\V;Usuario activo
Hoy, 5/28/2026 3:03:46 AM;\\VBoxSvr\machine_malware\windows_exec.exeUPX0;Copia de seguridad creada;Se ha creado una copia de seguridad del objeto;HEUR:Trojan.Win32.Generic;;Archivo;\\VBoxSvr\machine_malware;windows_exec.exeUPX0;Copia de seguridad creada;Troyano;Alta;Análisis heurístico;TFM-VI\V;Usuario activo
Hoy, 5/28/2026 3:03:47 AM;\\VBoxSvr\machine_malware\windows_exec.exeUPX0;Eliminado;Objeto eliminado;HEUR:Trojan.Win32.Generic;;Archivo;\\VBoxSvr\machine_malware;windows_exec.exeUPX0;Eliminado;Troyano;Alta;Análisis heurístico;TFM-VI\V;Usuario activo
Hoy, 5/28/2026 3:03:49 AM;\\VBoxSvr\machine_malware\windows_exec.exeUPX2;Detectados;Objeto malicioso detectado;HEUR:Trojan.Win32.Generic;Hash;Archivo;\\VBoxSvr\machine_malware;windows_exec.exeUPX2;Detectados;Troyano;Alta;Análisis heurístico;TFM-VI\V;Usuario activo
Hoy, 5/28/2026 3:03:49 AM;\\VBoxSvr\machine_malware\windows_exec.exeUPX2;Copia de seguridad creada;Se ha creado una copia de seguridad del objeto;HEUR:Trojan.Win32.Generic;;Archivo;\\VBoxSvr\machine_malware;windows_exec.exeUPX2;Copia de seguridad creada;Troyano;Alta;Análisis heurístico;TFM-VI\V;Usuario activo
Hoy, 5/28/2026 3:03:49 AM;\\VBoxSvr\machine_malware\windows_exec.exeUPX2;Eliminado;Objeto eliminado;HEUR:Trojan.Win32.Generic;;Archivo;\\VBoxSvr\machine_malware;windows_exec.exeUPX2;Eliminado;Troyano;Alta;Análisis heurístico;TFM-VI\V;Usuario activo
Hoy, 5/28/2026 3:03:50 AM;\\VBoxSvr\machine_malware\windows_shell_bind_tcp.exeUPX2;Detectados;Objeto malicioso detectado;HEUR:Trojan.Win32.Generic;Hash;Archivo;\\VBoxSvr\machine_malware;windows_shell_bind_tcp.exeUPX2;Detectados;Troyano;Alta;Parcial;TFM-VI\V;Usuario activo
Hoy, 5/28/2026 3:03:51 AM;\\VBoxSvr\machine_malware\windows_shell_hidden_bind_tcp.exeUPX2;Detectados;Objeto malicioso detectado;HEUR:Trojan.Win32.Generic;Hash;Archivo;\\VBoxSvr\machine_malware;windows_shell_hidden_bind_tcp.exeUPX2;Detectados;Troyano;Alta;Parcial;TFM-VI\V;Usuario activo
Hoy, 5/28/2026 3:03:50 AM;\\VBoxSvr\machine_malware\windows_shell_bind_tcp.exeUPX2;Eliminado;Objeto eliminado;HEUR:Trojan.Win32.Generic;;Archivo;\\VBoxSvr\machine_malware;windows_shell_bind_tcp.exeUPX2;Eliminado;Troyano;Alta;Parcial;TFM-VI\V;Usuario activo
Hoy, 5/28/2026 3:03:51 AM;\\VBoxSvr\machine_malware\windows_shell_hidden_bind_tcp.exeUPX2;Eliminado;Objeto eliminado;HEUR:Trojan.Win32.Generic;;Archivo;\\VBoxSvr\machine_malware;windows_shell_hidden_bind_tcp.exeUPX2;Eliminado;Troyano;Alta;Parcial;TFM-VI\V;Usuario activo
Hoy, 5/28/2026 3:03:50 AM;\\VBoxSvr\machine_malware\windows_shell_bind_tcp.exeUPX2;Copia de seguridad creada;Se ha creado una copia de seguridad del objeto;HEUR:Trojan.Win32.Generic;;Archivo;\\VBoxSvr\machine_malware;windows_shell_bind_tcp.exeUPX2;Copia de seguridad creada;Troyano;Alta;Parcial;TFM-VI\V;Usuario activo
Hoy, 5/28/2026 3:03:51 AM;\\VBoxSvr\machine_malware\windows_shell_hidden_bind_tcp.exeUPX2;Copia de seguridad creada;Se ha creado una copia de seguridad del objeto;HEUR:Trojan.Win32.Generic;;Archivo;\\VBoxSvr\machine_malware;windows_shell_hidden_bind_tcp.exeUPX2;Copia de seguridad creada;Troyano;Alta;Parcial;TFM-VI\V;Usuario activo
Hoy, 5/28/2026 3:03:51 AM;\\VBoxSvr\machine_malware\windows_shell_bind_hidden_ipknock_tcp.exe;Detectados;Objeto malicioso detectado;HEUR:Trojan.Win32.Generic;Hash;Archivo;\\VBoxSvr\machine_malware;windows_shell_bind_hidden_ipknock_tcp.exe;Detectados;Troyano;Alta;Parcial;TFM-VI\V;Usuario activo
Hoy, 5/28/2026 3:03:51 AM;\\VBoxSvr\machine_malware\windows_shell_bind_hidden_ipknock_tcp.exe;Eliminado;Objeto eliminado;HEUR:Trojan.Win32.Generic;;Archivo;\\VBoxSvr\machine_malware;windows_shell_bind_hidden_ipknock_tcp.exe;Eliminado;Troyano;Alta;Parcial;TFM-VI\V;Usuario activo
Hoy, 5/28/2026 3:03:51 AM;\\VBoxSvr\machine_malware\windows_shell_bind_hidden_ipknock_tcp.exe;Copia de seguridad creada;Se ha creado una copia de seguridad del objeto;HEUR:Trojan.Win32.Generic;;Archivo;\\VBoxSvr\machine_malware;windows_shell_bind_hidden_ipknock_tcp.exe;Copia de seguridad creada;Troyano;Alta;Parcial;TFM-VI\V;Usuario activo
Hoy, 5/28/2026 3:03:52 AM;\\VBoxSvr\machine_malware\windows_powershell_bind_tcp.exeUPX0;Detectados;Objeto malicioso detectado;HEUR:Trojan.Win32.Generic;Hash;Archivo;\\VBoxSvr\machine_malware;windows_powershell_bind_tcp.exeUPX0;Detectados;Troyano;Alta;Análisis heurístico;TFM-VI\V;Usuario activo
Hoy, 5/28/2026 3:03:53 AM;\\VBoxSvr\machine_malware\windows_shell_hidden_bind_tcp.exe;Detectados;Objeto malicioso detectado;HEUR:Trojan.Win32.Generic;Hash;Archivo;\\VBoxSvr\machine_malware;windows_shell_hidden_bind_tcp.exe;Detectados;Troyano;Alta;Parcial;TFM-VI\V;Usuario activo
Hoy, 5/28/2026 3:03:52 AM;\\VBoxSvr\machine_malware\windows_powershell_bind_tcp.exeUPX0;Eliminado;Objeto eliminado;HEUR:Trojan.Win32.Generic;;Archivo;\\VBoxSvr\machine_malware;windows_powershell_bind_tcp.exeUPX0;Eliminado;Troyano;Alta;Análisis heurístico;TFM-VI\V;Usuario activo
Hoy, 5/28/2026 3:03:53 AM;\\VBoxSvr\machine_malware\windows_shell_hidden_bind_tcp.exe;Eliminado;Objeto eliminado;HEUR:Trojan.Win32.Generic;;Archivo;\\VBoxSvr\machine_malware;windows_shell_hidden_bind_tcp.exe;Eliminado;Troyano;Alta;Parcial;TFM-VI\V;Usuario activo
Hoy, 5/28/2026 3:03:52 AM;\\VBoxSvr\machine_malware\windows_powershell_bind_tcp.exeUPX0;Copia de seguridad creada;Se ha creado una copia de seguridad del objeto;HEUR:Trojan.Win32.Generic;;Archivo;\\VBoxSvr\machine_malware;windows_powershell_bind_tcp.exeUPX0;Copia de seguridad creada;Troyano;Alta;Análisis heurístico;TFM-VI\V;Usuario activo
Hoy, 5/28/2026 3:03:53 AM;\\VBoxSvr\machine_malware\windows_shell_hidden_bind_tcp.exe;Copia de seguridad creada;Se ha creado una copia de seguridad del objeto;HEUR:Trojan.Win32.Generic;;Archivo;\\VBoxSvr\machine_malware;windows_shell_hidden_bind_tcp.exe;Copia de seguridad creada;Troyano;Alta;Parcial;TFM-VI\V;Usuario activo
Hoy, 5/28/2026 3:03:53 AM;\\VBoxSvr\machine_malware\windows_encrypted_shell_reverse_tcp.exeUPX0UPX2;Detectados;Objeto malicioso detectado;HEUR:Trojan.Win32.Generic;Hash;Archivo;\\VBoxSvr\machine_malware;windows_encrypted_shell_reverse_tcp.exeUPX0UPX2;Detectados;Troyano;Alta;Parcial;TFM-VI\V;Usuario activo
Hoy, 5/28/2026 3:03:53 AM;\\VBoxSvr\machine_malware\windows_encrypted_shell_reverse_tcp.exeUPX0UPX2;Eliminado;Objeto eliminado;HEUR:Trojan.Win32.Generic;;Archivo;\\VBoxSvr\machine_malware;windows_encrypted_shell_reverse_tcp.exeUPX0UPX2;Eliminado;Troyano;Alta;Parcial;TFM-VI\V;Usuario activo
Hoy, 5/28/2026 3:03:53 AM;\\VBoxSvr\machine_malware\windows_encrypted_shell_reverse_tcp.exeUPX0UPX2;Copia de seguridad creada;Se ha creado una copia de seguridad del objeto;HEUR:Trojan.Win32.Generic;;Archivo;\\VBoxSvr\machine_malware;windows_encrypted_shell_reverse_tcp.exeUPX0UPX2;Copia de seguridad creada;Troyano;Alta;Parcial;TFM-VI\V;Usuario activo
Hoy, 5/28/2026 3:03:54 AM;\\VBoxSvr\machine_malware\windows_meterpreter_bind_tcp.exe;Detectados;Objeto malicioso detectado;HEUR:Trojan.Win32.Generic;Hash;Archivo;\\VBoxSvr\machine_malware;windows_meterpreter_bind_tcp.exe;Detectados;Troyano;Alta;Parcial;TFM-VI\V;Usuario activo
Hoy, 5/28/2026 3:03:54 AM;\\VBoxSvr\machine_malware\windows_meterpreter_bind_tcp.exe;Eliminado;Objeto eliminado;HEUR:Trojan.Win32.Generic;;Archivo;\\VBoxSvr\machine_malware;windows_meterpreter_bind_tcp.exe;Eliminado;Troyano;Alta;Parcial;TFM-VI\V;Usuario activo
Hoy, 5/28/2026 3:03:54 AM;\\VBoxSvr\machine_malware\windows_meterpreter_bind_tcp.exe;Copia de seguridad creada;Se ha creado una copia de seguridad del objeto;HEUR:Trojan.Win32.Generic;;Archivo;\\VBoxSvr\machine_malware;windows_meterpreter_bind_tcp.exe;Copia de seguridad creada;Troyano;Alta;Parcial;TFM-VI\V;Usuario activo
Hoy, 5/28/2026 3:03:54 AM;\\VBoxSvr\machine_malware\windows_meterpreter_bind_tcp.exeUPX0;Detectados;Objeto malicioso detectado;HEUR:Trojan.Win32.Generic;Hash;Archivo;\\VBoxSvr\machine_malware;windows_meterpreter_bind_tcp.exeUPX0;Detectados;Troyano;Alta;Parcial;TFM-VI\V;Usuario activo
Hoy, 5/28/2026 3:03:55 AM;\\VBoxSvr\machine_malware\windows_meterpreter_bind_tcp.exeUPX0;Eliminado;Objeto eliminado;HEUR:Trojan.Win32.Generic;;Archivo;\\VBoxSvr\machine_malware;windows_meterpreter_bind_tcp.exeUPX0;Eliminado;Troyano;Alta;Parcial;TFM-VI\V;Usuario activo
Hoy, 5/28/2026 3:03:54 AM;\\VBoxSvr\machine_malware\windows_meterpreter_bind_tcp.exeUPX0;Copia de seguridad creada;Se ha creado una copia de seguridad del objeto;HEUR:Trojan.Win32.Generic;;Archivo;\\VBoxSvr\machine_malware;windows_meterpreter_bind_tcp.exeUPX0;Copia de seguridad creada;Troyano;Alta;Parcial;TFM-VI\V;Usuario activo
Hoy, 5/28/2026 3:03:55 AM;\\VBoxSvr\machine_malware\windows_encrypted_shell_reverse_tcp.exeUPX2;Detectados;Objeto malicioso detectado;HEUR:Trojan.Win32.Generic;Hash;Archivo;\\VBoxSvr\machine_malware;windows_encrypted_shell_reverse_tcp.exeUPX2;Detectados;Troyano;Alta;Parcial;TFM-VI\V;Usuario activo
Hoy, 5/28/2026 3:03:55 AM;\\VBoxSvr\machine_malware\windows_encrypted_shell_reverse_tcp.exeUPX2;Eliminado;Objeto eliminado;HEUR:Trojan.Win32.Generic;;Archivo;\\VBoxSvr\machine_malware;windows_encrypted_shell_reverse_tcp.exeUPX2;Eliminado;Troyano;Alta;Parcial;TFM-VI\V;Usuario activo
Hoy, 5/28/2026 3:03:55 AM;\\VBoxSvr\machine_malware\windows_encrypted_shell_reverse_tcp.exeUPX2;Copia de seguridad creada;Se ha creado una copia de seguridad del objeto;HEUR:Trojan.Win32.Generic;;Archivo;\\VBoxSvr\machine_malware;windows_encrypted_shell_reverse_tcp.exeUPX2;Copia de seguridad creada;Troyano;Alta;Parcial;TFM-VI\V;Usuario activo
Hoy, 5/28/2026 3:03:56 AM;\\VBoxSvr\machine_malware\windows_meterpreter_bind_tcp.exeUPX0UPX2;Detectados;Objeto malicioso detectado;HEUR:Trojan.Win32.Generic;Hash;Archivo;\\VBoxSvr\machine_malware;windows_meterpreter_bind_tcp.exeUPX0UPX2;Detectados;Troyano;Alta;Parcial;TFM-VI\V;Usuario activo
Hoy, 5/28/2026 3:03:57 AM;\\VBoxSvr\machine_malware\windows_shell_bind_tcp.exeUPX0UPX2;Detectados;Objeto malicioso detectado;HEUR:Trojan.Win32.Generic;Hash;Archivo;\\VBoxSvr\machine_malware;windows_shell_bind_tcp.exeUPX0UPX2;Detectados;Troyano;Alta;Parcial;TFM-VI\V;Usuario activo
Hoy, 5/28/2026 3:03:56 AM;\\VBoxSvr\machine_malware\windows_meterpreter_bind_tcp.exeUPX0UPX2;Eliminado;Objeto eliminado;HEUR:Trojan.Win32.Generic;;Archivo;\\VBoxSvr\machine_malware;windows_meterpreter_bind_tcp.exeUPX0UPX2;Eliminado;Troyano;Alta;Parcial;TFM-VI\V;Usuario activo
Hoy, 5/28/2026 3:03:57 AM;\\VBoxSvr\machine_malware\windows_shell_bind_tcp.exeUPX0UPX2;Eliminado;Objeto eliminado;HEUR:Trojan.Win32.Generic;;Archivo;\\VBoxSvr\machine_malware;windows_shell_bind_tcp.exeUPX0UPX2;Eliminado;Troyano;Alta;Parcial;TFM-VI\V;Usuario activo
Hoy, 5/28/2026 3:03:56 AM;\\VBoxSvr\machine_malware\windows_meterpreter_bind_tcp.exeUPX0UPX2;Copia de seguridad creada;Se ha creado una copia de seguridad del objeto;HEUR:Trojan.Win32.Generic;;Archivo;\\VBoxSvr\machine_malware;windows_meterpreter_bind_tcp.exeUPX0UPX2;Copia de seguridad creada;Troyano;Alta;Parcial;TFM-VI\V;Usuario activo
Hoy, 5/28/2026 3:03:57 AM;\\VBoxSvr\machine_malware\windows_shell_bind_tcp.exeUPX0UPX2;Copia de seguridad creada;Se ha creado una copia de seguridad del objeto;HEUR:Trojan.Win32.Generic;;Archivo;\\VBoxSvr\machine_malware;windows_shell_bind_tcp.exeUPX0UPX2;Copia de seguridad creada;Troyano;Alta;Parcial;TFM-VI\V;Usuario activo
Hoy, 5/28/2026 3:03:57 AM;\\VBoxSvr\machine_malware\windows_encrypted_shell_reverse_tcp.exe;Detectados;Objeto malicioso detectado;HEUR:Trojan.Win32.Generic;Hash;Archivo;\\VBoxSvr\machine_malware;windows_encrypted_shell_reverse_tcp.exe;Detectados;Troyano;Alta;Parcial;TFM-VI\V;Usuario activo
Hoy, 5/28/2026 3:03:58 AM;\\VBoxSvr\machine_malware\windows_encrypted_shell_reverse_tcp.exe;Eliminado;Objeto eliminado;HEUR:Trojan.Win32.Generic;;Archivo;\\VBoxSvr\machine_malware;windows_encrypted_shell_reverse_tcp.exe;Eliminado;Troyano;Alta;Parcial;TFM-VI\V;Usuario activo
Hoy, 5/28/2026 3:03:57 AM;\\VBoxSvr\machine_malware\windows_encrypted_shell_reverse_tcp.exe;Copia de seguridad creada;Se ha creado una copia de seguridad del objeto;HEUR:Trojan.Win32.Generic;;Archivo;\\VBoxSvr\machine_malware;windows_encrypted_shell_reverse_tcp.exe;Copia de seguridad creada;Troyano;Alta;Parcial;TFM-VI\V;Usuario activo
Hoy, 5/28/2026 3:04:15 AM;\\VBoxSvr\machine_malware\windows_meterpreter_reverse_http.exeUPX0UPX2;Detectados;Objeto malicioso detectado;HEUR:Trojan.Win32.Generic;Hash;Archivo;\\VBoxSvr\machine_malware;windows_meterpreter_reverse_http.exeUPX0UPX2;Detectados;Troyano;Alta;Parcial;TFM-VI\V;Usuario activo
Hoy, 5/28/2026 3:04:15 AM;\\VBoxSvr\machine_malware\windows_meterpreter_reverse_http.exeUPX0UPX2;Eliminado;Objeto eliminado;HEUR:Trojan.Win32.Generic;;Archivo;\\VBoxSvr\machine_malware;windows_meterpreter_reverse_http.exeUPX0UPX2;Eliminado;Troyano;Alta;Parcial;TFM-VI\V;Usuario activo
Hoy, 5/28/2026 3:04:15 AM;\\VBoxSvr\machine_malware\windows_meterpreter_reverse_http.exeUPX0UPX2;Copia de seguridad creada;Se ha creado una copia de seguridad del objeto;HEUR:Trojan.Win32.Generic;;Archivo;\\VBoxSvr\machine_malware;windows_meterpreter_reverse_http.exeUPX0UPX2;Copia de seguridad creada;Troyano;Alta;Parcial;TFM-VI\V;Usuario activo
Hoy, 5/28/2026 3:04:35 AM;\\VBoxSvr\machine_malware\windows_meterpreter_reverse_https.exe;Detectados;Objeto malicioso detectado;HEUR:Trojan.Win32.Generic;Hash;Archivo;\\VBoxSvr\machine_malware;windows_meterpreter_reverse_https.exe;Detectados;Troyano;Alta;Parcial;TFM-VI\V;Usuario activo
Hoy, 5/28/2026 3:04:35 AM;\\VBoxSvr\machine_malware\windows_meterpreter_reverse_https.exe;Eliminado;Objeto eliminado;HEUR:Trojan.Win32.Generic;;Archivo;\\VBoxSvr\machine_malware;windows_meterpreter_reverse_https.exe;Eliminado;Troyano;Alta;Parcial;TFM-VI\V;Usuario activo
Hoy, 5/28/2026 3:04:35 AM;\\VBoxSvr\machine_malware\windows_meterpreter_reverse_https.exe;Copia de seguridad creada;Se ha creado una copia de seguridad del objeto;HEUR:Trojan.Win32.Generic;;Archivo;\\VBoxSvr\machine_malware;windows_meterpreter_reverse_https.exe;Copia de seguridad creada;Troyano;Alta;Parcial;TFM-VI\V;Usuario activo
Hoy, 5/28/2026 2:40:20 AM;;Tarea terminada;Tarea terminada;;;;;;;;;;TFM-VI\V;Usuario activo
Hoy, 5/28/2026 2:40:20 AM;;Tarea terminada;Tarea terminada;;;;;;;;;;TFM-VI\V;Usuario activo
Hoy, 5/28/2026 3:04:35 AM;;Tarea terminada;Tarea terminada;;;;;;;;;;TFM-VI\V;Usuario activo
Hoy, 5/28/2026 2:37:39 AM;;Tarea iniciada;Tarea iniciada;;;;;;;;;;TFM-VI\V;Usuario activo
Hoy, 5/28/2026 2:37:39 AM;;Tarea iniciada;Tarea iniciada;;;;;;;;;;TFM-VI\V;Usuario activo
Hoy, 5/28/2026 2:59:34 AM;;Tarea iniciada;Tarea iniciada;;;;;;;;;;TFM-VI\V;Usuario activo
Hoy, 5/28/2026 2:40:20 AM;;;El análisis se ha completado. No hay amenazas activas;;;;;;;;;;TFM-VI\V;Iniciador
Hoy, 5/28/2026 2:40:20 AM;;;El análisis se ha completado. No hay amenazas activas;;;;;;;;;;TFM-VI\V;Iniciador
Hoy, 5/28/2026 3:04:35 AM;;;El análisis se ha completado. No hay amenazas activas;;;;;;;;;;TFM-VI\V;Iniciador
